run_id,asset,unit,layer,step,status,detail,score_function,admissible,max_load_over_balanced,dead_experts,token_sha256,dump_path,dual_0,dual_1,dual_2,dual_3,dual_4,dual_5,dual_6,dual_7,dual_8,dual_9,dual_10,dual_11,dual_12,dual_13,dual_14,dual_15,dual_16,dual_17,dual_18,dual_19,dual_20,dual_21,dual_22,dual_23,dual_24,dual_25,dual_26,dual_27,dual_28,dual_29,dual_30,dual_31,dual_32,dual_33,dual_34,dual_35,dual_36,dual_37,dual_38,dual_39,dual_40,dual_41,dual_42,dual_43,dual_44,dual_45,dual_46,dual_47,dual_48,dual_49,dual_50,dual_51,dual_52,dual_53,dual_54,dual_55,dual_56,dual_57,dual_58,dual_59,dual_60,dual_61,dual_62,dual_63
a,standing_climbmix_small_16x2048,u0,2,0,ok,,sigmoid,True,1.53662109375,0,327ac72122af52ba52ccc40efcfba74fd77f3459a5b820e149a966c6e9cc38a7,artifacts/exp1/crossprobe/a_tail/probes/iter_0000000.npz,-0.039746411610394716,-0.03698747977614403,-0.038260641507804394,-0.03923076391220093,-0.03966886969283223,-0.019995706155896187,-0.02126776147633791,-0.04231750685721636,-0.020266232080757618,-0.026738409884274006,-0.029418833553791046,-0.03442918509244919,-0.025920954532921314,-0.023219989612698555,-0.025894397869706154,-0.03428790345788002,-0.17710599768906832,-0.03296228777617216,-0.02847022470086813,-0.017822245601564646,-0.025721998885273933,-0.03397898096591234,-0.03227552957832813,-0.02870556339621544,-0.03549540601670742,-0.021575546823441982,-0.02100792806595564,-0.03253710176795721,-0.028557256795465946,-0.0386635554023087,-0.03875734005123377,-0.0435474868863821,-0.02223067358136177,-0.028476512990891933,-0.020759426057338715,-0.046735682524740696,-0.02836676361039281,-0.03102392517030239,-0.025359335355460644,-0.018077040556818247,-0.026165487244725227,-0.06391572300344706,-0.017811814323067665,-0.030173505190759897,-0.03710561525076628,-0.039431776851415634,-0.022000685334205627,-0.057643549516797066,-0.032695564441382885,-0.04197504743933678,-0.016201871447265148,-0.03655037842690945,-0.03969770297408104,-0.025809244718402624,-0.027627181261777878,-0.02877628430724144,-0.022683676797896624,-0.030568746849894524,-0.08016709890216589,-0.04117730725556612,-0.022983898408710957,-0.02762726740911603,-0.04813113156706095,-0.02700381586328149
a,standing_climbmix_small_16x2048,u0,3,0,ok,,sigmoid,True,1.580078125,0,327ac72122af52ba52ccc40efcfba74fd77f3459a5b820e149a966c6e9cc38a7,artifacts/exp1/crossprobe/a_tail/probes/iter_0000000.npz,-0.028181481175124645,-0.03062261827290058,-0.016739994985982776,-0.01704219332896173,-0.03191157151013613,-0.028189576463773847,-0.030007492750883102,-0.019704964943230152,-0.029215839225798845,-0.032404881436377764,-0.020247789099812508,-0.019517694134265184,-0.023356772027909756,-0.019434313289821148,-0.020371709717437625,-0.018604006618261337,-0.018483821535483003,-0.017934145405888557,-0.03165534441359341,-0.016633975552394986,-0.01922290399670601,-0.034124207217246294,-0.01689280802384019,-0.04371319222263992,-0.01583665143698454,-0.019343586172908545,-0.026859130011871457,-0.027147941756993532,-0.041839574463665485,-0.041248038643971086,-0.01839176448993385,-0.027251153253018856,-0.018923114286735654,-0.026113800471648574,-0.03704184526577592,-0.01563530624844134,-0.02237271796911955,-0.01564649655483663,-0.041355902096256614,-0.025366411544382572,-0.033476468874141574,-0.043098692782223225,-0.04510847758501768,-0.024647747399285436,-0.026806410402059555,-0.05118843028321862,-0.028234693221747875,-0.019363688305020332,-0.014939341228455305,-0.01929034315980971,-0.03325338801369071,-0.026990978978574276,-0.039040346164256334,-0.03479157481342554,-0.027843259973451495,-0.03473669942468405,-0.021884114481508732,-0.023023071000352502,-0.02529433462768793,-0.017315221717581153,-0.03741904580965638,-0.04019039170816541,-0.017570221796631813,-0.02989635872654617
a,standing_climbmix_small_16x2048,u0,4,0,ok,,sigmoid,True,1.8583984375,0,327ac72122af52ba52ccc40efcfba74fd77f3459a5b820e149a966c6e9cc38a7,artifacts/exp1/crossprobe/a_tail/probes/iter_0000000.npz,-0.03189533483237028,-0.01739066932350397,-0.02864046418108046,-0.03266900242306292,-0.022176075726747513,-0.018445854308083653,-0.018556063761934638,-0.027389266528189182,-0.025939736515283585,-0.027526399353519082,-0.036027283407747746,-0.015115603571757674,-0.02077225618995726,-0.020119170658290386,-0.018513157265260816,-0.023746885592117906,-0.021550009958446026,-0.022403703536838293,-0.01902775396592915,-0.03067821334116161,-0.014514746144413948,-0.021868287585675716,-0.026039482094347477,-0.022162591107189655,-0.03316462133079767,-0.03888255381025374,-0.03272015298716724,-0.04049394093453884,-0.01255009532906115,-0.023230147548019886,-0.03757582698017359,-0.015893109142780304,-0.02329561999067664,-0.012920192442834377,-0.024934627348557115,-0.026488266419619322,-0.012959457002580166,-0.03130943072028458,-0.026121672242879868,-0.01257705525495112,-0.027824620716273785,-0.020901459036394954,-0.03111281036399305,-0.024002921069040895,-0.012005656491965055,-0.01724711526185274,-0.019975956762209535,-0.01883212965913117,-0.028248669812455773,-0.0157486901152879,-0.03313476103357971,-0.024252956034615636,-0.02353161876089871,-0.03481782064773142,-0.027124260552227497,-0.04009048221632838,-0.021992858732119203,-0.013649983331561089,-0.016766873421147466,-0.023635645862668753,-0.03382609155960381,-0.048099297331646085,-0.014012234285473824,-0.03619312332011759
a,standing_climbmix_small_16x2048,u0,5,0,ok,,sigmoid,True,1.78955078125,0,327ac72122af52ba52ccc40efcfba74fd77f3459a5b820e149a966c6e9cc38a7,artifacts/exp1/crossprobe/a_tail/probes/iter_0000000.npz,-0.016917158383876085,-0.021932769333943725,-0.021304434165358543,-0.026198840234428644,-0.030495255952700973,-0.028276462107896805,-0.019804902374744415,-0.01269507734104991,-0.01622011698782444,-0.023200502851977944,-0.015283761313185096,-0.02691500633955002,-0.019173392560333014,-0.015010000206530094,-0.053662882186472416,-0.02653552801348269,-0.0167883038520813,-0.020853989757597446,-0.014228163287043571,-0.025646289810538292,-0.013716325396671891,-0.019162854179739952,-0.019448424922302365,-0.01918327435851097,-0.014642516151070595,-0.022159183397889137,-0.05085876048542559,-0.01537511614151299,-0.028206028509885073,-0.02147135278210044,-0.037453975761309266,-0.03684339299798012,-0.04042014270089567,-0.02120677148923278,-0.016923275776207447,-0.03157255984842777,-0.02968313521705568,-0.013144436292350292,-0.020957026863470674,-0.030394472181797028,-0.01683189393952489,-0.011289166985079646,-0.01324287336319685,-0.023915248224511743,-0.015360730001702905,-0.027063408866524696,-0.03339041583240032,-0.014690968440845609,-0.0271170474588871,-0.04317951062694192,-0.022109129931777716,-0.026319226250052452,-0.017995323287323117,-0.020664255833253264,-0.03402889147400856,-0.012311330996453762,-0.057646864326670766,-0.013207280542701483,-0.028424439718946815,-0.025991526897996664,-0.015569383278489113,-0.0145034771412611,-0.01287936046719551,-0.017574344761669636
a,standing_climbmix_small_16x2048,u0,6,0,ok,,sigmoid,True,1.75341796875,0,327ac72122af52ba52ccc40efcfba74fd77f3459a5b820e149a966c6e9cc38a7,artifacts/exp1/crossprobe/a_tail/probes/iter_0000000.npz,-0.022858901880681515,-0.04378239065408707,-0.03781356196850538,-0.03209820110350847,-0.045043966732919216,-0.024278948083519936,-0.01812753453850746,-0.026460284367203712,-0.01659928262233734,-0.019607563503086567,-0.01707544643431902,-0.03041389212012291,-0.015450750011950731,-0.014849117491394281,-0.016237234696745872,-0.019719562493264675,-0.027258831076323986,-0.031582990661263466,-0.029548379592597485,-0.018206351436674595,-0.03145527560263872,-0.015554266981780529,-0.021039375104010105,-0.013053534552454948,-0.01599473087117076,-0.019230900332331657,-0.014771214686334133,-0.03172449907287955,-0.03513063257560134,-0.019826342817395926,-0.017143546603620052,-0.028804480098187923,-0.04526496399194002,-0.0320976241491735,-0.023415873758494854,-0.04050277918577194,-0.030647659208625555,-0.016011466272175312,-0.027058549225330353,-0.03876275522634387,-0.015873233787715435,-0.01616258779540658,-0.03703064192086458,-0.01597547484561801,-0.02854420756921172,-0.027856570668518543,-0.05220446735620499,-0.01928143110126257,-0.04463279154151678,-0.01471719704568386,-0.018698672764003277,-0.018888126127421856,-0.01983777992427349,-0.024153051432222128,-0.0144026018679142,-0.04258762439712882,-0.013530486263334751,-0.01510452851653099,-0.047204794362187386,-0.027034920640289783,-0.022074135951697826,-0.03699017781764269,-0.015517755411565304,-0.02392392512410879
a,standing_climbmix_small_16x2048,u0,7,0,ok,,sigmoid,True,1.9580078125,0,327ac72122af52ba52ccc40efcfba74fd77f3459a5b820e149a966c6e9cc38a7,artifacts/exp1/crossprobe/a_tail/probes/iter_0000000.npz,-0.016610189341008663,-0.05161096062511206,-0.01547241723164916,-0.07468162570148706,-0.016383360140025616,-0.015518242493271828,-0.022708113305270672,-0.07505607744678855,-0.029616271145641804,-0.011894412338733673,-0.012434605974704027,-0.013752751518040895,-0.025169767905026674,-0.015255592297762632,-0.02598783513531089,-0.014843553304672241,-0.028834668919444084,-0.017067700624465942,-0.027887113392353058,-0.013169221580028534,-0.029124499298632145,-0.02543495874851942,-0.059924352914094925,-0.021231613121926785,-0.046805353835225105,-0.04404950328171253,-0.02464554738253355,-0.020294897258281708,-0.0398406945168972,-0.03750882390886545,-0.017375178635120392,-0.03590749390423298,-0.039543567690998316,-0.031448510475456715,-0.03661111369729042,-0.018854997120797634,-0.026476147584617138,-0.014192956034094095,-0.01743466593325138,-0.012991865165531635,-0.02191134262830019,-0.03583631245419383,-0.022289764136075974,-0.023368626832962036,-0.04551587626338005,-0.021871624514460564,-0.021963579580187798,-0.04407790116965771,-0.017037738114595413,-0.01606244407594204,-0.027971917763352394,-0.012624435126781464,-0.03981623612344265,-0.01846639532595873,-0.02290397835895419,-0.014027975499629974,-0.015895024873316288,-0.015824196860194206,-0.01744918106123805,-0.02305488009005785,-0.02987447055056691,-0.03629945684224367,-0.02196789998561144,-0.0192944323644042
a,standing_climbmix_small_16x2048,u0,8,0,ok,,sigmoid,True,2.111328125,0,327ac72122af52ba52ccc40efcfba74fd77f3459a5b820e149a966c6e9cc38a7,artifacts/exp1/crossprobe/a_tail/probes/iter_0000000.npz,-0.037282347679138184,-0.022072254680097103,-0.03277826402336359,-0.03357973415404558,-0.06898779328912497,-0.04120917618274689,-0.018109792843461037,-0.036505889147520065,-0.020571578294038773,-0.01273800153285265,-0.010256001725792885,-0.01699934806674719,-0.015370373614132404,-0.02349075535312295,-0.011264719534665346,-0.01571358647197485,-0.02912715170532465,-0.03132539242506027,-0.013745577074587345,-0.019419253803789616,-0.03303504642099142,-0.017990407766774297,-0.04020159225910902,-0.03703691344708204,-0.05459499638527632,-0.022132222773507237,-0.025593207217752934,-0.028063093312084675,-0.022197885438799858,-0.01342039555311203,-0.01635353034362197,-0.05502559361048043,-0.011704746168106794,-0.0408417247235775,-0.012705422937870026,-0.01613631285727024,-0.030115299858152866,-0.0404057651758194,-0.014979657717049122,-0.02095760451629758,-0.014657754451036453,-0.016964968293905258,-0.04701870121061802,-0.019152547232806683,-0.020820937119424343,-0.03734310995787382,-0.02919746609404683,-0.0371518200263381,-0.01381920836865902,-0.018105805851519108,-0.04324950464069843,-0.015270133502781391,-0.019236641936004162,-0.013789313845336437,-0.017527255229651928,-0.014826416037976742,-0.04569821432232857,-0.01373442355543375,-0.015417991206049919,-0.02898897184059024,-0.01695963181555271,-0.031367975287139416,-0.012393122538924217,-0.0318266786634922
a,standing_climbmix_small_16x2048,u0,9,0,ok,,sigmoid,True,2.07861328125,0,327ac72122af52ba52ccc40efcfba74fd77f3459a5b820e149a966c6e9cc38a7,artifacts/exp1/crossprobe/a_tail/probes/iter_0000000.npz,-0.018404932925477624,-0.036541782319545746,-0.03253215760923922,-0.026519341859966516,-0.030374944675713778,-0.02183608408086002,-0.02734978822991252,-0.010331954807043076,-0.02890129992738366,-0.03463845560327172,-0.02604959928430617,-0.057539677480235696,-0.03553259605541825,-0.019709809683263302,-0.041039601899683475,-0.021765526849776506,-0.014980093808844686,-0.009503474342636764,-0.05723547120578587,-0.09223638591356575,-0.015931483590975404,-0.026382572948932648,-0.011333674192428589,-0.012812464963644743,-0.017571895383298397,-0.010243701748549938,-0.01174363901372999,-0.00908618001267314,-0.012552522122859955,-0.02853218838572502,-0.015195144340395927,-0.014733182732015848,-0.019590950571000576,-0.03308230277616531,-0.043823736952617764,-0.02869378123432398,-0.01410060003399849,-0.0381393083371222,-0.021737695205956697,-0.044222912983968854,-0.05149415135383606,-0.011936069466173649,-0.013990138890221715,-0.044168003369122744,-0.04492945084348321,-0.012534651439636946,-0.02049282193183899,-0.023277851287275553,-0.025027136551216245,-0.02053792867809534,-0.030770480632781982,-0.014540271833539009,-0.06463369959965348,-0.022126469993963838,-0.045643109595403075,-0.02924439124763012,-0.010820836760103703,-0.010730814188718796,-0.016670266399160028,-0.016919330693781376,-0.012211614521220326,-0.03574513737112284,-0.016063574701547623,-0.01046810660045594
a,standing_climbmix_small_strided_16x2048,u0,2,0,ok,,sigmoid,True,2.3046875,0,1b7715b489add65669e28155221f1f100d422a7f5d073e20bb75234e98ff6798,artifacts/exp1/crossprobe/a_strided/probes/iter_0000000.npz,-0.01615987252444029,-0.11916844081133604,-0.03252492193132639,-0.025199419353157282,-0.036376843228936195,-0.020341984927654266,-0.032059306744486094,-0.02930076140910387,-0.022867563646286726,-0.023909530602395535,-0.020497136283665895,-0.07742617418989539,-0.03054548753425479,-0.02678415272384882,-0.048408716917037964,-0.02751984167844057,-0.04081091843545437,-0.03201571339741349,-0.02028781920671463,-0.04036898072808981,-0.01727959979325533,-0.04772516153752804,-0.060384977143257856,-0.02990663656964898,-0.037424529902637005,-0.020250224508345127,-0.018310470040887594,-0.047424869146198034,-0.037552665919065475,-0.020560617092996836,-0.023250513710081577,-0.0364823411218822,-0.027534883003681898,-0.025173627771437168,-0.017851697746664286,-0.02157964464277029,-0.052317517111077905,-0.026994264218956232,-0.03887417400255799,-0.03540236875414848,-0.02702944865450263,-0.03003337373957038,-0.01680510025471449,-0.06157307792454958,-0.023777720984071493,-0.02806395525112748,-0.021620979998260736,-0.028881566133350134,-0.025481593795120716,-0.023547993507236242,-0.015115258749574423,-0.022577408701181412,-0.029860508628189564,-0.022600773721933365,-0.05770691577345133,-0.038712481036782265,-0.021100168116390705,-0.034927035216242075,-0.04103771038353443,-0.0346990660764277,-0.02990427752956748,-0.01742796041071415,-0.04368228930979967,-0.0236054640263319
a,standing_climbmix_small_strided_16x2048,u1,2,0,ok,,sigmoid,True,1.58154296875,0,1b7715b489add65669e28155221f1f100d422a7f5d073e20bb75234e98ff6798,artifacts/exp1/crossprobe/a_strided/probes/iter_0000000.npz,-0.023780952440574765,-0.0440117830876261,-0.04524250887334347,-0.028538917424157262,-0.0353776675183326,-0.01854690653271973,-0.02510119299404323,-0.03649561386555433,-0.020181888015940785,-0.02278005820699036,-0.02250871271826327,-0.03772314637899399,-0.02764316857792437,-0.022802590625360608,-0.02913684048689902,-0.03217477654106915,-0.1539802469778806,-0.03568436694331467,-0.028037940384820104,-0.024731106124818325,-0.026394818210974336,-0.04073019209317863,-0.03289268002845347,-0.02849222649820149,-0.033472948940470815,-0.020869451807811856,-0.020028196508064866,-0.03401691094040871,-0.027417533099651337,-0.03299144306220114,-0.03463033516891301,-0.04811731562949717,-0.024284597719088197,-0.02795173297636211,-0.02084781602025032,-0.03339616977609694,-0.03159472066909075,-0.02924967766739428,-0.03099021245725453,-0.020353782223537564,-0.028453947277739644,-0.05653143464587629,-0.01718833134509623,-0.0407144979108125,-0.036573434015735984,-0.02912455261684954,-0.019502062583342195,-0.04729558085091412,-0.030161814065650105,-0.036922872764989734,-0.015404579928144813,-0.0335974080953747,-0.03703541145659983,-0.022602968849241734,-0.032117538154125214,-0.03879459132440388,-0.019482125528156757,-0.030555122764781117,-0.04016254120506346,-0.046883533941581845,-0.02430385909974575,-0.027397041441872716,-0.04396116826683283,-0.02865625568665564
a,standing_climbmix_small_strided_16x2048,u0,3,0,ok,,sigmoid,False,4.10009765625,0,1b7715b489add65669e28155221f1f100d422a7f5d073e20bb75234e98ff6798,artifacts/exp1/crossprobe/a_strided/probes/iter_0000000.npz,-0.03358089621178806,-0.015820695087313652,-0.0842852434143424,-0.04084157454781234,-0.03911699168384075,-0.021730739623308182,-0.028862824197858572,-0.01640803273767233,-0.03820760059170425,-0.019432895351201296,-0.025498066563159227,-0.02137697278521955,-0.01630180049687624,-0.023960434831678867,-0.021244488656520844,-0.06641965918242931,-0.07759504741989076,-0.01529470318928361,-0.01289262413047254,-0.02391830994747579,-0.015779348090291023,-0.04736047284677625,-0.023067563539370894,-0.020231240428984165,-0.013041126541793346,-0.01589948940090835,-0.015347704291343689,-0.031064496375620365,-0.03719573514536023,-0.016171735245734453,-0.09141823090612888,-0.019449060782790184,-0.027282137190923095,-0.026584221981465816,-0.023411002941429615,-0.014276191359385848,-0.03204951994121075,-0.019337985664606094,-0.019010922638699412,-0.017107496038079262,-0.019009413197636604,-0.027025330578908324,-0.028031302383169532,-0.018387840129435062,-0.028268903261050582,-0.03643010160885751,-0.0366554344072938,-0.02474972978234291,-0.022390541387721896,-0.013362644240260124,-0.027224001474678516,-0.0488475204911083,-0.026151541620492935,-0.03710446017794311,-0.020768550923094153,-0.022116362815722823,-0.037934196880087256,-0.048671941040083766,-0.02264326624572277,-0.03696328750811517,-0.012493259739130735,-0.01990731037221849,-0.013237578561529517,-0.030330722220242023
a,standing_climbmix_small_strided_16x2048,u1,3,0,ok,,sigmoid,True,1.69775390625,0,1b7715b489add65669e28155221f1f100d422a7f5d073e20bb75234e98ff6798,artifacts/exp1/crossprobe/a_strided/probes/iter_0000000.npz,-0.03229114739224315,-0.03145949263125658,-0.030089428648352623,-0.01800901209935546,-0.03829805180430412,-0.02605682983994484,-0.03333737142384052,-0.02036045491695404,-0.03286048676818609,-0.027749623637646437,-0.01832258654758334,-0.019224378746002913,-0.019485848024487495,-0.024518207646906376,-0.023762288969010115,-0.028938782401382923,-0.03227810375392437,-0.016719705425202847,-0.03495746059343219,-0.021307387854903936,-0.020370474085211754,-0.04847837146371603,-0.01865978352725506,-0.037554144859313965,-0.01637183129787445,-0.01712827105075121,-0.03435262618586421,-0.03048053104430437,-0.039275426883250475,-0.0345296929590404,-0.039375933818519115,-0.031770710833370686,-0.022673585452139378,-0.02672759396955371,-0.03797868639230728,-0.01560745108872652,-0.025773463770747185,-0.016006610821932554,-0.03410598263144493,-0.025401786901056767,-0.02397243259474635,-0.033715419471263885,-0.03647604864090681,-0.024569321423768997,-0.03324908157810569,-0.09003564342856407,-0.030693186912685633,-0.02069284487515688,-0.014233586378395557,-0.01604899251833558,-0.030376498587429523,-0.03226944571360946,-0.03931743465363979,-0.05442201066762209,-0.02815562579780817,-0.02913413569331169,-0.026448948308825493,-0.02530086226761341,-0.02439828682690859,-0.025038657244294882,-0.03353266045451164,-0.03497913479804993,-0.016018155962228775,-0.03382770996540785
a,standing_climbmix_small_strided_16x2048,u0,4,0,ok,,sigmoid,False,4.86328125,0,1b7715b489add65669e28155221f1f100d422a7f5d073e20bb75234e98ff6798,artifacts/exp1/crossprobe/a_strided/probes/iter_0000000.npz,-0.027914672973565757,-0.023572385194711387,-0.017067592940293252,-0.025430505047552288,-0.026252527604810894,-0.042126250336878,-0.023269514553248882,-0.029649156145751476,-0.019549265853129327,-0.01686722692102194,-0.012999493977986276,-0.019559290260076523,-0.025251501123420894,-0.017962320591323078,-0.03448418469633907,-0.029820090043358505,-0.021370671689510345,-0.017739673028700054,-0.026378986425697803,-0.014082020963542163,-0.03639707516413182,-0.016456753946840763,-0.08162171335425228,-0.01841044134926051,-0.025848523597232997,-0.020997695508413017,-0.015840890700928867,-0.018380220979452133,-0.015952327637933195,-0.022221465012989938,-0.01594632293563336,-0.034355411189608276,-0.02801503415685147,-0.16015797201544046,-0.013263936387374997,-0.03052564151585102,-0.011868445086292922,-0.01971629715990275,-0.024405127274803817,-0.023920885170809925,-0.0201955622760579,-0.01409981760662049,-0.019758629496209323,-0.016101141460239887,-0.01268297794740647,-0.04104302532505244,-0.08788544952403754,-0.02955492294859141,-0.012624611495994031,-0.02327330957632512,-0.02227922237943858,-0.02538833289872855,-0.01644583500456065,-0.01761671795975417,-0.015252525918185711,-0.013474198407493532,-0.02236419718246907,-0.02055876504164189,-0.026476871105842292,-0.023743042605929077,-0.017832356388680637,-0.01963819086086005,-0.01755659596528858,-0.018630219507031143
a,standing_climbmix_small_strided_16x2048,u1,4,0,ok,,sigmoid,True,2.10986328125,0,1b7715b489add65669e28155221f1f100d422a7f5d073e20bb75234e98ff6798,artifacts/exp1/crossprobe/a_strided/probes/iter_0000000.npz,-0.03490040265023708,-0.01882590539753437,-0.0320324613712728,-0.06261707376688719,-0.03841701615601778,-0.023269814904779196,-0.022147550247609615,-0.02979768766090274,-0.037630957551300526,-0.031186414416879416,-0.03205946274101734,-0.01719684014096856,-0.025783815421164036,-0.023133994545787573,-0.030315342359244823,-0.028026092797517776,-0.03135395608842373,-0.025523982010781765,-0.030943796038627625,-0.02353862626478076,-0.02518413867801428,-0.02250548731535673,-0.03749660309404135,-0.02462720451876521,-0.03178694797679782,-0.03900393471121788,-0.02735308464616537,-0.03271448565647006,-0.014556830283254385,-0.02597498707473278,-0.03158468380570412,-0.021035582292824984,-0.026759877800941467,-0.03982113115489483,-0.024716647807508707,-0.027938942424952984,-0.014054049737751484,-0.03313604835420847,-0.04283174313604832,-0.01802400639280677,-0.03317234106361866,-0.022110020741820335,-0.032524196431040764,-0.031065651681274176,-0.015099204611033201,-0.02600326156243682,-0.03273701062425971,-0.026844287291169167,-0.03562884731218219,-0.01786575559526682,-0.03175943437963724,-0.03039751760661602,-0.022060442715883255,-0.035205728840082884,-0.02398858405649662,-0.02326525142416358,-0.023343904875218868,-0.017952846363186836,-0.02074871025979519,-0.025740887969732285,-0.04468758124858141,-0.030579308047890663,-0.015668234787881374,-0.04354846058413386
a,standing_climbmix_small_strided_16x2048,u0,5,0,ok,,sigmoid,False,5.08642578125,0,1b7715b489add65669e28155221f1f100d422a7f5d073e20bb75234e98ff6798,artifacts/exp1/crossprobe/a_strided/probes/iter_0000000.npz,-0.015501688234508038,-0.014575027395039797,-0.016858350485563278,-0.02020490262657404,-0.02175547555088997,-0.01820720382966101,-0.020738400518894196,-0.013528445968404412,-0.023857563734054565,-0.018744492437690496,-0.021945171058177948,-0.015532848425209522,-0.017240354791283607,-0.11713163647800684,-0.018283368088304996,-0.024421862326562405,-0.01459879893809557,-0.017566306749358773,-0.02756659430451691,-0.015830008778721094,-0.027676568366587162,-0.018031527288258076,-0.016188264824450016,-0.025059483014047146,-0.015593848191201687,-0.019021213985979557,-0.01731983618810773,-0.055029649287462234,-0.018458405509591103,-0.033359997905790806,-0.014282702701166272,-0.012961168074980378,-0.016661801375448704,-0.10022890288382769,-0.01798690389841795,-0.012842555064707994,-0.019907131791114807,-0.01462861429899931,-0.011424562660977244,-0.013609268702566624,-0.019107207655906677,-0.01261835265904665,-0.013149655424058437,-0.025832287967205048,-0.016873866319656372,-0.024855594150722027,-0.02152219694107771,-0.028140866197645664,-0.019187689293175936,-0.01536387950181961,-0.024279573932290077,-0.014150490052998066,-0.015550398267805576,-0.017969086416997015,-0.02040992211550474,-0.015061038546264172,-0.01830068347044289,-0.053872316144406796,-0.02081043552607298,-0.017543479101732373,-0.026131436228752136,-0.02688886784017086,-0.28744736430235207,-0.013846856076270342
a,standing_climbmix_small_strided_16x2048,u1,5,0,ok,,sigmoid,True,1.8701171875,0,1b7715b489add65669e28155221f1f100d422a7f5d073e20bb75234e98ff6798,artifacts/exp1/crossprobe/a_strided/probes/iter_0000000.npz,-0.020400001434609294,-0.02647066256031394,-0.025172386318445206,-0.030525281559675932,-0.023337471764534712,-0.02809393871575594,-0.021487662568688393,-0.020423307083547115,-0.023643592838197947,-0.02694042632356286,-0.01981096062809229,-0.02455285470932722,-0.025211628060787916,-0.031006446108222008,-0.04267868399620056,-0.023826206102967262,-0.01551296398974955,-0.027341912034898996,-0.01986714545637369,-0.02938689896836877,-0.017995683010667562,-0.03643390443176031,-0.017836290411651134,-0.02297618519514799,-0.022541076876223087,-0.02399265207350254,-0.04283435828983784,-0.02347694942727685,-0.02318063424900174,-0.03504410572350025,-0.03409430757164955,-0.03003965737298131,-0.039309363812208176,-0.036541329231113195,-0.020321431569755077,-0.04858566331677139,-0.024419982451945543,-0.017490366473793983,-0.019485545810312033,-0.03255857061594725,-0.016596075613051653,-0.013441322837024927,-0.018080320209264755,-0.025167658925056458,-0.017604858614504337,-0.02429223246872425,-0.02923963638022542,-0.017822111025452614,-0.03547309711575508,-0.04293595440685749,-0.02738458989188075,-0.025309975259006023,-0.02230105549097061,-0.02107485756278038,-0.03136476967483759,-0.014641918241977692,-0.05210920376703143,-0.0174440061673522,-0.026661179028451443,-0.026380246970802546,-0.024913193192332983,-0.023376645054668188,-0.025871343910694122,-0.018337528686970472
a,standing_climbmix_small_strided_16x2048,u0,6,0,ok,,sigmoid,True,3.115234375,0,1b7715b489add65669e28155221f1f100d422a7f5d073e20bb75234e98ff6798,artifacts/exp1/crossprobe/a_strided/probes/iter_0000000.npz,-0.01789028011262417,-0.015221845358610153,-0.02188180945813656,-0.013115840964019299,-0.019850576762109995,-0.018044276162981987,-0.01916816085577011,-0.020000377669930458,-0.01470075361430645,-0.018455753102898598,-0.01443379558622837,-0.11505596525967121,-0.03057731408625841,-0.013549376279115677,-0.017503615468740463,-0.016211872920393944,-0.017651695758104324,-0.01588666718453169,-0.017241595312952995,-0.023589488118886948,-0.014584841206669807,-0.09243058040738106,-0.06113950535655022,-0.02957810740917921,-0.02117336541414261,-0.016870504710823298,-0.02050782786682248,-0.019053298514336348,-0.017076539807021618,-0.01312471553683281,-0.013610534835606813,-0.018809170462191105,-0.01503082923591137,-0.021199630573391914,-0.019555525854229927,-0.016615713946521282,-0.019266458228230476,-0.04609747417271137,-0.02265721862204373,-0.01582842878997326,-0.03368951706215739,-0.01642289198935032,-0.07723530475050211,-0.01823024172335863,-0.02837329637259245,-0.02020036056637764,-0.01345982775092125,-0.034321216866374016,-0.02375212498009205,-0.03321922663599253,-0.02329028630629182,-0.013499481603503227,-0.02272059046663344,-0.05722414329648018,-0.02172055095434189,-0.02576519176363945,-0.02285982482135296,-0.019814541563391685,-0.020779008977115154,-0.07853007316589355,-0.01574715878814459,-0.01643904484808445,-0.055280649568885565,-0.018052698113024235
a,standing_climbmix_small_strided_16x2048,u1,6,0,ok,,sigmoid,True,1.96044921875,0,1b7715b489add65669e28155221f1f100d422a7f5d073e20bb75234e98ff6798,artifacts/exp1/crossprobe/a_strided/probes/iter_0000000.npz,-0.029240725561976433,-0.03540439950302243,-0.0264123419765383,-0.022545638727024198,-0.02883205865509808,-0.054828897351399064,-0.01960165286436677,-0.026357922237366438,-0.017635570373386145,-0.018973487662151456,-0.020111015532165766,-0.0368239835370332,-0.036226480500772595,-0.017047682777047157,-0.01518774637952447,-0.021393185015767813,-0.03178378869779408,-0.025852206395938993,-0.022592942463234067,-0.020136191975325346,-0.01890755631029606,-0.021091746166348457,-0.02631425717845559,-0.015896466095000505,-0.02055421471595764,-0.01831398461945355,-0.016105602961033583,-0.022315835114568472,-0.048605555668473244,-0.017932607792317867,-0.019459544913843274,-0.03165615303441882,-0.03492081956937909,-0.02521357871592045,-0.02582951565273106,-0.04049798846244812,-0.020722076296806335,-0.018398697953671217,-0.02193864993751049,-0.030331204179674387,-0.023725020932033658,-0.0191358404699713,-0.050431329756975174,-0.017810913966968656,-0.03986217454075813,-0.02605872554704547,-0.04342566733248532,-0.021117377327755094,-0.061015595914795995,-0.019692022586241364,-0.015830391319468617,-0.015703941229730844,-0.01844983664341271,-0.03271887660957873,-0.016040500486269593,-0.040066914865747094,-0.01441360404714942,-0.016503785736858845,-0.03771975077688694,-0.035938119515776634,-0.016529915621504188,-0.03653649450279772,-0.020317196380347013,-0.02829947997815907
a,standing_climbmix_small_strided_16x2048,u0,7,0,ok,,sigmoid,False,3.61279296875,0,1b7715b489add65669e28155221f1f100d422a7f5d073e20bb75234e98ff6798,artifacts/exp1/crossprobe/a_strided/probes/iter_0000000.npz,-0.017614784883335233,-0.023413796443492174,-0.017547406256198883,-0.02162807364948094,-0.02844403777271509,-0.11283845733851194,-0.0429115139413625,-0.023222130723297596,-0.019911352545022964,-0.018228896893560886,-0.020268543623387814,-0.026624022983014584,-0.016818598145619035,-0.013076175935566425,-0.024681107373908162,-0.012727954657748342,-0.020182642387226224,-0.01707824715413153,-0.02845936012454331,-0.018030520295724273,-0.022159771295264363,-0.015132049331441522,-0.018982472829520702,-0.016870445804670453,-0.01921829511411488,-0.028791352408006787,-0.015640146331861615,-0.02265189215540886,-0.03711183415725827,-0.01898880209773779,-0.023007594980299473,-0.01599524077028036,-0.026588360080495477,-0.023174154805019498,-0.01882122363895178,-0.01771697518415749,-0.028861596481874585,-0.019965616054832935,-0.016888781683519483,-0.017410670639947057,-0.018287891754880548,-0.0193698238581419,-0.01436934294179082,-0.016018009977415204,-0.019589022267609835,-0.06971658789552748,-0.012186194770038128,-0.014275668654590845,-0.02763161901384592,-0.05936821107752621,-0.0208750965539366,-0.015859558479860425,-0.014607011806219816,-0.024677778594195843,-0.016055751591920853,-0.01878661592490971,-0.03259033802896738,-0.04156430368311703,-0.10760130488779396,-0.022616615053266287,-0.019155178451910615,-0.018369419733062387,-0.012520600925199687,-0.04493648465722799
a,standing_climbmix_small_strided_16x2048,u1,7,0,ok,,sigmoid,True,1.98876953125,0,1b7715b489add65669e28155221f1f100d422a7f5d073e20bb75234e98ff6798,artifacts/exp1/crossprobe/a_strided/probes/iter_0000000.npz,-0.01535688596777618,-0.02954944991506636,-0.018677664687857032,-0.04007310303859413,-0.021655364660546184,-0.018740056781098247,-0.023899384075775743,-0.034768607234582305,-0.030448321485891938,-0.013073441805317998,-0.014909989899024367,-0.01582575007341802,-0.017298544058576226,-0.014283275231719017,-0.026077056536450982,-0.013708902290090919,-0.0500230195466429,-0.020500411977991462,-0.021632006391882896,-0.014575318666175008,-0.027440407080575824,-0.025808965554460883,-0.044363450491800904,-0.023552687605842948,-0.039438687497749925,-0.05338646634481847,-0.019487332785502076,-0.022764177760109305,-0.0416692013386637,-0.05810044310055673,-0.017567802919074893,-0.04629156808368862,-0.03690641722641885,-0.02284834161400795,-0.039986445335671306,-0.027014838764443994,-0.028939018258824944,-0.01777419657446444,-0.019102969905361533,-0.015927384607493877,-0.019404053455218673,-0.024121800670400262,-0.018434998812153935,-0.019599215826019645,-0.03322127717547119,-0.032771954545751214,-0.014104641741141677,-0.05218440690077841,-0.024715870385989547,-0.020053083775565028,-0.028362916549667716,-0.01328953797928989,-0.028319468488916755,-0.0393389540258795,-0.022917383117601275,-0.015576379606500268,-0.021841382374987006,-0.024872937938198447,-0.019750562263652682,-0.028694545850157738,-0.03142565279267728,-0.02948366105556488,-0.018307831836864352,-0.03622638410888612
a,standing_climbmix_small_strided_16x2048,u0,8,0,ok,,sigmoid,False,5.1943359375,0,1b7715b489add65669e28155221f1f100d422a7f5d073e20bb75234e98ff6798,artifacts/exp1/crossprobe/a_strided/probes/iter_0000000.npz,-0.016833081375807524,-0.02484021056443453,-0.017897004261612892,-0.021227048709988594,-0.019688993226736784,-0.017921430058777332,-0.010480958968400955,-0.018202148377895355,-0.024418629705905914,-0.018458337988704443,-0.015810107346624136,-0.03615366527810693,-0.02359076589345932,-0.012443986488506198,-0.017888134345412254,-0.02486167475581169,-0.01522093778476119,-0.016989271622151136,-0.34207870112732053,-0.0197974038310349,-0.015542486682534218,-0.01789291761815548,-0.022730268072336912,-0.019439767580479383,-0.017948091495782137,-0.035515825264155865,-0.016003320459276438,-0.019016343634575605,-0.01338143297471106,-0.01656805584207177,-0.011791432276368141,-0.020791465416550636,-0.018409722950309515,-0.017994952853769064,-0.021973065100610256,-0.016072965692728758,-0.020800769794732332,-0.016793005634099245,-0.0834515099413693,-0.017177369445562363,-0.011428442783653736,-0.015139838214963675,-0.014711335767060518,-0.020305789541453123,-0.01322603365406394,-0.017256673891097307,-0.015036286786198616,-0.012031021993607283,-0.13978460803627968,-0.03398125758394599,-0.014087560586631298,-0.026335920207202435,-0.023022667970508337,-0.018501194659620523,-0.018612415995448828,-0.015398936811834574,-0.013895870186388493,-0.014709366485476494,-0.043622702825814486,-0.026936373207718134,-0.023006282281130552,-0.014352776110172272,-0.016804527025669813,-0.018072638660669327
a,standing_climbmix_small_strided_16x2048,u1,8,0,ok,,sigmoid,True,1.77490234375,0,1b7715b489add65669e28155221f1f100d422a7f5d073e20bb75234e98ff6798,artifacts/exp1/crossprobe/a_strided/probes/iter_0000000.npz,-0.034830985590815544,-0.02062750654295087,-0.04367760242894292,-0.04181990586221218,-0.025799297261983156,-0.038373819552361965,-0.013418621849268675,-0.02288480382412672,-0.017725026700645685,-0.014254442881792784,-0.013897051103413105,-0.024583153892308474,-0.017192097380757332,-0.03424540441483259,-0.012932299170643091,-0.019402711186558008,-0.023510927334427834,-0.04242554120719433,-0.02905307151377201,-0.02184352185577154,-0.02716865949332714,-0.01927419239655137,-0.033596672117710114,-0.02647330518811941,-0.05003820173442364,-0.03136250702664256,-0.020281052216887474,-0.024442425463348627,-0.021181853488087654,-0.015552159398794174,-0.015191732440143824,-0.0530611420981586,-0.014110018964856863,-0.027706630527973175,-0.017310714349150658,-0.017418060451745987,-0.033683376386761665,-0.027854999527335167,-0.02585876453667879,-0.015927104279398918,-0.013162610121071339,-0.014166859909892082,-0.02578753884881735,-0.01891596894711256,-0.020277234725654125,-0.030317633878439665,-0.03673014044761658,-0.024528118781745434,-0.020473874174058437,-0.030476897954940796,-0.026522953528910875,-0.01904155220836401,-0.025320637971162796,-0.017498000524938107,-0.01861618785187602,-0.018091581761837006,-0.025594128295779228,-0.018491024617105722,-0.022392302751541138,-0.03447179589420557,-0.016289884690195322,-0.02798790205270052,-0.016436133533716202,-0.026306474581360817
a,standing_climbmix_small_strided_16x2048,u0,9,0,ok,,sigmoid,True,3.2607421875,0,1b7715b489add65669e28155221f1f100d422a7f5d073e20bb75234e98ff6798,artifacts/exp1/crossprobe/a_strided/probes/iter_0000000.npz,-0.03057153447298333,-0.019152951426804066,-0.01461513340473175,-0.013578001409769058,-0.018727460876107216,-0.014171466697007418,-0.057553167920559645,-0.05961053632199764,-0.01709557604044676,-0.03841001074761152,-0.012540165800601244,-0.015459910500794649,-0.018507452681660652,-0.025427482090890408,-0.011182566173374653,-0.020032567903399467,-0.028115990571677685,-0.01271516177803278,-0.017212777864187956,-0.019262319896370173,-0.013632737100124359,-0.015469106379896402,-0.018037237226963043,-0.019982850179076195,-0.012112289667129517,-0.009821323677897453,-0.013495620340108871,-0.01481377799063921,-0.08059612615033984,-0.013154436834156513,-0.05252269562333822,-0.02376818098127842,-0.013939386699348688,-0.024502852000296116,-0.01199850533157587,-0.014148642309010029,-0.027731639333069324,-0.014567489735782146,-0.01551856566220522,-0.01825748383998871,-0.013501547276973724,-0.03184477426111698,-0.02065790817141533,-0.01639738120138645,-0.011926808394491673,-0.019356267526745796,-0.014991317875683308,-0.038288005627691746,-0.0137432049959898,-0.014293929561972618,-0.04918034467846155,-0.014127789996564388,-0.016508424654603004,-0.01873919740319252,-0.013455013744533062,-0.015218224376440048,-0.011818280443549156,-0.020038999617099762,-0.036428024992346764,-0.018018661998212337,-0.02685341238975525,-0.01300098281353712,-0.06382245942950249,-0.03962874226272106
a,standing_climbmix_small_strided_16x2048,u1,9,0,ok,,sigmoid,True,2.3642578125,0,1b7715b489add65669e28155221f1f100d422a7f5d073e20bb75234e98ff6798,artifacts/exp1/crossprobe/a_strided/probes/iter_0000000.npz,-0.021131789311766624,-0.024440464563667774,-0.021201944444328547,-0.025615091435611248,-0.015241098823025823,-0.02503260155208409,-0.03538119443692267,-0.01396749634295702,-0.021864888491109014,-0.04567903373390436,-0.022708424599841237,-0.04184664133936167,-0.04278432670980692,-0.01822671853005886,-0.01612880756147206,-0.019760187016800046,-0.017589131370186806,-0.01208397839218378,-0.030710015445947647,-0.0671863101888448,-0.013616497628390789,-0.024225455010309815,-0.014277241425588727,-0.01633107289671898,-0.017291149124503136,-0.010223780991509557,-0.016308327205479145,-0.013436989858746529,-0.018577338429167867,-0.023684191750362515,-0.022179047809913754,-0.018583964090794325,-0.015054604969918728,-0.027451034635305405,-0.028804554836824536,-0.028765611350536346,-0.01931935385800898,-0.01716963481158018,-0.02277968544512987,-0.03164023067802191,-0.036968398839235306,-0.017898394726216793,-0.017534059705212712,-0.03174008894711733,-0.08330453094094992,-0.017360708909109235,-0.026883835904300213,-0.02653508447110653,-0.02899884176440537,-0.013695797882974148,-0.06821796973235905,-0.014262222684919834,-0.0509806964546442,-0.022683661663904786,-0.02009573671966791,-0.018596965819597244,-0.013796854065731168,-0.016056813532486558,-0.02137080766260624,-0.01961433608084917,-0.014100207015872002,-0.03668100945651531,-0.027473991736769676,-0.016209703171625733
a,standing_climbmix_small_spread_off1_16x2048,u0,2,0,ok,,sigmoid,True,1.42529296875,0,bc3669899701e282b42e31823f7eed6061527c83c3b31f193d0bc04c677700d9,artifacts/exp1/crossprobe/a_spread_off1/probes/iter_0000000.npz,-0.0274603976868093,-0.04245453095063567,-0.036388564854860306,-0.027023647911846638,-0.03686662297695875,-0.01942148245871067,-0.026859532576054335,-0.03806230193004012,-0.020562765654176474,-0.02493130136281252,-0.02272279839962721,-0.0364925772882998,-0.027665698435157537,-0.02342150453478098,-0.026389635633677244,-0.03268700418993831,-0.1360880103893578,-0.031695401296019554,-0.026933181565254927,-0.026638090144842863,-0.023294894956052303,-0.04970337636768818,-0.0358918234705925,-0.027465377002954483,-0.034230511635541916,-0.019352344796061516,-0.020329535007476807,-0.0338375479914248,-0.030215181410312653,-0.02803286863490939,-0.03195743216201663,-0.03657575277611613,-0.023677969351410866,-0.025975213386118412,-0.01906398870050907,-0.03122174832969904,-0.034021544735878706,-0.030120979994535446,-0.030578922014683485,-0.02637333143502474,-0.024910290725529194,-0.04048728570342064,-0.01719809416681528,-0.04350327514111996,-0.03617905918508768,-0.027896981220692396,-0.020415591076016426,-0.04258141666650772,-0.029278078582137823,-0.03538684360682964,-0.015545299742370844,-0.03047774126753211,-0.038153048139065504,-0.023251540027558804,-0.0327066327445209,-0.033778324257582426,-0.020873233675956726,-0.030130829196423292,-0.03394999587908387,-0.04292769730091095,-0.02567015029489994,-0.02395349182188511,-0.04749181307852268,-0.025262496899813414
a,standing_climbmix_small_spread_off1_16x2048,u1,2,0,ok,,sigmoid,True,1.36767578125,0,bc3669899701e282b42e31823f7eed6061527c83c3b31f193d0bc04c677700d9,artifacts/exp1/crossprobe/a_spread_off1/probes/iter_0000000.npz,-0.027738749980926514,-0.04193090833723545,-0.04065258102491498,-0.028071755543351173,-0.03834069857839495,-0.019317637663334608,-0.025643225759267807,-0.038914807606488466,-0.021194959059357643,-0.02572436595801264,-0.022680435329675674,-0.03560071624815464,-0.02916086802724749,-0.02517880278173834,-0.028218791354447603,-0.032589057460427284,-0.13812245661392808,-0.03737417794764042,-0.02692745439708233,-0.026947446633130312,-0.02489921636879444,-0.05170392245054245,-0.03714209096506238,-0.027694569900631905,-0.03546037897467613,-0.021086621680296957,-0.020769174792803824,-0.03565408813301474,-0.0313645382411778,-0.03138058818876743,-0.03417221026029438,-0.03911375068128109,-0.024147277348674834,-0.026196729391813278,-0.02044357033446431,-0.030387625098228455,-0.034080200479365885,-0.029277238994836807,-0.03292045975103974,-0.02332321892026812,-0.026066750288009644,-0.046443136408925056,-0.018411591299809515,-0.04239401267841458,-0.03788669779896736,-0.029397692531347275,-0.020831337198615074,-0.042684754356741905,-0.030188836622983217,-0.03682219237089157,-0.01584183657541871,-0.03357076831161976,-0.03892485983669758,-0.023462525918148458,-0.03263938473537564,-0.0348334718728438,-0.0248719115043059,-0.03347132354974747,-0.036470528692007065,-0.04451574757695198,-0.02449234062805772,-0.02614249801263213,-0.0455976981902495,-0.027904124930500984
a,standing_climbmix_small_spread_off1_16x2048,u0,3,0,ok,,sigmoid,True,1.8837890625,0,bc3669899701e282b42e31823f7eed6061527c83c3b31f193d0bc04c677700d9,artifacts/exp1/crossprobe/a_spread_off1/probes/iter_0000000.npz,-0.036498963832855225,-0.025139065459370613,-0.041873520240187645,-0.01979115465655923,-0.04167257435619831,-0.0264417533762753,-0.029983608052134514,-0.01903427392244339,-0.03144394140690565,-0.02423628605902195,-0.02214986179023981,-0.02038141479715705,-0.01959567703306675,-0.024493937846273184,-0.021250516176223755,-0.03466853033751249,-0.03828733088448644,-0.017055952921509743,-0.027160581666976213,-0.021398348733782768,-0.01914498582482338,-0.04619060829281807,-0.02086682477965951,-0.03319744532927871,-0.016114224214106798,-0.01694469666108489,-0.02715276926755905,-0.02829274022951722,-0.03608175367116928,-0.02637578174471855,-0.04691606992855668,-0.0308780949562788,-0.020285315811634064,-0.024682894349098206,-0.03215739829465747,-0.015774161787703633,-0.0266564569901675,-0.0197651544585824,-0.03106767125427723,-0.02345193922519684,-0.02425820706412196,-0.02939932933077216,-0.032729997765272856,-0.025220897048711777,-0.02579621458426118,-0.048845576122403145,-0.03504800796508789,-0.022824633866548538,-0.01826549507677555,-0.016395836602896452,-0.03371155634522438,-0.036480105482041836,-0.03411628445610404,-0.04663435323163867,-0.024801842402666807,-0.027866927441209555,-0.028943073004484177,-0.028652203269302845,-0.021583825815469027,-0.0245021004229784,-0.03276114026084542,-0.03120572492480278,-0.016097597312182188,-0.030194293707609177
a,standing_climbmix_small_spread_off1_16x2048,u1,3,0,ok,,sigmoid,True,2.14501953125,0,bc3669899701e282b42e31823f7eed6061527c83c3b31f193d0bc04c677700d9,artifacts/exp1/crossprobe/a_spread_off1/probes/iter_0000000.npz,-0.03422949695959687,-0.02753316191956401,-0.04795282334089279,-0.01878933049738407,-0.04134340863674879,-0.026708345860242844,-0.033453114330768585,-0.019678138196468353,-0.03335212077945471,-0.02460379432886839,-0.024065077304840088,-0.020343667827546597,-0.019767241086810827,-0.02468790113925934,-0.02271113870665431,-0.0394806950353086,-0.039286313112825155,-0.01735603343695402,-0.03169210394844413,-0.021547093987464905,-0.01988845318555832,-0.04748421534895897,-0.01894518081098795,-0.03381390683352947,-0.01721644029021263,-0.017722558230161667,-0.03039957582950592,-0.03077668696641922,-0.03532896330580115,-0.028839098289608955,-0.06300804391503334,-0.029715795069932938,-0.019777968525886536,-0.026483800262212753,-0.03663829527795315,-0.016607127152383327,-0.027841720264405012,-0.01873199548572302,-0.031269202940166,-0.026820055209100246,-0.024973440915346146,-0.028729289770126343,-0.03177995607256889,-0.025884876027703285,-0.02830078825354576,-0.05109706986695528,-0.030945859849452972,-0.02228329097852111,-0.018208764493465424,-0.01817695377394557,-0.033980829175561666,-0.03507912531495094,-0.03588570095598698,-0.05030831880867481,-0.025571233592927456,-0.026881343685090542,-0.030589486937969923,-0.027779501397162676,-0.025995909236371517,-0.026159816421568394,-0.031941529363393784,-0.03205342497676611,-0.01687599439173937,-0.03288190811872482
a,standing_climbmix_small_spread_off1_16x2048,u0,4,0,ok,,sigmoid,True,1.96826171875,0,bc3669899701e282b42e31823f7eed6061527c83c3b31f193d0bc04c677700d9,artifacts/exp1/crossprobe/a_spread_off1/probes/iter_0000000.npz,-0.03430027421563864,-0.02103392221033573,-0.026682192459702492,-0.035015005618333817,-0.02486767480149865,-0.029490514658391476,-0.020351652055978775,-0.03242264501750469,-0.031035694293677807,-0.023941918276250362,-0.030679638497531414,-0.01805912423878908,-0.024172017816454172,-0.022160840686410666,-0.027445506304502487,-0.027556825429201126,-0.02629511710256338,-0.023494203574955463,-0.02758484985679388,-0.023207664489746094,-0.02763380855321884,-0.021343999542295933,-0.04395375680178404,-0.022129259072244167,-0.03002463432494551,-0.03174355160444975,-0.029034783132374287,-0.02991004614159465,-0.01448417454957962,-0.02667226828634739,-0.026117224246263504,-0.02377067506313324,-0.02551298961043358,-0.05279845278710127,-0.018984380178153515,-0.02693423256278038,-0.0132601922377944,-0.028286946937441826,-0.030223065055906773,-0.016251568333245814,-0.032308521680533886,-0.021291932091116905,-0.029147067107260227,-0.026372937485575676,-0.013818077743053436,-0.028352462220937014,-0.040406218729913235,-0.02408257219940424,-0.028742549009621143,-0.018432553857564926,-0.032992747612297535,-0.026832876726984978,-0.02314701769500971,-0.03142866678535938,-0.024457230232656002,-0.025548940524458885,-0.02204476296901703,-0.01636245148256421,-0.020462908782064915,-0.02435170952230692,-0.03394745010882616,-0.024656789377331734,-0.01704760454595089,-0.03256540838629007
a,standing_climbmix_small_spread_off1_16x2048,u1,4,0,ok,,sigmoid,True,2.248046875,0,bc3669899701e282b42e31823f7eed6061527c83c3b31f193d0bc04c677700d9,artifacts/exp1/crossprobe/a_spread_off1/probes/iter_0000000.npz,-0.03292851988226175,-0.01919036405161023,-0.026284201070666313,-0.037827865686267614,-0.027958948630839586,-0.0257011572830379,-0.019399101845920086,-0.03282914822921157,-0.03200056357309222,-0.024306003469973803,-0.033117260318249464,-0.01721207844093442,-0.025399045553058386,-0.023367932299152017,-0.027748817577958107,-0.027811442967504263,-0.026213219622150064,-0.022743081208318472,-0.02537595247849822,-0.022616785252466798,-0.02776966756209731,-0.01987156644463539,-0.042770661879330873,-0.024437065701931715,-0.027531488332897425,-0.03232962125912309,-0.0320102171972394,-0.03131247963756323,-0.014079253654927015,-0.0242799106054008,-0.027323081623762846,-0.022490691859275103,-0.024909184779971838,-0.06990600330755115,-0.018384242430329323,-0.02564602578058839,-0.013406097888946533,-0.02901035500690341,-0.03394962754100561,-0.016437652986496687,-0.03222660534083843,-0.019568155985325575,-0.03092268854379654,-0.028071168810129166,-0.013639201875776052,-0.027877737302333117,-0.04638450685888529,-0.02362523367628455,-0.03026367537677288,-0.01913735317066312,-0.03241701005026698,-0.026505575515329838,-0.022296715062111616,-0.03358958289027214,-0.026320110075175762,-0.025549741927534342,-0.02153638005256653,-0.017451328225433826,-0.021909156814217567,-0.024934318382292986,-0.03333568526431918,-0.024902212899178267,-0.01645904826000333,-0.03580702794715762
a,standing_climbmix_small_spread_off1_16x2048,u0,5,0,ok,,sigmoid,True,2.06298828125,0,bc3669899701e282b42e31823f7eed6061527c83c3b31f193d0bc04c677700d9,artifacts/exp1/crossprobe/a_spread_off1/probes/iter_0000000.npz,-0.01904037594795227,-0.024096635170280933,-0.02193593420088291,-0.024095680797472596,-0.024790483061224222,-0.025595332961529493,-0.021752777975052595,-0.0161213637329638,-0.020209649112075567,-0.022095853462815285,-0.020202134735882282,-0.022904453799128532,-0.023246229626238346,-0.05456570070236921,-0.03034129459410906,-0.028111669700592756,-0.01686164364218712,-0.021270640660077333,-0.02345168124884367,-0.022596641909331083,-0.021623848006129265,-0.023836515843868256,-0.018584713339805603,-0.018894766457378864,-0.017093222588300705,-0.021033153403550386,-0.03941574599593878,-0.02564644766971469,-0.020732957404106855,-0.02551959315314889,-0.032750402577221394,-0.030196954030543566,-0.036460830830037594,-0.04967212583869696,-0.019585632253438234,-0.028905530460178852,-0.023595639504492283,-0.015929786022752523,-0.018423215486109257,-0.02585861086845398,-0.017867795191705227,-0.01311993133276701,-0.016107878647744656,-0.025813459884375334,-0.01897306088358164,-0.02493108157068491,-0.026699439622461796,-0.022346364799886942,-0.02905698213726282,-0.03376344125717878,-0.023785587400197983,-0.021727013401687145,-0.018975035287439823,-0.02314185071736574,-0.02649394143372774,-0.014491609297692776,-0.045441185124218464,-0.018586239777505398,-0.02630587387830019,-0.024712531827390194,-0.021265881368890405,-0.02328320825472474,-0.06942466413602233,-0.017588403075933456
a,standing_climbmix_small_spread_off1_16x2048,u1,5,0,ok,,sigmoid,True,2.173828125,0,bc3669899701e282b42e31823f7eed6061527c83c3b31f193d0bc04c677700d9,artifacts/exp1/crossprobe/a_spread_off1/probes/iter_0000000.npz,-0.01755463145673275,-0.024127858690917492,-0.022831222042441368,-0.025329486466944218,-0.023985902778804302,-0.025205904617905617,-0.021715465001761913,-0.015113577712327242,-0.02168569155037403,-0.02019543945789337,-0.02052157185971737,-0.02635830081999302,-0.023475528694689274,-0.06436296552419662,-0.029492813162505627,-0.024568362161517143,-0.016805282793939114,-0.021587999537587166,-0.021594302728772163,-0.023219918832182884,-0.019071023911237717,-0.026219557970762253,-0.019317307509481907,-0.02079074550420046,-0.0176914120092988,-0.02108436543494463,-0.04196921642869711,-0.026684324257075787,-0.019175092689692974,-0.02701693307608366,-0.03474180679768324,-0.030513874255120754,-0.04038249049335718,-0.05408293195068836,-0.018594779074192047,-0.03241176996380091,-0.021987549029290676,-0.016125766560435295,-0.01753336936235428,-0.026990145444869995,-0.017036177217960358,-0.01290741004049778,-0.015364297665655613,-0.024599045515060425,-0.02033021952956915,-0.023408071137964725,-0.026933733373880386,-0.018974454142153263,-0.02971151564270258,-0.03673871885985136,-0.021315915510058403,-0.022369551472365856,-0.018678799271583557,-0.02115266676992178,-0.027967208065092564,-0.014806248247623444,-0.04928178619593382,-0.019030301831662655,-0.025792580097913742,-0.025579324923455715,-0.021021242253482342,-0.022368776611983776,-0.07920271158218384,-0.017606600187718868
a,standing_climbmix_small_spread_off1_16x2048,u0,6,0,ok,,sigmoid,True,1.78955078125,0,bc3669899701e282b42e31823f7eed6061527c83c3b31f193d0bc04c677700d9,artifacts/exp1/crossprobe/a_spread_off1/probes/iter_0000000.npz,-0.020961699075996876,-0.03772851265966892,-0.024650021456182003,-0.021299326792359352,-0.02783012203872204,-0.03320859465748072,-0.021250901743769646,-0.025604265742003918,-0.016064710915088654,-0.019532804377377033,-0.01695620222017169,-0.041987762786448,-0.020275557413697243,-0.015404346399009228,-0.018299399875104427,-0.01905876910313964,-0.025440415367484093,-0.02182230306789279,-0.02283012541010976,-0.02081181015819311,-0.018385556526482105,-0.03639307990670204,-0.041218775790184736,-0.02203201688826084,-0.019936196506023407,-0.019667503889650106,-0.018146710470318794,-0.02438458986580372,-0.027849765494465828,-0.018639324232935905,-0.019556626677513123,-0.026772476267069578,-0.028287661261856556,-0.026448369026184082,-0.023425567895174026,-0.04267989285290241,-0.029287951067090034,-0.021577428095042706,-0.024191384203732014,-0.022327087353914976,-0.022786708548665047,-0.018462536856532097,-0.04796740412712097,-0.01769251562654972,-0.03280874993652105,-0.0244484543800354,-0.03682813420891762,-0.02556663751602173,-0.042967788875103,-0.02083540242165327,-0.019151652231812477,-0.017839355394244194,-0.02239595353603363,-0.03544763661921024,-0.017913333140313625,-0.035691152326762676,-0.019192415289580822,-0.015498016029596329,-0.03535723313689232,-0.0416578184813261,-0.016871108673512936,-0.026220979169011116,-0.02814486902207136,-0.022616594098508358
a,standing_climbmix_small_spread_off1_16x2048,u1,6,0,ok,,sigmoid,True,1.81982421875,0,bc3669899701e282b42e31823f7eed6061527c83c3b31f193d0bc04c677700d9,artifacts/exp1/crossprobe/a_spread_off1/probes/iter_0000000.npz,-0.02158785844221711,-0.03743483917787671,-0.02289691660553217,-0.020304462406784296,-0.027308874763548374,-0.04045856278389692,-0.020896393805742264,-0.026074557099491358,-0.017525830306112766,-0.018066759686917067,-0.01709878444671631,-0.04725535772740841,-0.023753834888339043,-0.016681561712175608,-0.015609750989824533,-0.018929211422801018,-0.023638029117137194,-0.021291850600391626,-0.025913582649081945,-0.019196368753910065,-0.017577442806214094,-0.031133529730141163,-0.034569052048027515,-0.0191665799356997,-0.01847462961450219,-0.019153956323862076,-0.017356811556965113,-0.02108399523422122,-0.033600662369281054,-0.020028699655085802,-0.018436992075294256,-0.02732454566285014,-0.030182956717908382,-0.024318743031471968,-0.02385287405923009,-0.04174506105482578,-0.02333563333377242,-0.022310320287942886,-0.023225589655339718,-0.02242335258051753,-0.022575033362954855,-0.01721779629588127,-0.05561235034838319,-0.016908975318074226,-0.030991028528660536,-0.023104293271899223,-0.04212035518139601,-0.024999693501740694,-0.0541910151951015,-0.020032699685543776,-0.0193727002479136,-0.01709143817424774,-0.021166592370718718,-0.03397734882310033,-0.015971700195223093,-0.03687262814491987,-0.018048375379294157,-0.01567499339580536,-0.03586186096072197,-0.043038262985646725,-0.016211367212235928,-0.02740214066579938,-0.025585812982171774,-0.024385770317167044
a,standing_climbmix_small_spread_off1_16x2048,u0,7,0,ok,,sigmoid,True,1.64599609375,0,bc3669899701e282b42e31823f7eed6061527c83c3b31f193d0bc04c677700d9,artifacts/exp1/crossprobe/a_spread_off1/probes/iter_0000000.npz,-0.0163991735316813,-0.031158195342868567,-0.016594547778367996,-0.04116681031882763,-0.020247687585651875,-0.03162556607276201,-0.02725321939215064,-0.03646239638328552,-0.02594641363248229,-0.014672669116407633,-0.015358015894889832,-0.016353779938071966,-0.019273306243121624,-0.015464629046618938,-0.02526248199865222,-0.014032153645530343,-0.034538484644144773,-0.018919597379863262,-0.028654854744672775,-0.014382844790816307,-0.026155118830502033,-0.023090807255357504,-0.039814907126128674,-0.02415323629975319,-0.03958791773766279,-0.04366698069497943,-0.01894264668226242,-0.019295569974929094,-0.04113175766542554,-0.03770568547770381,-0.018228122033178806,-0.02803110610693693,-0.03167831618338823,-0.026327982544898987,-0.03205051366239786,-0.020119992084801197,-0.0270706033334136,-0.01700028870254755,-0.01784884324297309,-0.014796859584748745,-0.020288030616939068,-0.02749696373939514,-0.018734113313257694,-0.019201244227588177,-0.026313242502510548,-0.038600227795541286,-0.015845637768507004,-0.03163716942071915,-0.019741703756153584,-0.02153572952374816,-0.02410449367016554,-0.014125560410320759,-0.028566467575728893,-0.029229414649307728,-0.020674816332757473,-0.01515351515263319,-0.0239682006649673,-0.029063495341688395,-0.031784634571522474,-0.025211039930582047,-0.03215548675507307,-0.027416245080530643,-0.0170710114762187,-0.03684565890580416
a,standing_climbmix_small_spread_off1_16x2048,u1,7,0,ok,,sigmoid,True,1.7021484375,0,bc3669899701e282b42e31823f7eed6061527c83c3b31f193d0bc04c677700d9,artifacts/exp1/crossprobe/a_spread_off1/probes/iter_0000000.npz,-0.015884511172771454,-0.029596368316560984,-0.016997432801872492,-0.04032039875164628,-0.02073268312960863,-0.026725248899310827,-0.02647213125601411,-0.0341358557343483,-0.033872328232973814,-0.014353473670780659,-0.015124332625418901,-0.016743759158998728,-0.02021839516237378,-0.015164433047175407,-0.025134430266916752,-0.014306032098829746,-0.04109152080491185,-0.017800302244722843,-0.025125968968495727,-0.014892085222527385,-0.02657033782452345,-0.02445992873981595,-0.040191809413954616,-0.02391573111526668,-0.036215678323060274,-0.04705216991715133,-0.018507303204387426,-0.023587487172335386,-0.03985877986997366,-0.04387536784633994,-0.018632455728948116,-0.03408654406666756,-0.0313005312345922,-0.02620766405016184,-0.04043766437098384,-0.02127487910911441,-0.026005441788583994,-0.017069797962903976,-0.018344234209507704,-0.015008058864623308,-0.019353073090314865,-0.024129714351147413,-0.016835781279951334,-0.018979250453412533,-0.026450674515217543,-0.03331244317814708,-0.01681514806114137,-0.03191060107201338,-0.019412105437368155,-0.025049594696611166,-0.022804807405918837,-0.014088580152019858,-0.030203478876501322,-0.030819912906736135,-0.02293183421716094,-0.0150556699372828,-0.023299406748265028,-0.030120440060272813,-0.028710126876831055,-0.02540811849758029,-0.0344600488897413,-0.02902536978945136,-0.016684397589415312,-0.03590580401942134
a,standing_climbmix_small_spread_off1_16x2048,u0,8,0,ok,,sigmoid,True,2.2109375,0,bc3669899701e282b42e31823f7eed6061527c83c3b31f193d0bc04c677700d9,artifacts/exp1/crossprobe/a_spread_off1/probes/iter_0000000.npz,-0.032779700588434935,-0.022505375556647778,-0.03401617705821991,-0.03329587168991566,-0.03368992172181606,-0.035071671940386295,-0.015469470992684364,-0.0219474071636796,-0.02300649182870984,-0.016597109846770763,-0.013186664786189795,-0.02930158469825983,-0.019186601042747498,-0.022344660945236683,-0.01457646256312728,-0.023826557211577892,-0.02160944789648056,-0.03199848486110568,-0.15867242775857449,-0.019687560386955738,-0.02985791303217411,-0.018434950849041343,-0.02902649436146021,-0.02692173235118389,-0.04896968696266413,-0.03136581648141146,-0.022972913458943367,-0.0260029761120677,-0.01889856718480587,-0.016678095795214176,-0.01450586412101984,-0.039773800410330296,-0.01622704416513443,-0.026734833605587482,-0.018724453635513783,-0.019468602258712053,-0.03327422123402357,-0.024021511897444725,-0.03670354746282101,-0.01768544875085354,-0.013561266707256436,-0.015495005063712597,-0.025014654733240604,-0.020190990529954433,-0.01874564867466688,-0.025849541649222374,-0.030401558615267277,-0.02941175689920783,-0.02976683620363474,-0.02563242707401514,-0.025939869694411755,-0.021821671165525913,-0.023328935261815786,-0.016030969098210335,-0.020449467469006777,-0.01712113432586193,-0.031972210854291916,-0.01461238693445921,-0.02528361976146698,-0.03279173653572798,-0.018052024766802788,-0.02716436516493559,-0.015666706953197718,-0.025812426581978798
a,standing_climbmix_small_spread_off1_16x2048,u1,8,0,ok,,sigmoid,True,2.3984375,0,bc3669899701e282b42e31823f7eed6061527c83c3b31f193d0bc04c677700d9,artifacts/exp1/crossprobe/a_spread_off1/probes/iter_0000000.npz,-0.0347928274422884,-0.01835019327700138,-0.038654519245028496,-0.029398687183856964,-0.02417130209505558,-0.03475837176665664,-0.011567567009478807,-0.021416859701275826,-0.020585624501109123,-0.01550884498283267,-0.014059326611459255,-0.02762868022546172,-0.017998868133872747,-0.025691050570458174,-0.014140138402581215,-0.017996721900999546,-0.018628470599651337,-0.03489739540964365,-0.1900958213955164,-0.018227718770503998,-0.03637451771646738,-0.019445812329649925,-0.025609830394387245,-0.024641807191073895,-0.05335143953561783,-0.027720123529434204,-0.022195850498974323,-0.03007944580167532,-0.017945227213203907,-0.015366786159574986,-0.014325795695185661,-0.04546470753848553,-0.014945599250495434,-0.020713768899440765,-0.016674635466188192,-0.018321475479751825,-0.02695603109896183,-0.023259608075022697,-0.03256981261074543,-0.01718915533274412,-0.013429221697151661,-0.016346124466508627,-0.023709708359092474,-0.01943122362717986,-0.02008190704509616,-0.02456943690776825,-0.035057779401540756,-0.03128452505916357,-0.02804285753518343,-0.02682616002857685,-0.02683553472161293,-0.020477465819567442,-0.02254513930529356,-0.014741139020770788,-0.01917119324207306,-0.01563979685306549,-0.034669776912778616,-0.01619773544371128,-0.024062424898147583,-0.03222230775281787,-0.017714083194732666,-0.025865360628813505,-0.014862261712551117,-0.023940258659422398
a,standing_climbmix_small_spread_off1_16x2048,u0,9,0,ok,,sigmoid,True,1.78125,0,bc3669899701e282b42e31823f7eed6061527c83c3b31f193d0bc04c677700d9,artifacts/exp1/crossprobe/a_spread_off1/probes/iter_0000000.npz,-0.023952791467308998,-0.03361101355403662,-0.02090720785781741,-0.025214647641405463,-0.026023758575320244,-0.023504432290792465,-0.030873944982886314,-0.01816886942833662,-0.025597778148949146,-0.04013224132359028,-0.017180767375975847,-0.03453858196735382,-0.029317343374714255,-0.02526262868195772,-0.023479050491005182,-0.020828918553888798,-0.01828528568148613,-0.012880796333774924,-0.02997820731252432,-0.06001515872776508,-0.01521865651011467,-0.025020348839461803,-0.01556492829695344,-0.01695611234754324,-0.015560307539999485,-0.010768419713713229,-0.016815348528325558,-0.013509437441825867,-0.03096751030534506,-0.02139237057417631,-0.03378315735608339,-0.021093396469950676,-0.015167070785537362,-0.028742177411913872,-0.0297198249027133,-0.023895397782325745,-0.02427052380517125,-0.019315370358526707,-0.020310559310019016,-0.03008846938610077,-0.027141819009557366,-0.019956541247665882,-0.01688107382506132,-0.03126079635694623,-0.04765017330646515,-0.01706840004771948,-0.019041904713958502,-0.028010464273393154,-0.022396947257220745,-0.016725653782486916,-0.042402343824505806,-0.013971076812595129,-0.044458670541644096,-0.024917651200667024,-0.02744599594734609,-0.01991190016269684,-0.013118460774421692,-0.01628958061337471,-0.023142116842791438,-0.01852084044367075,-0.017969725653529167,-0.02565498067997396,-0.03363144211471081,-0.018476002849638462
a,standing_climbmix_small_spread_off1_16x2048,u1,9,0,ok,,sigmoid,True,1.93994140625,0,bc3669899701e282b42e31823f7eed6061527c83c3b31f193d0bc04c677700d9,artifacts/exp1/crossprobe/a_spread_off1/probes/iter_0000000.npz,-0.023112310096621513,-0.02300627203658223,-0.018920464906841516,-0.025891302153468132,-0.021792115992866457,-0.02186398534104228,-0.032722797710448503,-0.017109291860833764,-0.021287572104483843,-0.03646202525123954,-0.016401603585109115,-0.03318266989663243,-0.03201407566666603,-0.020562004763633013,-0.024587318301200867,-0.020190313458442688,-0.018441992346197367,-0.012390133459120989,-0.02761344937607646,-0.06152539560571313,-0.014592444058507681,-0.029379979241639376,-0.015318253543227911,-0.01634046109393239,-0.014163508545607328,-0.010419645113870502,-0.016036616871133447,-0.014253301080316305,-0.027484179008752108,-0.02247904473915696,-0.02505942201241851,-0.018760928884148598,-0.014040897134691477,-0.03437757631763816,-0.02573743462562561,-0.023268230608664453,-0.019037427846342325,-0.01673873548861593,-0.02043450204655528,-0.02793793799355626,-0.02782041998580098,-0.02007591398432851,-0.017775428481400013,-0.029337608953937888,-0.06088617676869035,-0.016887486330233514,-0.020459274295717478,-0.026440562680363655,-0.02478566812351346,-0.019220728892832994,-0.05904302792623639,-0.013576759491115808,-0.04504279280081391,-0.02365469327196479,-0.03679420659318566,-0.020506330183707178,-0.013021335937082767,-0.01587870018556714,-0.02112004393711686,-0.018581639975309372,-0.017321310937404633,-0.029678039718419313,-0.03628598875366151,-0.018062648829072714
b,standing_climbmix_small_16x2048,u0,2,0,ok,,sigmoid,True,1.6240234375,0,327ac72122af52ba52ccc40efcfba74fd77f3459a5b820e149a966c6e9cc38a7,artifacts/exp1/crossprobe/b_tail/probes/iter_0000000.npz,-0.040753478300757706,-0.03991437517106533,-0.034504570066928864,-0.04338878206908703,-0.04801197722554207,-0.02282505203038454,-0.02428280934691429,-0.045330533757805824,-0.020208037924021482,-0.030025048181414604,-0.024700751528143883,-0.03098169155418873,-0.025056022685021162,-0.027712893672287464,-0.025888607371598482,-0.0322485389187932,-0.14382042922079563,-0.028782816603779793,-0.0280714831314981,-0.017194663640111685,-0.02613401785492897,-0.02961212582886219,-0.034556756261736155,-0.03319155238568783,-0.03541175648570061,-0.02001932542771101,-0.02823826763778925,-0.03192256297916174,-0.035160389728844166,-0.044658973813056946,-0.03073795512318611,-0.04152071848511696,-0.024198252707719803,-0.027815433219075203,-0.020257347263395786,-0.03879267768934369,-0.030285630375146866,-0.0273410240188241,-0.02641237247735262,-0.01890455384273082,-0.02951983269304037,-0.05908676749095321,-0.017624828964471817,-0.03035549446940422,-0.043102459982037544,-0.0381790567189455,-0.01618210645392537,-0.06407654425129294,-0.03145049337763339,-0.036793654784560204,-0.017647380009293556,-0.04743762454017997,-0.039048037491738796,-0.029532665386795998,-0.02726986538618803,-0.028380184434354305,-0.023296905681490898,-0.03205552510917187,-0.07699896115809679,-0.0525728240609169,-0.02504347637295723,-0.029380979016423225,-0.04780271463096142,-0.029538079164922237
b,standing_climbmix_small_16x2048,u0,3,0,ok,,sigmoid,True,1.63671875,0,327ac72122af52ba52ccc40efcfba74fd77f3459a5b820e149a966c6e9cc38a7,artifacts/exp1/crossprobe/b_tail/probes/iter_0000000.npz,-0.02397070685401559,-0.03717204928398132,-0.017042119055986404,-0.017237307503819466,-0.029080668464303017,-0.02770707570016384,-0.02884187176823616,-0.01921723410487175,-0.029576947912573814,-0.03222554922103882,-0.019156668335199356,-0.021021196618676186,-0.02203279733657837,-0.01859970949590206,-0.015378696843981743,-0.01775224506855011,-0.01835167407989502,-0.015845144167542458,-0.0313066691160202,-0.01665233075618744,-0.022024407982826233,-0.032832350581884384,-0.018312613479793072,-0.03942331112921238,-0.015269245952367783,-0.02281566523015499,-0.02141979429870844,-0.029229232110083103,-0.04909372050315142,-0.04105770029127598,-0.018027319572865963,-0.028083783574402332,-0.01713821105659008,-0.021893292665481567,-0.03445274382829666,-0.016406509093940258,-0.020569704473018646,-0.014504067599773407,-0.0328581016510725,-0.025493711233139038,-0.03312385082244873,-0.044592345133423805,-0.03462207969278097,-0.024116139858961105,-0.029431589879095554,-0.04068245645612478,-0.03090459667146206,-0.023293166421353817,-0.014416137710213661,-0.018307029269635677,-0.032403334975242615,-0.033288201317191124,-0.03803839907050133,-0.029092533513903618,-0.02663443051278591,-0.03430434502661228,-0.02034991979598999,-0.027636783197522163,-0.037038709968328476,-0.014929122291505337,-0.04281817004084587,-0.039746793918311596,-0.016296991147100925,-0.029122062027454376
b,standing_climbmix_small_16x2048,u0,4,0,ok,,sigmoid,True,1.90625,0,327ac72122af52ba52ccc40efcfba74fd77f3459a5b820e149a966c6e9cc38a7,artifacts/exp1/crossprobe/b_tail/probes/iter_0000000.npz,-0.0350162903778255,-0.018102429108694196,-0.028867889661341906,-0.041313300374895334,-0.02118878485634923,-0.023611292243003845,-0.02126375655643642,-0.03114755777642131,-0.029857485322281718,-0.02765957871451974,-0.034793215338140726,-0.01780541380867362,-0.02065934520214796,-0.02185986121185124,-0.02053408441133797,-0.02125155506655574,-0.022153775673359632,-0.026551447343081236,-0.02229440165683627,-0.04493548860773444,-0.016935430001467466,-0.028001183876767755,-0.028424365911632776,-0.023455126443877816,-0.04250317486003041,-0.034786196891218424,-0.03903134958818555,-0.04123278078623116,-0.013491597026586533,-0.02285382943227887,-0.038717133458703756,-0.01966973813250661,-0.025960737373679876,-0.016302395146340132,-0.02630785177461803,-0.027836913475766778,-0.0157742272131145,-0.0285108950920403,-0.02858950523659587,-0.013669540407136083,-0.029064837377518415,-0.019669887144118547,-0.041495724581182,-0.023199941031634808,-0.013940116623416543,-0.020084711024537683,-0.020195322344079614,-0.019973316695541143,-0.028893884737044573,-0.016865919809788465,-0.036913197953253984,-0.02445435943081975,-0.030688521219417453,-0.03529614908620715,-0.03186323423869908,-0.04364802548661828,-0.025636429199948907,-0.016042310977354646,-0.018387211952358484,-0.0315459999255836,-0.03737301239743829,-0.05059867980889976,-0.02106766914948821,-0.03585958806797862
b,standing_climbmix_small_16x2048,u0,5,0,ok,,sigmoid,True,1.859375,0,327ac72122af52ba52ccc40efcfba74fd77f3459a5b820e149a966c6e9cc38a7,artifacts/exp1/crossprobe/b_tail/probes/iter_0000000.npz,-0.016146288253366947,-0.019506470300257206,-0.022299000062048435,-0.023387478198856115,-0.0373882045969367,-0.025454733055084944,-0.016662280075252056,-0.014170250855386257,-0.01566972304135561,-0.0247259559109807,-0.013527355156838894,-0.021785130258649588,-0.018105700612068176,-0.019543211441487074,-0.05401229206472635,-0.022049952764064074,-0.018481374252587557,-0.02484839130192995,-0.01624394953250885,-0.03641148330643773,-0.014739583246409893,-0.01828046189621091,-0.01634496171027422,-0.020063684787601233,-0.014743250794708729,-0.024451440665870905,-0.05318577727302909,-0.028898336458951235,-0.029739930294454098,-0.02926511224359274,-0.04376655351370573,-0.0397036075592041,-0.03939245827496052,-0.01978817069903016,-0.015611880924552679,-0.028962647542357445,-0.032980643678456545,-0.01217007264494896,-0.029478405136615038,-0.030545489862561226,-0.018916582223027945,-0.01609001960605383,-0.015102815348654985,-0.022829836700111628,-0.01981298439204693,-0.026360434014350176,-0.034290933050215244,-0.015280744526535273,-0.027363648638129234,-0.047348038759082556,-0.02647487446665764,-0.028928961139172316,-0.018144430126994848,-0.018470116425305605,-0.029131506104022264,-0.01502511603757739,-0.048936654813587666,-0.014191172551363707,-0.030793062411248684,-0.027086722664535046,-0.018475964199751616,-0.014356715139001608,-0.01359268231317401,-0.018082413356751204
b,standing_climbmix_small_16x2048,u0,6,0,ok,,sigmoid,True,1.9775390625,0,327ac72122af52ba52ccc40efcfba74fd77f3459a5b820e149a966c6e9cc38a7,artifacts/exp1/crossprobe/b_tail/probes/iter_0000000.npz,-0.018219427671283484,-0.0525008225813508,-0.04162848135456443,-0.04478799179196358,-0.045214125886559486,-0.0212876726873219,-0.017102413345128298,-0.019911793060600758,-0.017020541708916426,-0.021403543185442686,-0.01801932603120804,-0.03232673951424658,-0.017086512874811888,-0.017596577294170856,-0.016421961598098278,-0.021498905960470438,-0.025460307020694017,-0.04533183993771672,-0.047825566958636045,-0.017617815639823675,-0.033300945768132806,-0.019278578460216522,-0.02280668495222926,-0.013783840462565422,-0.01747015444561839,-0.023666365072131157,-0.014160117134451866,-0.06077368091791868,-0.03249633265659213,-0.016829634085297585,-0.032433219719678164,-0.028098158072680235,-0.03410545503720641,-0.02921902295202017,-0.022145835682749748,-0.027990789152681828,-0.02746946644037962,-0.019513897132128477,-0.020465297158807516,-0.03767406102269888,-0.016567095182836056,-0.016053789295256138,-0.038161644246429205,-0.018287028186023235,-0.02529067685827613,-0.02564433915540576,-0.05119518889114261,-0.017691648565232754,-0.034710912965238094,-0.016225263476371765,-0.019250675104558468,-0.02485454035922885,-0.024751779157668352,-0.022404498886317015,-0.014454415068030357,-0.04955089092254639,-0.016534678172320127,-0.016559226904064417,-0.04472480108961463,-0.03131101047620177,-0.019500247668474913,-0.023491845466196537,-0.018922277726233006,-0.02952605625614524
b,standing_climbmix_small_16x2048,u0,7,0,ok,,sigmoid,True,1.95849609375,0,327ac72122af52ba52ccc40efcfba74fd77f3459a5b820e149a966c6e9cc38a7,artifacts/exp1/crossprobe/b_tail/probes/iter_0000000.npz,-0.01641502883285284,-0.047333665657788515,-0.014219521079212427,-0.0592067064717412,-0.017510424368083477,-0.014795043505728245,-0.017220097593963146,-0.057401626370847225,-0.024526741355657578,-0.012528979685157537,-0.013064993545413017,-0.013751705642789602,-0.018784641288220882,-0.03770914860069752,-0.02914253668859601,-0.02592968102544546,-0.03695657104253769,-0.021762791089713573,-0.03556447010487318,-0.016301325522363186,-0.02889658324420452,-0.029978248290717602,-0.053268381394445896,-0.02128408197313547,-0.03826588299125433,-0.03377484995871782,-0.02467883424833417,-0.017059295438230038,-0.026681430637836456,-0.0431762570515275,-0.01879643276333809,-0.057754320092499256,-0.03478423412889242,-0.027990453876554966,-0.04236950259655714,-0.01683253888040781,-0.028373821638524532,-0.015553616918623447,-0.016176034696400166,-0.013224209658801556,-0.01572241634130478,-0.04611935652792454,-0.02344998251646757,-0.022425231523811817,-0.047204635106027126,-0.022849387489259243,-0.01914703007787466,-0.03748895972967148,-0.01704349648207426,-0.01790765020996332,-0.03216378856450319,-0.013203482143580914,-0.034112599678337574,-0.018519011326134205,-0.022375945933163166,-0.01563082356005907,-0.01660492829978466,-0.01559529174119234,-0.017933162860572338,-0.01544428151100874,-0.03132121916860342,-0.023596230894327164,-0.027040687389671803,-0.022532745264470577
b,standing_climbmix_small_16x2048,u0,8,0,ok,,sigmoid,True,2.435546875,0,327ac72122af52ba52ccc40efcfba74fd77f3459a5b820e149a966c6e9cc38a7,artifacts/exp1/crossprobe/b_tail/probes/iter_0000000.npz,-0.037277549505233765,-0.02122443402186036,-0.03840212617069483,-0.04119012993760407,-0.07013623998500407,-0.03571302187629044,-0.018416730919852853,-0.02947062673047185,-0.018910939106717706,-0.012422858737409115,-0.009667980950325727,-0.017106671817600727,-0.015448244288563728,-0.01980279851704836,-0.010113198310136795,-0.018222498008981347,-0.03653392568230629,-0.034177830908447504,-0.013904288643971086,-0.021862233290448785,-0.032703584525734186,-0.022057794267311692,-0.04518650006502867,-0.02368546649813652,-0.028837055433541536,-0.01946610794402659,-0.024072907166555524,-0.027822465635836124,-0.018073848448693752,-0.013098493218421936,-0.018446881556883454,-0.04937471938319504,-0.011703958036378026,-0.0572285654488951,-0.011376893147826195,-0.025299544679000974,-0.02419375814497471,-0.04324443265795708,-0.015245005255565047,-0.01407155441120267,-0.014028016943484545,-0.017979337135329843,-0.053964982042089105,-0.019634510623291135,-0.027747286250814795,-0.0323618333786726,-0.03298920323140919,-0.035008311504498124,-0.013059781398624182,-0.021880910964682698,-0.05353156477212906,-0.015178516739979386,-0.01661938102915883,-0.027608623960986733,-0.020902821561321616,-0.014912878628820181,-0.02623219322413206,-0.010621588444337249,-0.015097856521606445,-0.025752444751560688,-0.012056619161739945,-0.04124634503386915,-0.011168640106916428,-0.042394235730171204
b,standing_climbmix_small_16x2048,u0,9,0,ok,,sigmoid,True,2.21533203125,0,327ac72122af52ba52ccc40efcfba74fd77f3459a5b820e149a966c6e9cc38a7,artifacts/exp1/crossprobe/b_tail/probes/iter_0000000.npz,-0.01754871755838394,-0.03597390837967396,-0.024447206407785416,-0.049791332334280014,-0.03121379343792796,-0.02652820385992527,-0.037806916050612926,-0.01092243054881692,-0.03411457408219576,-0.04338139854371548,-0.045025977306067944,-0.022659016773104668,-0.03397063910961151,-0.021268580108880997,-0.041945599019527435,-0.018831815104931593,-0.014291555620729923,-0.009318563621491194,-0.04050889052450657,-0.10148307774215937,-0.017749482300132513,-0.011945044621825218,-0.012666244525462389,-0.014429214410483837,-0.015544026158750057,-0.04079060256481171,-0.015347296372056007,-0.009539259597659111,-0.01417341735213995,-0.03822362795472145,-0.014188103843480349,-0.014705251902341843,-0.019389130175113678,-0.038634301628917456,-0.05336974002420902,-0.03781925141811371,-0.02844251599162817,-0.03214147221297026,-0.024782231077551842,-0.02471444569528103,-0.06201005447655916,-0.014120656065642834,-0.014366884250193834,-0.03528645168989897,-0.0145607003942132,-0.012161175720393658,-0.026378695853054523,-0.0225539468228817,-0.037447014823555946,-0.02508835680782795,-0.04713453724980354,-0.014577713795006275,-0.05968484003096819,-0.013919280841946602,-0.041745967231690884,-0.035357448272407055,-0.01139871496707201,-0.011011131573468447,-0.01941036246716976,-0.013570887967944145,-0.013368838466703892,-0.03189488733187318,-0.013747414108365774,-0.010688153561204672
b,standing_climbmix_small_strided_16x2048,u0,2,0,ok,,sigmoid,True,3.240234375,0,1b7715b489add65669e28155221f1f100d422a7f5d073e20bb75234e98ff6798,artifacts/exp1/crossprobe/b_strided/probes/iter_0000000.npz,-0.018782352562993765,-0.07946818834170699,-0.03159412043169141,-0.028043707367032766,-0.04276891332119703,-0.023188553983345628,-0.032975269481539726,-0.028990679886192083,-0.02339955512434244,-0.023581613088026643,-0.021003346424549818,-0.07889081491157413,-0.034120090305805206,-0.029472490772604942,-0.05249581765383482,-0.028789865784347057,-0.041754238307476044,-0.03304175566881895,-0.02138865878805518,-0.06837077997624874,-0.01734466664493084,-0.06057336740195751,-0.09578817710280418,-0.030726038850843906,-0.04140102304518223,-0.017790069803595543,-0.01933762338012457,-0.051923175342381,-0.03283490426838398,-0.024778162129223347,-0.02132150810211897,-0.033336257096379995,-0.033830396831035614,-0.026604730170220137,-0.016813749447464943,-0.024207887705415487,-0.04078420531004667,-0.02377308439463377,-0.03665069490671158,-0.046463108621537685,-0.029413992539048195,-0.03029490914195776,-0.018934638239443302,-0.057257750537246466,-0.026515848003327847,-0.02700220514088869,-0.01671217940747738,-0.02462812326848507,-0.025854506064206362,-0.020764587447047234,-0.019050450529903173,-0.02731578517705202,-0.022981096990406513,-0.027875909581780434,-0.05554499803110957,-0.04984450526535511,-0.023416458629071712,-0.033208261243999004,-0.03276787791401148,-0.03965516667813063,-0.03441134374588728,-0.017740149050951004,-0.03770710341632366,-0.02417300920933485
b,standing_climbmix_small_strided_16x2048,u1,2,0,ok,,sigmoid,True,1.48828125,0,1b7715b489add65669e28155221f1f100d422a7f5d073e20bb75234e98ff6798,artifacts/exp1/crossprobe/b_strided/probes/iter_0000000.npz,-0.024221294093877077,-0.05516469571739435,-0.04299549013376236,-0.0354919652454555,-0.04234344884753227,-0.02205011248588562,-0.027230311185121536,-0.037747014313936234,-0.021831750869750977,-0.026836905628442764,-0.022256068885326385,-0.03393815737217665,-0.03122759936377406,-0.027295000851154327,-0.032841294538229704,-0.03630148991942406,-0.14058709889650345,-0.033073448576033115,-0.03132845088839531,-0.03271012008190155,-0.02638373291119933,-0.040092062670737505,-0.04143883753567934,-0.033750821836292744,-0.03945094393566251,-0.02120807021856308,-0.025165580213069916,-0.03497464954853058,-0.031616080552339554,-0.04118409752845764,-0.026772887911647558,-0.0428963266313076,-0.02631918014958501,-0.030783344991505146,-0.021031099371612072,-0.029370376840233803,-0.034962466452270746,-0.025834265630692244,-0.031140310689806938,-0.024424799252301455,-0.030158616602420807,-0.06035683769732714,-0.018199677113443613,-0.04175201803445816,-0.04387108189985156,-0.030801499262452126,-0.016216556541621685,-0.04566795099526644,-0.032522981986403465,-0.034719772171229124,-0.017449631821364164,-0.05179310590028763,-0.03181880014017224,-0.02668069489300251,-0.03369315713644028,-0.03710833750665188,-0.020001919474452734,-0.03406351059675217,-0.04175542248412967,-0.05662382114678621,-0.02826806530356407,-0.028644626028835773,-0.04408884793519974,-0.034025104716420174
b,standing_climbmix_small_strided_16x2048,u0,3,0,ok,,sigmoid,False,4.53857421875,0,1b7715b489add65669e28155221f1f100d422a7f5d073e20bb75234e98ff6798,artifacts/exp1/crossprobe/b_strided/probes/iter_0000000.npz,-0.03560221823863685,-0.021503866417333484,-0.09158882545307279,-0.044599901186302304,-0.03374261478893459,-0.01946292957291007,-0.02505966555327177,-0.014772670809179544,-0.03594159707427025,-0.020938248839229345,-0.0242763115093112,-0.022261920617893338,-0.01510722259990871,-0.02836214960552752,-0.025506933452561498,-0.04586362210102379,-0.0718852081336081,-0.01441653398796916,-0.01252191816456616,-0.024941350100561976,-0.017007710877805948,-0.03943140432238579,-0.0223108041100204,-0.018873299239203334,-0.014584423508495092,-0.01933607365936041,-0.013061754638329148,-0.030888971406966448,-0.042027304181829095,-0.016752471681684256,-0.0775794293731451,-0.018173528602346778,-0.031084868125617504,-0.025512545136734843,-0.026701557682827115,-0.01493554376065731,-0.03551293630152941,-0.020673991180956364,-0.017095675226300955,-0.018726734910160303,-0.020205016247928143,-0.025791990105062723,-0.030531187308952212,-0.014485018327832222,-0.03034632420167327,-0.035813731141388416,-0.027379282051697373,-0.023487570928409696,-0.021895156474784017,-0.012921870220452547,-0.024385694647207856,-0.03593574045225978,-0.027099784463644028,-0.03621608158573508,-0.01876960229128599,-0.01887544384226203,-0.03789346222765744,-0.05104043334722519,-0.018042347626760602,-0.030230549164116383,-0.0125283298548311,-0.01831432688049972,-0.01374489301815629,-0.019026095513254404
b,standing_climbmix_small_strided_16x2048,u1,3,0,ok,,sigmoid,True,1.67626953125,0,1b7715b489add65669e28155221f1f100d422a7f5d073e20bb75234e98ff6798,artifacts/exp1/crossprobe/b_strided/probes/iter_0000000.npz,-0.028604903258383274,-0.040635114535689354,-0.03140341956168413,-0.01726968213915825,-0.034341292921453714,-0.024286389350891113,-0.029696520417928696,-0.019543804228305817,-0.029880324378609657,-0.028094305656850338,-0.017903181724250317,-0.0191722409799695,-0.017910582944750786,-0.027629539370536804,-0.020385896787047386,-0.02690568007528782,-0.03080695867538452,-0.01637265831232071,-0.033685050904750824,-0.023131974507123232,-0.02255088835954666,-0.05157038476318121,-0.019499395042657852,-0.035108393523842096,-0.016046972945332527,-0.02149096317589283,-0.026503349654376507,-0.030965453013777733,-0.05128815956413746,-0.03393154591321945,-0.03556114621460438,-0.03046266734600067,-0.02245560847222805,-0.024008585140109062,-0.03162666969001293,-0.015703409910202026,-0.024595340713858604,-0.01534539507701993,-0.028115199878811836,-0.02403431013226509,-0.02891030046157539,-0.0357043519616127,-0.030634496361017227,-0.0246213860809803,-0.0349472826346755,-0.06918266788125038,-0.030316573567688465,-0.02241745963692665,-0.0139244943857193,-0.015489458572119474,-0.02951987087726593,-0.03117734007537365,-0.035691386088728905,-0.04491466749459505,-0.026075296103954315,-0.024671638384461403,-0.026022693142294884,-0.028385194018483162,-0.03390966169536114,-0.020984052680432796,-0.03540196269750595,-0.03667238727211952,-0.016912106424570084,-0.031576093286275864
b,standing_climbmix_small_strided_16x2048,u0,4,0,ok,,sigmoid,False,4.9375,0,1b7715b489add65669e28155221f1f100d422a7f5d073e20bb75234e98ff6798,artifacts/exp1/crossprobe/b_strided/probes/iter_0000000.npz,-0.02561813546344638,-0.026126582408323884,-0.016605481039732695,-0.03344347141683102,-0.026483731577172875,-0.042534506879746914,-0.023489774204790592,-0.03165456838905811,-0.020287001505494118,-0.021219345275312662,-0.015688623301684856,-0.025317421182990074,-0.022568200016394258,-0.015273822471499443,-0.03307444043457508,-0.02331805624999106,-0.028832401614636183,-0.018828779691830277,-0.024618984200060368,-0.014120883541181684,-0.038441949523985386,-0.019035860896110535,-0.08974543656222522,-0.01929898955859244,-0.02168512437492609,-0.019798886962234974,-0.01747761480510235,-0.02044077031314373,-0.01773690339177847,-0.022941912291571498,-0.01559548731893301,-0.03986412310041487,-0.030100425705313683,-0.1585512850433588,-0.01806538738310337,-0.034347968408837914,-0.013665243983268738,-0.02586823608726263,-0.02915325202047825,-0.02312726341187954,-0.02459311136044562,-0.018354656407609582,-0.02442744839936495,-0.0145359777379781,-0.014285572338849306,-0.04824542813003063,-0.14915287727490067,-0.0326057355850935,-0.014568899758160114,-0.023871258134022355,-0.024615522474050522,-0.028387578669935465,-0.0183855970390141,-0.01981516368687153,-0.016355107771232724,-0.013989875093102455,-0.021151235327124596,-0.020611388608813286,-0.03319430537521839,-0.01810805406421423,-0.018271354725584388,-0.022895324043929577,-0.020102896029129624,-0.021277976222336292
b,standing_climbmix_small_strided_16x2048,u1,4,0,ok,,sigmoid,True,1.62548828125,0,1b7715b489add65669e28155221f1f100d422a7f5d073e20bb75234e98ff6798,artifacts/exp1/crossprobe/b_strided/probes/iter_0000000.npz,-0.036384633742272854,-0.01907055196352303,-0.029613474383950233,-0.06282755546271801,-0.04298247769474983,-0.03097985591739416,-0.02627634722739458,-0.03473185747861862,-0.03691777400672436,-0.029228122904896736,-0.031055493280291557,-0.019867928232997656,-0.024341300129890442,-0.02516365237534046,-0.02976127155125141,-0.023356322199106216,-0.036847151815891266,-0.027764382772147655,-0.03615768440067768,-0.041769566014409065,-0.029644019901752472,-0.029485533945262432,-0.035292306914925575,-0.02884824387729168,-0.03446921519935131,-0.03227521199733019,-0.03461237624287605,-0.03987175226211548,-0.01647124160081148,-0.02461290080100298,-0.032718615140765905,-0.024593078531324863,-0.029469221830368042,-0.04285396449267864,-0.027949209325015545,-0.030106408521533012,-0.01593230850994587,-0.03612029366195202,-0.04050002433359623,-0.020020301453769207,-0.034487131400965154,-0.022698023356497288,-0.04751607682555914,-0.025592640973627567,-0.016280943527817726,-0.030588073655962944,-0.04196744039654732,-0.02506563439965248,-0.04110349155962467,-0.02042575180530548,-0.0352841125568375,-0.03462351765483618,-0.02702631987631321,-0.03729169350117445,-0.025101959705352783,-0.023130531422793865,-0.024736452847719193,-0.020843456499278545,-0.02274120319634676,-0.03752384893596172,-0.04724380187690258,-0.03249087557196617,-0.021799777634441853,-0.04348818026483059
b,standing_climbmix_small_strided_16x2048,u0,5,0,ok,,sigmoid,False,5.47412109375,0,1b7715b489add65669e28155221f1f100d422a7f5d073e20bb75234e98ff6798,artifacts/exp1/crossprobe/b_strided/probes/iter_0000000.npz,-0.014449624810367823,-0.014066257048398256,-0.018330304883420467,-0.019723800010979176,-0.019843116868287325,-0.017050696536898613,-0.022525329142808914,-0.019984405487775803,-0.03536168206483126,-0.0184386158362031,-0.024079843889921904,-0.019298830069601536,-0.01884357864037156,-0.06761962361633778,-0.02258707582950592,-0.029621618799865246,-0.016046499833464622,-0.014442467363551259,-0.027290179627016187,-0.016698583960533142,-0.026374923530966043,-0.01768800150603056,-0.02844448946416378,-0.01968373404815793,-0.01664521638303995,-0.030094843357801437,-0.019781738054007292,-0.02360524144023657,-0.01743912696838379,-0.023200320545583963,-0.01720822975039482,-0.014116493053734303,-0.014704493805766106,-0.12049764674156904,-0.017082535661756992,-0.013298396952450275,-0.021169948391616344,-0.014766589272767305,-0.015629874542355537,-0.015651770401746035,-0.020117363892495632,-0.014273038133978844,-0.015297926962375641,-0.025623371824622154,-0.015439027454704046,-0.01944694295525551,-0.019008550327271223,-0.029129172675311565,-0.022327629383653402,-0.021398196928203106,-0.026700714603066444,-0.014017540495842695,-0.015313148498535156,-0.01669576531276107,-0.02091469941660762,-0.017837748862802982,-0.014783091843128204,-0.04660814255475998,-0.02217358723282814,-0.01794696506112814,-0.03603667579591274,-0.024921024683862925,-0.3365238131955266,-0.015193615108728409
b,standing_climbmix_small_strided_16x2048,u1,5,0,ok,,sigmoid,True,1.61376953125,0,1b7715b489add65669e28155221f1f100d422a7f5d073e20bb75234e98ff6798,artifacts/exp1/crossprobe/b_strided/probes/iter_0000000.npz,-0.018760487902909517,-0.025755533948540688,-0.023328300565481186,-0.028963576536625624,-0.026697553228586912,-0.025737678166478872,-0.018645683769136667,-0.02321755001321435,-0.023957565892487764,-0.027538856025785208,-0.017771909944713116,-0.025551453232765198,-0.021672707982361317,-0.03318261355161667,-0.039047354366630316,-0.022855811286717653,-0.01727419253438711,-0.029008659534156322,-0.020715804304927588,-0.04025058634579182,-0.01837034337222576,-0.03231789683923125,-0.02466018032282591,-0.02026241598650813,-0.019622414372861385,-0.027666411828249693,-0.04170165490359068,-0.027709645684808493,-0.02556860912591219,-0.028131451923400164,-0.037858735769987106,-0.020091000478714705,-0.03499550884589553,-0.03274232102558017,-0.018133790232241154,-0.035099385771900415,-0.028705890756100416,-0.01569455163553357,-0.028853493742644787,-0.04258421715348959,-0.018092301674187183,-0.01603929465636611,-0.019019540399312973,-0.023466375656425953,-0.0208114730194211,-0.02224548440426588,-0.028005782049149275,-0.017832727637141943,-0.034961070865392685,-0.05612955987453461,-0.03158007888123393,-0.031187562737613916,-0.01896307710558176,-0.018851769156754017,-0.030861638020724058,-0.017354548908770084,-0.0498575191013515,-0.01852982072159648,-0.028837514109909534,-0.023077897261828184,-0.027169890236109495,-0.022437194362282753,-0.02693429170176387,-0.01976476749405265
b,standing_climbmix_small_strided_16x2048,u0,6,0,ok,,sigmoid,True,2.994140625,0,1b7715b489add65669e28155221f1f100d422a7f5d073e20bb75234e98ff6798,artifacts/exp1/crossprobe/b_strided/probes/iter_0000000.npz,-0.019319813698530197,-0.014732876792550087,-0.02138784434646368,-0.019359219819307327,-0.018531878478825092,-0.019191555678844452,-0.017559163039550185,-0.01861794851720333,-0.020797033794224262,-0.020963932620361447,-0.013926647370681167,-0.0790235847234726,-0.0199153833091259,-0.01587953674606979,-0.018537658266723156,-0.02016018144786358,-0.015942449681460857,-0.01766487304121256,-0.019930994138121605,-0.027568668127059937,-0.015941346064209938,-0.07428613305091858,-0.037854257272556424,-0.03899153764359653,-0.02645402099005878,-0.020744862034916878,-0.022911065258085728,-0.02260244358330965,-0.0168920389842242,-0.013623587787151337,-0.021396290510892868,-0.01896665431559086,-0.01655560825020075,-0.021043275482952595,-0.020526593551039696,-0.017480806447565556,-0.02092647086828947,-0.06054905685596168,-0.018227028660476208,-0.014598159119486809,-0.024122798815369606,-0.027737013064324856,-0.038596928818151355,-0.019227145239710808,-0.02073842193931341,-0.025177129544317722,-0.014306525932624936,-0.029003918869420886,-0.02200569398701191,-0.02552239689975977,-0.020359350368380547,-0.02036810852587223,-0.026962019503116608,-0.09603677317500114,-0.01867809984833002,-0.023556111380457878,-0.016898125410079956,-0.021737219765782356,-0.020211756229400635,-0.07971701119095087,-0.015236236155033112,-0.01413234113715589,-0.060244414024055004,-0.018484932370483875
b,standing_climbmix_small_strided_16x2048,u1,6,0,ok,,sigmoid,True,2.25927734375,0,1b7715b489add65669e28155221f1f100d422a7f5d073e20bb75234e98ff6798,artifacts/exp1/crossprobe/b_strided/probes/iter_0000000.npz,-0.02337685413658619,-0.048070153221488,-0.03185948682948947,-0.039029126055538654,-0.03071574494242668,-0.04354521632194519,-0.01890500169247389,-0.021928650327026844,-0.020351463928818703,-0.02124013565480709,-0.021260338835418224,-0.03613912872970104,-0.0268726609647274,-0.020626669749617577,-0.016469386406242847,-0.025854970328509808,-0.030282467138022184,-0.028488492593169212,-0.0436126384884119,-0.020413145422935486,-0.019297895021736622,-0.023229591082781553,-0.023386061191558838,-0.016681985929608345,-0.022806142456829548,-0.020582666620612144,-0.016300978139042854,-0.029597172513604164,-0.04233677498996258,-0.014459993690252304,-0.031007999554276466,-0.030102123506367207,-0.03227839060127735,-0.024114602245390415,-0.025987797416746616,-0.03507189638912678,-0.02031463012099266,-0.023959428071975708,-0.019415763206779957,-0.02210408356040716,-0.021785590797662735,-0.018394701182842255,-0.041751920245587826,-0.018818349577486515,-0.031951749697327614,-0.027252422645688057,-0.043733092956244946,-0.01981433155015111,-0.05176541954278946,-0.0205698125064373,-0.014787294436246157,-0.02156716398894787,-0.02247636206448078,-0.03416088689118624,-0.015762032940983772,-0.04510795511305332,-0.016305199824273586,-0.017131011467427015,-0.026464762166142464,-0.0385768748819828,-0.015138410031795502,-0.02259279042482376,-0.022013232111930847,-0.03035430982708931
b,standing_climbmix_small_strided_16x2048,u0,7,0,ok,,sigmoid,False,3.82177734375,0,1b7715b489add65669e28155221f1f100d422a7f5d073e20bb75234e98ff6798,artifacts/exp1/crossprobe/b_strided/probes/iter_0000000.npz,-0.015518870204687119,-0.022425317205488682,-0.01702934503555298,-0.021693998016417027,-0.027495007496327162,-0.11832300829701126,-0.04174277512356639,-0.023484742268919945,-0.01813064538873732,-0.022690801648423076,-0.019522674148902297,-0.029502575984224677,-0.01819534692913294,-0.013886183965951204,-0.02763843326829374,-0.017095215152949095,-0.020640583941712976,-0.03749500494450331,-0.026645364239811897,-0.017917539924383163,-0.0194634513463825,-0.01427036989480257,-0.023377439007163048,-0.014501011930406094,-0.0160726485773921,-0.02524169348180294,-0.015242401510477066,-0.02061830647289753,-0.03666427149437368,-0.017625943524762988,-0.023509464925155044,-0.019901613472029567,-0.02545525273308158,-0.024976731976494193,-0.019956549629569054,-0.015575042692944407,-0.0271971276961267,-0.017355029936879873,-0.017424789257347584,-0.01714663067832589,-0.015364665072411299,-0.017463172553107142,-0.013245656155049801,-0.016520729986950755,-0.02230544830672443,-0.08264884259551764,-0.011696803150698543,-0.014059825101867318,-0.02275282796472311,-0.03774801781401038,-0.023793768137693405,-0.015209221746772528,-0.013985673664137721,-0.023441448574885726,-0.017129631945863366,-0.01949304435402155,-0.027396772988140583,-0.040225119795650244,-0.05365559458732605,-0.02561568934470415,-0.021689764456823468,-0.01406167121604085,-0.013947195839136839,-0.06464089243672788
b,standing_climbmix_small_strided_16x2048,u1,7,0,ok,,sigmoid,True,2.16796875,0,1b7715b489add65669e28155221f1f100d422a7f5d073e20bb75234e98ff6798,artifacts/exp1/crossprobe/b_strided/probes/iter_0000000.npz,-0.014860168099403381,-0.02719213906675577,-0.01648676465265453,-0.03617865010164678,-0.022442113840952516,-0.019037646241486073,-0.019222339615225792,-0.02651614393107593,-0.0229432366322726,-0.014887700788676739,-0.017787745920941234,-0.01668443251401186,-0.018350166035816073,-0.017110533779487014,-0.028449672972783446,-0.02857647743076086,-0.07062801043502986,-0.02380560035817325,-0.024673671228811145,-0.017746857134625316,-0.026392017491161823,-0.02410788438282907,-0.08006395190022886,-0.024025193182751536,-0.03270090464502573,-0.03152127447538078,-0.020736815175041556,-0.019857289968058467,-0.03115367330610752,-0.04244774649851024,-0.020629078848287463,-0.05532684992067516,-0.03412292059510946,-0.02433546702377498,-0.04731627623550594,-0.030521609587594867,-0.03085230733267963,-0.01928399014286697,-0.017681450583040714,-0.015787890879437327,-0.017902566120028496,-0.02599508035928011,-0.018905441975221038,-0.02147821057587862,-0.033529941691085696,-0.03853218606673181,-0.014237926108762622,-0.03940109070390463,-0.025675252778455615,-0.022338350070640445,-0.029912831261754036,-0.01432127202861011,-0.022362030809745193,-0.03755343961529434,-0.039457367500290275,-0.015656202798709273,-0.02375353593379259,-0.025914560072124004,-0.01925607747398317,-0.022966966731473804,-0.04294234421104193,-0.02221757429651916,-0.020079630194231868,-0.04288507695309818
b,standing_climbmix_small_strided_16x2048,u0,8,0,ok,,sigmoid,False,5.41015625,0,1b7715b489add65669e28155221f1f100d422a7f5d073e20bb75234e98ff6798,artifacts/exp1/crossprobe/b_strided/probes/iter_0000000.npz,-0.015531477052718401,-0.02567498106509447,-0.016517110634595156,-0.029284178279340267,-0.01850586896762252,-0.01972425216808915,-0.010130213107913733,-0.023343681823462248,-0.0241848467849195,-0.017524341586977243,-0.017119999509304762,-0.021872454788535833,-0.025669862516224384,-0.01184328063391149,-0.01692650094628334,-0.025018205400556326,-0.01595200365409255,-0.014753442723304033,-0.40062032314017415,-0.017961827106773853,-0.016376343555748463,-0.016615910455584526,-0.019843549001961946,-0.01940888026729226,-0.013646411709487438,-0.031268988735973835,-0.014659988228231668,-0.018801545724272728,-0.012369371019303799,-0.01533238124102354,-0.014368326403200626,-0.016463892068713903,-0.016186749562621117,-0.022149268072098494,-0.019229074707254767,-0.019201145507395267,-0.024190828669816256,-0.017406792379915714,-0.061555382795631886,-0.017665312625467777,-0.012587609700858593,-0.014223694335669279,-0.017138106748461723,-0.020575962029397488,-0.013665894977748394,-0.022649670019745827,-0.015395462047308683,-0.012209887150675058,-0.19566692505031824,-0.023971974849700928,-0.014291742816567421,-0.024375867564231157,-0.025434606708586216,-0.017965734004974365,-0.02041345927864313,-0.014205039944499731,-0.014006519224494696,-0.015923072583973408,-0.062246267683804035,-0.023874109610915184,-0.01986150979064405,-0.01670233253389597,-0.01590899098664522,-0.015509067103266716
b,standing_climbmix_small_strided_16x2048,u1,8,0,ok,,sigmoid,True,1.70263671875,0,1b7715b489add65669e28155221f1f100d422a7f5d073e20bb75234e98ff6798,artifacts/exp1/crossprobe/b_strided/probes/iter_0000000.npz,-0.03515427187085152,-0.023927265778183937,-0.04436709824949503,-0.051657347939908504,-0.02495751529932022,-0.03517674468457699,-0.014589648693799973,-0.027365831658244133,-0.017148476094007492,-0.013290059752762318,-0.014219335280358791,-0.021643638610839844,-0.018355873879045248,-0.03141972795128822,-0.012353058904409409,-0.02209535427391529,-0.029015328735113144,-0.047182018868625164,-0.03305059531703591,-0.02559868060052395,-0.0246474277228117,-0.01973343826830387,-0.029825608246028423,-0.023958884179592133,-0.026305457577109337,-0.02575170435011387,-0.018798756413161755,-0.023129268549382687,-0.017930852714926004,-0.014836694579571486,-0.01647115685045719,-0.04461773484945297,-0.013737709261476994,-0.038327849470078945,-0.016546178609132767,-0.023600803688168526,-0.02716311253607273,-0.02387530729174614,-0.026807980029843748,-0.014954630751162767,-0.013507917523384094,-0.014640146866440773,-0.031020512804389,-0.019351959228515625,-0.03515655640512705,-0.02317788964137435,-0.03253648476675153,-0.025873651262372732,-0.024684268049895763,-0.04286749754101038,-0.03509826026856899,-0.01844286359846592,-0.022086497396230698,-0.03142870869487524,-0.020763786509633064,-0.01679302379488945,-0.021269305958412588,-0.01611475506797433,-0.024122479371726513,-0.03364206664264202,-0.013687654864042997,-0.03192773833870888,-0.015371466521173716,-0.03488084801938385
b,standing_climbmix_small_strided_16x2048,u0,9,0,ok,,sigmoid,False,3.5390625,0,1b7715b489add65669e28155221f1f100d422a7f5d073e20bb75234e98ff6798,artifacts/exp1/crossprobe/b_strided/probes/iter_0000000.npz,-0.02465413184836507,-0.01834588497877121,-0.015883250627666712,-0.014007463585585356,-0.017236709129065275,-0.01667681196704507,-0.03278837352991104,-0.07477127993479371,-0.018490544985979795,-0.020900906063616276,-0.015907203312963247,-0.017264024820178747,-0.01785079063847661,-0.03528106026351452,-0.01269488362595439,-0.01853680470958352,-0.03677558107301593,-0.01165572414174676,-0.015844643115997314,-0.021637102123349905,-0.015254405792802572,-0.015628539491444826,-0.019774585496634245,-0.019244675990194082,-0.011821608524769545,-0.015013390686362982,-0.014369716867804527,-0.014843304175883532,-0.08160627307370305,-0.014252117834985256,-0.04127415921539068,-0.02216370915994048,-0.015434455592185259,-0.02539272280409932,-0.012163604144006968,-0.013639347162097692,-0.02055606385692954,-0.014789154287427664,-0.01720816222950816,-0.020167377311736345,-0.015833547804504633,-0.028471541590988636,-0.021811175160109997,-0.018177954480051994,-0.017045855056494474,-0.01633663335815072,-0.016926924232393503,-0.06460297992452979,-0.014161715749651194,-0.015883191488683224,-0.03276384575292468,-0.02286004414781928,-0.01577517343685031,-0.015969081316143274,-0.01355097396299243,-0.016194574534893036,-0.012231981847435236,-0.019381297752261162,-0.03982443315908313,-0.01751847192645073,-0.056830798741430044,-0.013332914095371962,-0.07891093334183097,-0.0356445019133389
b,standing_climbmix_small_strided_16x2048,u1,9,0,ok,,sigmoid,True,1.97119140625,0,1b7715b489add65669e28155221f1f100d422a7f5d073e20bb75234e98ff6798,artifacts/exp1/crossprobe/b_strided/probes/iter_0000000.npz,-0.020186026580631733,-0.0248610011767596,-0.019312473013997078,-0.0428013326600194,-0.016578875249251723,-0.02724159578792751,-0.04116091411560774,-0.016141898464411497,-0.023936041397973895,-0.040565470000728965,-0.03076118230819702,-0.02209886466152966,-0.04076748131774366,-0.021191671257838607,-0.017283658497035503,-0.019548279233276844,-0.018919452792033553,-0.011705373413860798,-0.02883545565418899,-0.06562360981479287,-0.014416542369872332,-0.01718790433369577,-0.015461388742551208,-0.016117888037115335,-0.0157193960621953,-0.034211028134450316,-0.021065743640065193,-0.013823380460962653,-0.02097292779944837,-0.02468369505368173,-0.01987380161881447,-0.019531535916030407,-0.017386332852765918,-0.028902712278068066,-0.03437589993700385,-0.03399674664251506,-0.025675152195617557,-0.017167000332847238,-0.022145839175209403,-0.02312562009319663,-0.04665482207201421,-0.02121338527649641,-0.018084591953083873,-0.028303787810727954,-0.026252923300489783,-0.015796290477737784,-0.036535464227199554,-0.03789403918199241,-0.03439869522117078,-0.014949733391404152,-0.08449745620600879,-0.016970214201137424,-0.03967017843388021,-0.014671409269794822,-0.020072919316589832,-0.021536734886467457,-0.01461735530756414,-0.01677999016828835,-0.022604487603530288,-0.016996248625218868,-0.018075849395245314,-0.032495618565008044,-0.022106069838628173,-0.014855699613690376
b,standing_climbmix_small_spread_off1_16x2048,u0,2,0,ok,,sigmoid,True,1.548828125,0,bc3669899701e282b42e31823f7eed6061527c83c3b31f193d0bc04c677700d9,artifacts/exp1/crossprobe/b_spread_off1/probes/iter_0000000.npz,-0.03151095728389919,-0.04747612844221294,-0.0350364176556468,-0.032859638798981905,-0.045610776636749506,-0.023148547392338514,-0.031153975054621696,-0.04429411003366113,-0.023651338648051023,-0.027749450411647558,-0.023405522108078003,-0.03384491894394159,-0.03170900512486696,-0.026611520908772945,-0.029676780570298433,-0.035124031361192465,-0.13164410658646375,-0.030804733280092478,-0.030072985216975212,-0.03858681092970073,-0.024690094403922558,-0.04301061015576124,-0.04748175386339426,-0.032165464013814926,-0.03833342436701059,-0.02081718109548092,-0.02801286755129695,-0.039672345388680696,-0.03356384369544685,-0.034794578328728676,-0.028609369415789843,-0.03542250348255038,-0.02733842795714736,-0.027928468771278858,-0.020046032033860683,-0.031063111498951912,-0.03705692803487182,-0.028197717620059848,-0.03541171411052346,-0.03735079010948539,-0.0298792258836329,-0.04183230921626091,-0.019516545347869396,-0.04303618986159563,-0.045127561781555414,-0.03030432853847742,-0.017277803272008896,-0.04546568030491471,-0.031198017299175262,-0.03327655931934714,-0.019202078692615032,-0.04371177009306848,-0.033786681247875094,-0.029781790915876627,-0.03441030299291015,-0.037302227690815926,-0.0240468205884099,-0.03343608835712075,-0.03577557858079672,-0.052425081841647625,-0.03094229567795992,-0.027120881713926792,-0.049328897846862674,-0.030519637279212475
b,standing_climbmix_small_spread_off1_16x2048,u1,2,0,ok,,sigmoid,True,1.49267578125,0,bc3669899701e282b42e31823f7eed6061527c83c3b31f193d0bc04c677700d9,artifacts/exp1/crossprobe/b_spread_off1/probes/iter_0000000.npz,-0.029501445591449738,-0.05433929665014148,-0.03655862994492054,-0.032700616866350174,-0.04493223316967487,-0.022480163723230362,-0.02831733413040638,-0.044329237658530474,-0.02317106770351529,-0.028009744361042976,-0.02201789291575551,-0.03156997263431549,-0.03210419602692127,-0.02825915440917015,-0.030856060329824686,-0.03254625201225281,-0.12266813777387142,-0.03561772289685905,-0.029555276036262512,-0.03618095815181732,-0.02516857231967151,-0.04270242294296622,-0.04982477333396673,-0.0317731536924839,-0.03769629052840173,-0.020535416901111603,-0.025561312912032008,-0.03951009805314243,-0.03370495326817036,-0.036336902529001236,-0.028602030128240585,-0.037921431241557,-0.026678292080760002,-0.02671802556142211,-0.020405541639775038,-0.0294331437908113,-0.03589053684845567,-0.02669261465780437,-0.03736769035458565,-0.028294806834310293,-0.029252104461193085,-0.04981304705142975,-0.01946950308047235,-0.040833087638020515,-0.04349638568237424,-0.030677251983433962,-0.016532644163817167,-0.04542510770261288,-0.031351415906101465,-0.03446886222809553,-0.018903803545981646,-0.047676865477114916,-0.03432397544384003,-0.028577576857060194,-0.03388700517825782,-0.038721769116818905,-0.027723139617592096,-0.03415447426959872,-0.036499153822660446,-0.055180979892611504,-0.027496840339154005,-0.026514126919209957,-0.04622123669832945,-0.03245609812438488
b,standing_climbmix_small_spread_off1_16x2048,u0,3,0,ok,,sigmoid,True,1.92822265625,0,bc3669899701e282b42e31823f7eed6061527c83c3b31f193d0bc04c677700d9,artifacts/exp1/crossprobe/b_spread_off1/probes/iter_0000000.npz,-0.0343659995123744,-0.034837436862289906,-0.0437025660648942,-0.019660002551972866,-0.03343729581683874,-0.024176456965506077,-0.026394369080662727,-0.01840063091367483,-0.029423528350889683,-0.026172006502747536,-0.021475733257830143,-0.021512184292078018,-0.018885593861341476,-0.026686464436352253,-0.018382948823273182,-0.02771271951496601,-0.03494848124682903,-0.016350917518138885,-0.02651586290448904,-0.02259707893244922,-0.02017132379114628,-0.04096375871449709,-0.021628287620842457,-0.030426030978560448,-0.01632667798548937,-0.020696363411843777,-0.02256981749087572,-0.029911980964243412,-0.04272178839892149,-0.02654342819005251,-0.0367180285975337,-0.03306713420897722,-0.021193685941398144,-0.02157196681946516,-0.02840097527951002,-0.016874069115146995,-0.025448291562497616,-0.019537183456122875,-0.02495240978896618,-0.022888056002557278,-0.025176304392516613,-0.027659294195473194,-0.027563842944800854,-0.02352986577898264,-0.02610991708934307,-0.042592533864080906,-0.03339364193379879,-0.0234090470476076,-0.017700089141726494,-0.015995177440345287,-0.031628167955204844,-0.03148022200912237,-0.03303347900509834,-0.03925768192857504,-0.02333199791610241,-0.02583450172096491,-0.028235376579687,-0.03211705293506384,-0.030323940329253674,-0.02059984765946865,-0.0326576204970479,-0.03350420016795397,-0.01610639225691557,-0.028356175869703293
b,standing_climbmix_small_spread_off1_16x2048,u1,3,0,ok,,sigmoid,True,2.17041015625,0,bc3669899701e282b42e31823f7eed6061527c83c3b31f193d0bc04c677700d9,artifacts/exp1/crossprobe/b_spread_off1/probes/iter_0000000.npz,-0.031073573045432568,-0.036851514130830765,-0.049166129902005196,-0.018278337898664176,-0.034552888944745064,-0.024442510679364204,-0.028466640040278435,-0.01836882613133639,-0.02954709157347679,-0.025246267206966877,-0.02178293140605092,-0.020556089468300343,-0.018677642568945885,-0.025978543795645237,-0.019837427884340286,-0.03126915730535984,-0.036489393562078476,-0.016275620087981224,-0.03033391945064068,-0.02217758819460869,-0.0204053008928895,-0.043369973078370094,-0.01919684372842312,-0.03157413471490145,-0.018172378186136484,-0.020670185796916485,-0.02354145422577858,-0.029654319398105145,-0.04302591911982745,-0.02774547878652811,-0.04672388406470418,-0.03121266234666109,-0.019952239468693733,-0.0231641111895442,-0.031334493309259415,-0.01656366791576147,-0.02486461296211928,-0.0170898896176368,-0.02561154484283179,-0.026969030499458313,-0.026520940358750522,-0.026202797889709473,-0.026374822948127985,-0.02333300095051527,-0.028299869038164616,-0.041589244501665235,-0.030242959852330387,-0.022746560163795948,-0.01701339753344655,-0.017319620121270418,-0.031487736850976944,-0.02975403517484665,-0.03508323058485985,-0.04197756841313094,-0.023256990127265453,-0.023997170384973288,-0.02988140657544136,-0.03008034685626626,-0.03454075567424297,-0.020490316674113274,-0.03210601210594177,-0.03233709093183279,-0.01598399132490158,-0.02920510619878769
b,standing_climbmix_small_spread_off1_16x2048,u0,4,0,ok,,sigmoid,True,2.06591796875,0,bc3669899701e282b42e31823f7eed6061527c83c3b31f193d0bc04c677700d9,artifacts/exp1/crossprobe/b_spread_off1/probes/iter_0000000.npz,-0.033767166547477245,-0.02143051754683256,-0.02501703705638647,-0.04248457122594118,-0.026022454258054495,-0.03284283820539713,-0.02124607190489769,-0.0348297948949039,-0.02989636780694127,-0.026056785602122545,-0.02895217388868332,-0.020491850096732378,-0.022191820666193962,-0.02273860713467002,-0.028540292754769325,-0.02209851937368512,-0.026955081149935722,-0.025251908227801323,-0.02772891102358699,-0.0328140570782125,-0.02945237746462226,-0.02534443512558937,-0.04321657866239548,-0.02421559952199459,-0.027838686481118202,-0.026862782426178455,-0.03255296545103192,-0.032559625804424286,-0.015302893705666065,-0.025955359917134047,-0.02536180755123496,-0.02874603681266308,-0.026614787057042122,-0.05365512240678072,-0.02159373927861452,-0.0287235789000988,-0.014484191313385963,-0.028626044280827045,-0.0324710737913847,-0.01694380585104227,-0.034364284947514534,-0.020915746688842773,-0.03820330090820789,-0.02391715534031391,-0.014635877683758736,-0.034734344109892845,-0.05455265752971172,-0.02582520991563797,-0.03104360168799758,-0.019862455315887928,-0.03473843215033412,-0.028834670782089233,-0.026318563148379326,-0.030173873528838158,-0.025496983900666237,-0.024786468595266342,-0.022942576557397842,-0.018561022356152534,-0.02392279403284192,-0.031015999615192413,-0.036329937633126974,-0.02750918734818697,-0.02134552039206028,-0.034376232884824276
b,standing_climbmix_small_spread_off1_16x2048,u1,4,0,ok,,sigmoid,True,2.283203125,0,bc3669899701e282b42e31823f7eed6061527c83c3b31f193d0bc04c677700d9,artifacts/exp1/crossprobe/b_spread_off1/probes/iter_0000000.npz,-0.03135717683471739,-0.018417243380099535,-0.025167026789858937,-0.04406692087650299,-0.0283310879021883,-0.02977149188518524,-0.02046342077665031,-0.03451714664697647,-0.02988525852560997,-0.025167888030409813,-0.030844202730804682,-0.019555117469280958,-0.022890079766511917,-0.024099767208099365,-0.02704088343307376,-0.022688557859510183,-0.027570882812142372,-0.02448526443913579,-0.026014431845396757,-0.03329287935048342,-0.03132325038313866,-0.02337126014754176,-0.04195930669084191,-0.025054373778402805,-0.025847261305898428,-0.02687922865152359,-0.035223533399403095,-0.03349637473002076,-0.01463594101369381,-0.023409076500684023,-0.026907275896519423,-0.025530539453029633,-0.025439317570999265,-0.07222173316404223,-0.02084955759346485,-0.027240597642958164,-0.014445790089666843,-0.02766602113842964,-0.033883992582559586,-0.016901362221688032,-0.03414219385012984,-0.019128181505948305,-0.03980378247797489,-0.023128749802708626,-0.014122833264991641,-0.03299811249598861,-0.0675530731678009,-0.023909665178507566,-0.031436346005648375,-0.019923798739910126,-0.03464517742395401,-0.02721726894378662,-0.026405613869428635,-0.033234415110200644,-0.02931241411715746,-0.024812360759824514,-0.0216546431183815,-0.018796399934217334,-0.02343957545235753,-0.029368005692958832,-0.03701762296259403,-0.025975242257118225,-0.020278362557291985,-0.03660025028511882
b,standing_climbmix_small_spread_off1_16x2048,u0,5,0,ok,,sigmoid,True,2.3623046875,0,bc3669899701e282b42e31823f7eed6061527c83c3b31f193d0bc04c677700d9,artifacts/exp1/crossprobe/b_spread_off1/probes/iter_0000000.npz,-0.017631485126912594,-0.023526366567239165,-0.02200949937105179,-0.022926783189177513,-0.030776948435232043,-0.02247375505976379,-0.01939462940208614,-0.019962450256571174,-0.02082525729201734,-0.022440721513703465,-0.020112483529374003,-0.02315799961797893,-0.02156831999309361,-0.043871358735486865,-0.032388487132266164,-0.02708249050192535,-0.017753398744389415,-0.022214092314243317,-0.02358389343135059,-0.030688617378473282,-0.021082010818645358,-0.023850083351135254,-0.02019085071515292,-0.018426030641421676,-0.017450671643018723,-0.024427185533568263,-0.04226388572715223,-0.028051212430000305,-0.02251601475290954,-0.025004310300573707,-0.035987233044579625,-0.024933410808444023,-0.032834186451509595,-0.05650424584746361,-0.018175854114815593,-0.023738373769447207,-0.027216834714636207,-0.014765954343602061,-0.02701527625322342,-0.030446009477600455,-0.019499353831633925,-0.01695467042736709,-0.017546945135109127,-0.024058517767116427,-0.021694677183404565,-0.023839859990403056,-0.025757700204849243,-0.023062032647430897,-0.030080091208219528,-0.040163000812754035,-0.026622124016284943,-0.02557133394293487,-0.016866528196260333,-0.02150755189359188,-0.026496939128264785,-0.01718270150013268,-0.04037546622566879,-0.018698955653235316,-0.027180783450603485,-0.023328125244006515,-0.02452724683098495,-0.020629631355404854,-0.07813014392741024,-0.01780843921005726
b,standing_climbmix_small_spread_off1_16x2048,u1,5,0,ok,,sigmoid,True,2.40869140625,0,bc3669899701e282b42e31823f7eed6061527c83c3b31f193d0bc04c677700d9,artifacts/exp1/crossprobe/b_spread_off1/probes/iter_0000000.npz,-0.016897980123758316,-0.02454712288454175,-0.022634446620941162,-0.02421223046258092,-0.02836029091849923,-0.02270696684718132,-0.019759196788072586,-0.018563127610832453,-0.021399554796516895,-0.020297479815781116,-0.01859225006774068,-0.02556113200262189,-0.0210681208409369,-0.047226461581885815,-0.029652505181729794,-0.022779363207519054,-0.017782909329980612,-0.02423771657049656,-0.021469280123710632,-0.03314892062917352,-0.018498176708817482,-0.024532923940569162,-0.02203758666291833,-0.01941325655207038,-0.01722179912030697,-0.024840323254466057,-0.047770258504897356,-0.02830652240663767,-0.02079069660976529,-0.02549091726541519,-0.036820330657064915,-0.02859505545347929,-0.03639332950115204,-0.061062438413500786,-0.01688560377806425,-0.024374464293941855,-0.025882332120090723,-0.015251687727868557,-0.025184547528624535,-0.03420222969725728,-0.018343706615269184,-0.016201640013605356,-0.016694814432412386,-0.023127433843910694,-0.02432931074872613,-0.021146803162992,-0.02508412580937147,-0.01912530092522502,-0.02968686306849122,-0.0505488608032465,-0.023962269071489573,-0.026700763031840324,-0.017614259384572506,-0.019490393344312906,-0.02866356074810028,-0.017214026302099228,-0.04514842666685581,-0.019949358887970448,-0.025687526911497116,-0.022272387985140085,-0.024440898094326258,-0.020374695770442486,-0.08921004878357053,-0.01806481136009097
b,standing_climbmix_small_spread_off1_16x2048,u0,6,0,ok,,sigmoid,True,1.66845703125,0,bc3669899701e282b42e31823f7eed6061527c83c3b31f193d0bc04c677700d9,artifacts/exp1/crossprobe/b_spread_off1/probes/iter_0000000.npz,-0.020451202057301998,-0.04509780462831259,-0.028706293553113937,-0.03198222070932388,-0.027368126437067986,-0.02566607855260372,-0.018227828666567802,-0.021401654928922653,-0.01819099485874176,-0.020600199699401855,-0.016677990555763245,-0.0411683889105916,-0.01765659637749195,-0.018219880759716034,-0.01823476143181324,-0.023270858451724052,-0.02279026433825493,-0.026427732780575752,-0.039982981979846954,-0.022088566794991493,-0.020585471764206886,-0.03459714166820049,-0.032848530914634466,-0.0217252136208117,-0.02212354727089405,-0.023420403711497784,-0.017456412315368652,-0.0351394135504961,-0.026873169466853142,-0.015752299688756466,-0.029861743096262217,-0.025089314207434654,-0.02600697986781597,-0.024324428290128708,-0.023599854670464993,-0.030411618761718273,-0.02638964354991913,-0.0267036110162735,-0.019808451645076275,-0.019815269857645035,-0.019650449976325035,-0.02100009098649025,-0.03440265357494354,-0.019988222047686577,-0.02771095046773553,-0.025174804031848907,-0.03297314327210188,-0.02267518825829029,-0.03674245439469814,-0.020035626366734505,-0.017606379464268684,-0.02370653674006462,-0.027952449396252632,-0.04250553576275706,-0.016416220925748348,-0.03692854568362236,-0.01752982521429658,-0.01747874543070793,-0.027563542127609253,-0.04780532605946064,-0.01584555394947529,-0.018121957778930664,-0.030203571543097496,-0.024240661412477493
b,standing_climbmix_small_spread_off1_16x2048,u1,6,0,ok,,sigmoid,True,1.65234375,0,bc3669899701e282b42e31823f7eed6061527c83c3b31f193d0bc04c677700d9,artifacts/exp1/crossprobe/b_spread_off1/probes/iter_0000000.npz,-0.020124017260968685,-0.047014329582452774,-0.028372028842568398,-0.036480097100138664,-0.02800438553094864,-0.03173041436821222,-0.01866814401000738,-0.021506705321371555,-0.019630479626357555,-0.019801292568445206,-0.01709143351763487,-0.045036789029836655,-0.019798746332526207,-0.020501908846199512,-0.017003966495394707,-0.024166591465473175,-0.02282236609607935,-0.025097034871578217,-0.044118489138782024,-0.019887272268533707,-0.018831489607691765,-0.030850663781166077,-0.027627095580101013,-0.019912317395210266,-0.020726388320326805,-0.0230090469121933,-0.01761805883143097,-0.0338565306738019,-0.033147914335131645,-0.016831930726766586,-0.030133657157421112,-0.02654066774994135,-0.02803322020918131,-0.02224547415971756,-0.024268196895718575,-0.032575253397226334,-0.021479307673871517,-0.02737797237932682,-0.019210592843592167,-0.019496235065162182,-0.019454166293144226,-0.01947028562426567,-0.039731407538056374,-0.018574885092675686,-0.027850095182657242,-0.02355173509567976,-0.04129205830395222,-0.02318711392581463,-0.04447031393647194,-0.02043436747044325,-0.018437334336340427,-0.023444166406989098,-0.027489617466926575,-0.04063196014612913,-0.014808660955168307,-0.038312360644340515,-0.017555713653564453,-0.01770444307476282,-0.030910163186490536,-0.050451405346393585,-0.015423518605530262,-0.01845325343310833,-0.029350632801651955,-0.025449857115745544
b,standing_climbmix_small_spread_off1_16x2048,u0,7,0,ok,,sigmoid,True,1.6845703125,0,bc3669899701e282b42e31823f7eed6061527c83c3b31f193d0bc04c677700d9,artifacts/exp1/crossprobe/b_spread_off1/probes/iter_0000000.npz,-0.01683913543820381,-0.028287152759730816,-0.017148679122328758,-0.035622723400592804,-0.022328762337565422,-0.034045472741127014,-0.023897179402410984,-0.029948957730084658,-0.023130913265049458,-0.017176546156406403,-0.01771985273808241,-0.0175316259264946,-0.018333954736590385,-0.026006964035332203,-0.02745473850518465,-0.026701077818870544,-0.04759105481207371,-0.027602176181972027,-0.031685600988566875,-0.01732569932937622,-0.02522647473961115,-0.02417141478508711,-0.03926680004224181,-0.023781130090355873,-0.03319769911468029,-0.02865526545792818,-0.01974674640223384,-0.018259773962199688,-0.034687699750065804,-0.03302163723856211,-0.02097389753907919,-0.040995663963258266,-0.030245348811149597,-0.02762819966301322,-0.03512024786323309,-0.020184476859867573,-0.030129553750157356,-0.017620679922401905,-0.016986709088087082,-0.015610620379447937,-0.016735644545406103,-0.03095026547089219,-0.020307333208620548,-0.020386417862027884,-0.029056662693619728,-0.04218058427795768,-0.01551779080182314,-0.0297754080966115,-0.020205289125442505,-0.021132921800017357,-0.02722499193623662,-0.015485614538192749,-0.024881641380488873,-0.02920941449701786,-0.02656532172113657,-0.015690735075622797,-0.02241196483373642,-0.027942776679992676,-0.0282821636646986,-0.023556728847324848,-0.0408072336576879,-0.020734782330691814,-0.02074326016008854,-0.0440223952755332
b,standing_climbmix_small_spread_off1_16x2048,u1,7,0,ok,,sigmoid,True,1.93408203125,0,bc3669899701e282b42e31823f7eed6061527c83c3b31f193d0bc04c677700d9,artifacts/exp1/crossprobe/b_spread_off1/probes/iter_0000000.npz,-0.014886823482811451,-0.02487904205918312,-0.016245665960013866,-0.03538303263485432,-0.021589815616607666,-0.029323387891054153,-0.021374601870775223,-0.023873375728726387,-0.027633885852992535,-0.01698260474950075,-0.016531633213162422,-0.018035229295492172,-0.018340584821999073,-0.02993536926805973,-0.027430672198534012,-0.02883373200893402,-0.06000319682061672,-0.024776275269687176,-0.027652914635837078,-0.01696714386343956,-0.025121215730905533,-0.02425506990402937,-0.0441192127764225,-0.024690154008567333,-0.027830205857753754,-0.03024910669773817,-0.017869269475340843,-0.020604288205504417,-0.031106771901249886,-0.03468107618391514,-0.02108393795788288,-0.04491973202675581,-0.029146239161491394,-0.027613097801804543,-0.03939603269100189,-0.021270567551255226,-0.028828153386712074,-0.01646395679563284,-0.017811235040426254,-0.015275038778781891,-0.01752799190580845,-0.03004569560289383,-0.017499025911092758,-0.018872885964810848,-0.027736062183976173,-0.04103751294314861,-0.016182546503841877,-0.030102932825684547,-0.02021122630685568,-0.02242334559559822,-0.02598599949851632,-0.014562241733074188,-0.02457271981984377,-0.029887800104916096,-0.03187624458223581,-0.015417836606502533,-0.021618009312078357,-0.027928367257118225,-0.023759983479976654,-0.02132624015212059,-0.04326481278985739,-0.020486751571297646,-0.019333085976541042,-0.04025786742568016
b,standing_climbmix_small_spread_off1_16x2048,u0,8,0,ok,,sigmoid,True,2.232421875,0,bc3669899701e282b42e31823f7eed6061527c83c3b31f193d0bc04c677700d9,artifacts/exp1/crossprobe/b_spread_off1/probes/iter_0000000.npz,-0.0293918214738369,-0.02382751344703138,-0.03612277936190367,-0.045897895470261574,-0.03397044166922569,-0.03338529425673187,-0.014635594794526696,-0.024716932326555252,-0.022003697231411934,-0.014948401600122452,-0.013221347471699119,-0.020833770046010613,-0.02007008157670498,-0.020951906451955438,-0.013393752509728074,-0.02263818890787661,-0.025239894865080714,-0.03431607037782669,-0.19086589640937746,-0.02001384273171425,-0.028779789805412292,-0.01882930565625429,-0.028081798227503896,-0.023021778091788292,-0.026513906195759773,-0.02563587948679924,-0.02113762334920466,-0.02340300753712654,-0.017092738300561905,-0.015364252962172031,-0.01612323708832264,-0.03458677418529987,-0.014993680641055107,-0.03406048030592501,-0.016049145022407174,-0.025885670445859432,-0.030115163885056973,-0.02226271852850914,-0.03308503865264356,-0.0155815863981843,-0.013116988353431225,-0.015851554460823536,-0.03418569662608206,-0.018569137901067734,-0.02522307261824608,-0.023350175470113754,-0.031164943939074874,-0.02664024755358696,-0.03623541351407766,-0.026488592848181725,-0.03434154950082302,-0.02086850651539862,-0.021982697769999504,-0.024479427374899387,-0.022514071548357606,-0.015419300412759185,-0.02210635505616665,-0.013387788319960237,-0.029829096281901002,-0.027129225665703416,-0.015373254660516977,-0.0321632819250226,-0.014106414280831814,-0.028358137467876077
b,standing_climbmix_small_spread_off1_16x2048,u1,8,0,ok,,sigmoid,True,2.4580078125,0,bc3669899701e282b42e31823f7eed6061527c83c3b31f193d0bc04c677700d9,artifacts/exp1/crossprobe/b_spread_off1/probes/iter_0000000.npz,-0.03203609585762024,-0.019251516088843346,-0.03815634362399578,-0.039094988256692886,-0.024150850251317024,-0.03879415802657604,-0.012228007894009352,-0.02376668155193329,-0.019358405843377113,-0.015246489085257053,-0.014210786670446396,-0.02180570550262928,-0.019964559003710747,-0.024128076853230596,-0.013236397411674261,-0.021286968141794205,-0.022751348093152046,-0.03758443333208561,-0.24411891982890666,-0.018279819982126355,-0.0324133497197181,-0.021132216788828373,-0.026010388508439064,-0.02131546032615006,-0.0285769528709352,-0.021385815227404237,-0.02041353564709425,-0.02966132014989853,-0.01725202053785324,-0.014517406467348337,-0.016492024064064026,-0.03965618088841438,-0.014078815700486302,-0.028204742819070816,-0.015168922953307629,-0.02365982113406062,-0.02320162858814001,-0.0228803432546556,-0.030191860161721706,-0.015503596514463425,-0.013780491426587105,-0.017449992708861828,-0.03342234529554844,-0.01843220926821232,-0.030316656455397606,-0.0205541318282485,-0.03488838393241167,-0.029025597497820854,-0.0377270570024848,-0.030879899859428406,-0.03679135208949447,-0.019857863895595074,-0.019907528767362237,-0.024898248026147485,-0.021328678354620934,-0.01482101995497942,-0.022420772584155202,-0.015017750672996044,-0.029217000119388103,-0.029799523297697306,-0.01480235462076962,-0.03135800641030073,-0.01453632116317749,-0.02672477997839451
b,standing_climbmix_small_spread_off1_16x2048,u0,9,0,ok,,sigmoid,True,1.7314453125,0,bc3669899701e282b42e31823f7eed6061527c83c3b31f193d0bc04c677700d9,artifacts/exp1/crossprobe/b_spread_off1/probes/iter_0000000.npz,-0.021641170606017113,-0.027907857671380043,-0.018074980936944485,-0.03759268613066524,-0.02662984374910593,-0.02630462043453008,-0.033642036840319633,-0.019733183085918427,-0.02861124649643898,-0.03457343706395477,-0.024220043211244047,-0.019175234949216247,-0.03001510724425316,-0.03030467964708805,-0.023644424160011113,-0.019523845985531807,-0.01878022961318493,-0.01239619532134384,-0.023909181356430054,-0.05907902494072914,-0.01691991649568081,-0.015788218937814236,-0.01730500813573599,-0.01691265217959881,-0.014728792943060398,-0.030537553131580353,-0.021924215834587812,-0.013971045729704201,-0.03351783659309149,-0.024844237719662488,-0.029091402771882713,-0.019941349513828754,-0.01705923059489578,-0.028524484834633768,-0.03410004358738661,-0.027687855064868927,-0.03232357371598482,-0.017791317775845528,-0.020965230301953852,-0.022162441164255142,-0.034473598934710026,-0.022071662358939648,-0.01760604977607727,-0.025730116292834282,-0.01786468073260039,-0.015188054065220058,-0.02545074967201799,-0.03242844098713249,-0.03042798617389053,-0.018255434930324554,-0.04928528144955635,-0.01654960203450173,-0.0405038739554584,-0.01784656324889511,-0.02641640603542328,-0.022323528304696083,-0.014016122673638165,-0.017851978074759245,-0.025662380270659924,-0.016177565208636224,-0.024005225277505815,-0.025785020436160266,-0.030236586928367615,-0.01721071917563677
b,standing_climbmix_small_spread_off1_16x2048,u1,9,0,ok,,sigmoid,True,1.771484375,0,bc3669899701e282b42e31823f7eed6061527c83c3b31f193d0bc04c677700d9,artifacts/exp1/crossprobe/b_spread_off1/probes/iter_0000000.npz,-0.02101392298936844,-0.0232746209949255,-0.016507936641573906,-0.04032871313393116,-0.02493460103869438,-0.02543207723647356,-0.03111325204372406,-0.01931640412658453,-0.024277811869978905,-0.032742162235081196,-0.02194816991686821,-0.02141893468797207,-0.0336738545447588,-0.025482586584985256,-0.021871359087526798,-0.01868314202874899,-0.02143752481788397,-0.011381328571587801,-0.02361837960779667,-0.05716030579060316,-0.01523826364427805,-0.01636374741792679,-0.017116243951022625,-0.015333307906985283,-0.013289805501699448,-0.029408132657408714,-0.02051384747028351,-0.013997768983244896,-0.029586934484541416,-0.026078051887452602,-0.021366631612181664,-0.017999542877078056,-0.01643743272870779,-0.032137143425643444,-0.03060696553438902,-0.031150870490819216,-0.025139685720205307,-0.016239785589277744,-0.020927114877849817,-0.02148857433348894,-0.034441929310560226,-0.022986587951891124,-0.018110605888068676,-0.02295033074915409,-0.01874017808586359,-0.014682598412036896,-0.02922358736395836,-0.03684046398848295,-0.032901886850595474,-0.022102695889770985,-0.07012207061052322,-0.017503236304037273,-0.03636646270751953,-0.014814461581408978,-0.026393625885248184,-0.025490865111351013,-0.013289905153214931,-0.01737256022170186,-0.021099454257637262,-0.015357042662799358,-0.022468267008662224,-0.028714106418192387,-0.02931658923625946,-0.016216187737882137
