run,layer,lag_dumps,lag_steps,t,c_forward,c_backward,asymmetry
A,2,-4,-100,175,0.8382347334737786,0.5162158203877545,0.32201891308602415
A,2,-4,-100,200,0.8085011112464762,0.7607863847173213,0.04771472652915487
A,2,-4,-100,225,0.8141933599225386,0.7862760057165863,0.027917354205952316
A,2,-4,-100,250,0.792141936595273,0.8011059141456632,-0.008963977550390245
A,2,-4,-100,275,0.8093067506331092,0.8556412904604286,-0.04633453982731939
A,2,-4,-100,300,0.7708214860344965,0.8231190901812301,-0.05229760414673357
A,2,-4,-100,325,0.7891828130935802,0.8629320146843329,-0.07374920159075271
A,2,-4,-100,350,0.7737890191491232,0.8597600368861954,-0.08597101773707216
A,2,-4,-100,375,0.7814192860507778,0.8583483176050217,-0.07692903155424391
A,2,-4,-100,400,0.7968250820572429,0.8719598940257132,-0.07513481196847027
A,2,-3,-75,150,0.8051225512971734,0.6684067051937432,0.13671584610343013
A,2,-3,-75,175,0.8490398174218028,0.8063453463536598,0.04269447106814295
A,2,-3,-75,200,0.8346848577732147,0.8478675325171794,-0.013182674743964728
A,2,-3,-75,225,0.8275426054952724,0.8533069521795801,-0.025764346684307715
A,2,-3,-75,250,0.8121139200801638,0.8400975744496385,-0.027983654369474698
A,2,-3,-75,275,0.8214182147922763,0.8752604932506288,-0.053842278458352544
A,2,-3,-75,300,0.7904266349219405,0.8325780051892744,-0.04215137026733384
A,2,-3,-75,325,0.8084706374109795,0.8723660328840297,-0.06389539547305023
A,2,-3,-75,350,0.7790211018931013,0.8473344732032617,-0.06831337131016046
A,2,-3,-75,375,0.7933895654591794,0.8605844632110057,-0.0671948977518263
A,2,-3,-75,400,0.7977641721399469,0.8650748414343108,-0.06731066929436391
A,2,-3,-75,425,0.7852841549285127,0.8375240807145701,-0.052239925786057406
A,2,-2,-50,125,0.669056716284274,0.8194442858260499,-0.1503875695417759
A,2,-2,-50,150,0.8589276505962992,0.903718593664651,-0.04479094306835185
A,2,-2,-50,175,0.8771046765612618,0.8901079819408841,-0.013003305379622354
A,2,-2,-50,200,0.848996331044129,0.8900867141473443,-0.04109038310321533
A,2,-2,-50,225,0.8466379177413862,0.8767115871926672,-0.030073669451280982
A,2,-2,-50,250,0.8260933774940692,0.8603252460657785,-0.034231868571709345
A,2,-2,-50,275,0.8417131590913229,0.8728068262448447,-0.031093667153521798
A,2,-2,-50,300,0.8010140841619421,0.8458834472321325,-0.044869363070190404
A,2,-2,-50,325,0.8266246753493224,0.8606369545853749,-0.034012279236052545
A,2,-2,-50,350,0.7987794737024018,0.8481618331252782,-0.04938235942287639
A,2,-2,-50,375,0.7971004792557109,0.8544500530400788,-0.05734957378436789
A,2,-2,-50,400,0.8073333895818527,0.8497281585204097,-0.04239476893855698
A,2,-2,-50,425,0.7880229979008482,0.8321375846807245,-0.04411458677987634
A,2,-2,-50,450,0.8026043973532396,0.8326011202207577,-0.02999672286751809
A,2,-1,-25,100,0.6957069711451269,0.9145929238146273,-0.2188859526695004
A,2,-1,-25,125,0.7634919562899766,0.92102232658019,-0.15753037029021344
A,2,-1,-25,150,0.8568877654669822,0.9334144791523533,-0.07652671368537112
A,2,-1,-25,175,0.9121139205895207,0.9169539296134948,-0.004840009023974079
A,2,-1,-25,200,0.8725313162759214,0.8937016691987143,-0.0211703529227929
A,2,-1,-25,225,0.8600718024190136,0.8918255165623076,-0.031753714143293976
A,2,-1,-25,250,0.8355204582857116,0.8531894140949712,-0.017668955809259534
A,2,-1,-25,275,0.8518584081934891,0.8749851670170279,-0.023126758823538762
A,2,-1,-25,300,0.8201122671490136,0.8319421992708663,-0.011829932121852682
A,2,-1,-25,325,0.8343392488170608,0.8596261714666252,-0.025286922649564447
A,2,-1,-25,350,0.8139206459447247,0.8415421927477347,-0.02762154680300999
A,2,-1,-25,375,0.813783865491406,0.8382126725993545,-0.02442880710794848
A,2,-1,-25,400,0.8120745396491342,0.8452162152836471,-0.03314167563451287
A,2,-1,-25,425,0.7952072799078924,0.8166029874253047,-0.021395707517412266
A,2,-1,-25,450,0.8050885703512529,0.8181358169610404,-0.01304724660978751
A,2,-1,-25,475,0.825253751335762,0.8351668001774618,-0.009913048841699856
A,2,0,0,75,0.8946419610773011,0.8946419610773011,0.0
A,2,0,0,100,0.8394538066458029,0.8394538066458029,0.0
A,2,0,0,125,0.8703315665788758,0.8703315665788758,0.0
A,2,0,0,150,0.9090656496532543,0.9090656496532543,0.0
A,2,0,0,175,0.9124406809782624,0.9124406809782624,0.0
A,2,0,0,200,0.9064280552027033,0.9064280552027033,0.0
A,2,0,0,225,0.8752020518875577,0.8752020518875577,0.0
A,2,0,0,250,0.8566370166042164,0.8566370166042164,0.0
A,2,0,0,275,0.8642554555347942,0.8642554555347942,0.0
A,2,0,0,300,0.83285855903684,0.83285855903684,0.0
A,2,0,0,325,0.8561204272980186,0.8561204272980186,0.0
A,2,0,0,350,0.8286424042444566,0.8286424042444566,0.0
A,2,0,0,375,0.8336294624359226,0.8336294624359226,0.0
A,2,0,0,400,0.8285566783950026,0.8285566783950026,0.0
A,2,0,0,425,0.802491869668548,0.802491869668548,0.0
A,2,0,0,450,0.8160665934413535,0.8160665934413535,0.0
A,2,0,0,475,0.83072508790991,0.83072508790991,0.0
A,2,0,0,500,0.8709669878819853,0.8709669878819853,0.0
A,2,1,25,100,0.9145929238146273,0.6957069711451269,0.2188859526695004
A,2,1,25,125,0.92102232658019,0.7634919562899766,0.15753037029021344
A,2,1,25,150,0.9334144791523533,0.8568877654669822,0.07652671368537112
A,2,1,25,175,0.9169539296134948,0.9121139205895207,0.004840009023974079
A,2,1,25,200,0.8937016691987143,0.8725313162759214,0.0211703529227929
A,2,1,25,225,0.8918255165623076,0.8600718024190136,0.031753714143293976
A,2,1,25,250,0.8531894140949712,0.8355204582857116,0.017668955809259534
A,2,1,25,275,0.8749851670170279,0.8518584081934891,0.023126758823538762
A,2,1,25,300,0.8319421992708663,0.8201122671490136,0.011829932121852682
A,2,1,25,325,0.8596261714666252,0.8343392488170608,0.025286922649564447
A,2,1,25,350,0.8415421927477347,0.8139206459447247,0.02762154680300999
A,2,1,25,375,0.8382126725993545,0.813783865491406,0.02442880710794848
A,2,1,25,400,0.8452162152836471,0.8120745396491342,0.03314167563451287
A,2,1,25,425,0.8166029874253047,0.7952072799078924,0.021395707517412266
A,2,1,25,450,0.8181358169610404,0.8050885703512529,0.01304724660978751
A,2,1,25,475,0.8351668001774618,0.825253751335762,0.009913048841699856
A,2,2,50,125,0.8194442858260499,0.669056716284274,0.1503875695417759
A,2,2,50,150,0.903718593664651,0.8589276505962992,0.04479094306835185
A,2,2,50,175,0.8901079819408841,0.8771046765612618,0.013003305379622354
A,2,2,50,200,0.8900867141473443,0.848996331044129,0.04109038310321533
A,2,2,50,225,0.8767115871926672,0.8466379177413862,0.030073669451280982
A,2,2,50,250,0.8603252460657785,0.8260933774940692,0.034231868571709345
A,2,2,50,275,0.8728068262448447,0.8417131590913229,0.031093667153521798
A,2,2,50,300,0.8458834472321325,0.8010140841619421,0.044869363070190404
A,2,2,50,325,0.8606369545853749,0.8266246753493224,0.034012279236052545
A,2,2,50,350,0.8481618331252782,0.7987794737024018,0.04938235942287639
A,2,2,50,375,0.8544500530400788,0.7971004792557109,0.05734957378436789
A,2,2,50,400,0.8497281585204097,0.8073333895818527,0.04239476893855698
A,2,2,50,425,0.8321375846807245,0.7880229979008482,0.04411458677987634
A,2,2,50,450,0.8326011202207577,0.8026043973532396,0.02999672286751809
A,2,3,75,150,0.6684067051937432,0.8051225512971734,-0.13671584610343013
A,2,3,75,175,0.8063453463536598,0.8490398174218028,-0.04269447106814295
A,2,3,75,200,0.8478675325171794,0.8346848577732147,0.013182674743964728
A,2,3,75,225,0.8533069521795801,0.8275426054952724,0.025764346684307715
A,2,3,75,250,0.8400975744496385,0.8121139200801638,0.027983654369474698
A,2,3,75,275,0.8752604932506288,0.8214182147922763,0.053842278458352544
A,2,3,75,300,0.8325780051892744,0.7904266349219405,0.04215137026733384
A,2,3,75,325,0.8723660328840297,0.8084706374109795,0.06389539547305023
A,2,3,75,350,0.8473344732032617,0.7790211018931013,0.06831337131016046
A,2,3,75,375,0.8605844632110057,0.7933895654591794,0.0671948977518263
A,2,3,75,400,0.8650748414343108,0.7977641721399469,0.06731066929436391
A,2,3,75,425,0.8375240807145701,0.7852841549285127,0.052239925786057406
A,2,4,100,175,0.5162158203877545,0.8382347334737786,-0.32201891308602415
A,2,4,100,200,0.7607863847173213,0.8085011112464762,-0.04771472652915487
A,2,4,100,225,0.7862760057165863,0.8141933599225386,-0.027917354205952316
A,2,4,100,250,0.8011059141456632,0.792141936595273,0.008963977550390245
A,2,4,100,275,0.8556412904604286,0.8093067506331092,0.04633453982731939
A,2,4,100,300,0.8231190901812301,0.7708214860344965,0.05229760414673357
A,2,4,100,325,0.8629320146843329,0.7891828130935802,0.07374920159075271
A,2,4,100,350,0.8597600368861954,0.7737890191491232,0.08597101773707216
A,2,4,100,375,0.8583483176050217,0.7814192860507778,0.07692903155424391
A,2,4,100,400,0.8719598940257132,0.7968250820572429,0.07513481196847027
B,2,-4,-100,150,0.7168852108957353,0.243681940388517,0.47320327050721833
B,2,-4,-100,175,0.7815512118815592,0.48078279209619984,0.30076841978535934
B,2,-4,-100,200,0.7911836865774065,0.6268387201084321,0.16434496646897434
B,2,-4,-100,225,0.7908627269674726,0.765325945690293,0.02553678127717962
B,2,-4,-100,250,0.8357075242243359,0.820856866271368,0.014850657952967916
B,2,-4,-100,275,0.8224844429033409,0.8539514128995233,-0.03146696999618237
B,2,-4,-100,300,0.809082671113147,0.8445956315889698,-0.03551296047582275
B,2,-4,-100,325,0.8057769585714948,0.8705626248804889,-0.06478566630899407
B,2,-4,-100,350,0.7875685325897938,0.8387512767308863,-0.051182744141092584
B,2,-4,-100,375,0.8250375256276518,0.8501728239194785,-0.025135298291826702
B,2,-4,-100,400,0.8160045661496723,0.8931246321067637,-0.07712006595709142
B,2,-3,-75,125,0.6553595647521919,0.45701230789422237,0.19834725685796956
B,2,-3,-75,150,0.7774338721630137,0.565236311201808,0.2121975609612058
B,2,-3,-75,175,0.79355141497929,0.7367925128997355,0.056758902079554585
B,2,-3,-75,200,0.8130640926136371,0.8318895048843219,-0.018825412270684794
B,2,-3,-75,225,0.8114636312446124,0.8444406888281873,-0.03297705758357494
B,2,-3,-75,250,0.8476044670382031,0.8522021919054009,-0.004597724867197783
B,2,-3,-75,275,0.841669908533756,0.8859575778891754,-0.04428766935541939
B,2,-3,-75,300,0.8238105444081647,0.8569392863523855,-0.033128741944220774
B,2,-3,-75,325,0.8290037586848186,0.8782193336288435,-0.049215574944024953
B,2,-3,-75,350,0.7679409695808073,0.8209941109010074,-0.053053141320200115
B,2,-3,-75,375,0.8331251309842862,0.8812045783104117,-0.04807944732612546
B,2,-3,-75,400,0.8377368698273598,0.8787244150310236,-0.04098754520366377
B,2,-3,-75,425,0.8237340805830315,0.8784505049221318,-0.05471642433910029
B,2,-2,-50,100,0.4878756351177243,0.7553417967492455,-0.2674661616315212
B,2,-2,-50,125,0.7382509346806425,0.7662811842085069,-0.02803024952786437
B,2,-2,-50,150,0.8164304736230406,0.802659765085764,0.013770708537276577
B,2,-2,-50,175,0.8436423300374345,0.8950343887909811,-0.05139205875354658
B,2,-2,-50,200,0.8408070538129497,0.8927358695834752,-0.05192881577052544
B,2,-2,-50,225,0.8196501925857097,0.8639760888076571,-0.04432589622194738
B,2,-2,-50,250,0.8633650191739481,0.8838992117182856,-0.020534192544337415
B,2,-2,-50,275,0.8497675989457348,0.887069232015008,-0.037301633069273143
B,2,-2,-50,300,0.8434508464181293,0.8640634202043176,-0.020612573786188304
B,2,-2,-50,325,0.8462444820859494,0.8624401141627903,-0.016195632076840938
B,2,-2,-50,350,0.7939823638400323,0.8520403678860797,-0.05805800404604744
B,2,-2,-50,375,0.8119152837228621,0.8701083402491432,-0.05819305652628104
B,2,-2,-50,400,0.8414042575104642,0.8741298507884612,-0.032725593277996956
B,2,-2,-50,425,0.8458091251245813,0.8652678439046929,-0.019458718780111628
B,2,-2,-50,450,0.8091769980958369,0.8371546372385515,-0.027977639142714672
B,2,-1,-25,75,0.723327166919617,0.9337739898649203,-0.21044682294530337
B,2,-1,-25,100,0.6370366792336452,0.9314585140048368,-0.29442183477119166
B,2,-1,-25,125,0.8086864835581458,0.9315211285367639,-0.12283464497861818
B,2,-1,-25,150,0.8681765139802318,0.921337644223979,-0.053161130243747245
B,2,-1,-25,175,0.8736257426846002,0.9209898879570336,-0.04736414527243338
B,2,-1,-25,200,0.8744013416947127,0.9001756172093491,-0.025774275514636402
B,2,-1,-25,225,0.8410855672068965,0.8770434693373678,-0.03595790213047123
B,2,-1,-25,250,0.8569456718930886,0.8856892116124904,-0.0287435397194018
B,2,-1,-25,275,0.8680510475658447,0.8807494041467402,-0.012698356580895465
B,2,-1,-25,300,0.8533886819702241,0.8444611234443682,0.008927558525855916
B,2,-1,-25,325,0.865916000869313,0.8859785036882658,-0.020062502818952832
B,2,-1,-25,350,0.8109371069936347,0.8404546468550537,-0.029517539861418918
B,2,-1,-25,375,0.8368985314913909,0.864837360845404,-0.02793882935401304
B,2,-1,-25,400,0.8282111857365291,0.8604033150212691,-0.03219212928474002
B,2,-1,-25,425,0.8537105970741098,0.8567089788413256,-0.0029983817672157853
B,2,-1,-25,450,0.8285472433606044,0.8183444896712747,0.010202753689329658
B,2,-1,-25,475,0.849933141044034,0.8738705157361156,-0.02393737469208168
B,2,0,0,50,0.8970713026992854,0.8970713026992854,0.0
B,2,0,0,75,0.9090258234691058,0.9090258234691058,0.0
B,2,0,0,100,0.9132054959521058,0.9132054959521058,0.0
B,2,0,0,125,0.9024776327722003,0.9024776327722003,0.0
B,2,0,0,150,0.916906600024163,0.916906600024163,0.0
B,2,0,0,175,0.9159847522372806,0.9159847522372806,0.0
B,2,0,0,200,0.9011620899717736,0.9011620899717736,0.0
B,2,0,0,225,0.8695830793941366,0.8695830793941366,0.0
B,2,0,0,250,0.8806245087281516,0.8806245087281516,0.0
B,2,0,0,275,0.8665382271142247,0.8665382271142247,0.0
B,2,0,0,300,0.8721924221342452,0.8721924221342452,0.0
B,2,0,0,325,0.8771177022329057,0.8771177022329057,0.0
B,2,0,0,350,0.8348044819965946,0.8348044819965946,0.0
B,2,0,0,375,0.8555225440850408,0.8555225440850408,0.0
B,2,0,0,400,0.8562458386521397,0.8562458386521397,0.0
B,2,0,0,425,0.8351389516269749,0.8351389516269749,0.0
B,2,0,0,450,0.8412866492791913,0.8412866492791913,0.0
B,2,0,0,475,0.8710933375688105,0.8710933375688105,0.0
B,2,0,0,500,0.8363952924633342,0.8363952924633342,0.0
B,2,1,25,75,0.9337739898649203,0.723327166919617,0.21044682294530337
B,2,1,25,100,0.9314585140048368,0.6370366792336452,0.29442183477119166
B,2,1,25,125,0.9315211285367639,0.8086864835581458,0.12283464497861818
B,2,1,25,150,0.921337644223979,0.8681765139802318,0.053161130243747245
B,2,1,25,175,0.9209898879570336,0.8736257426846002,0.04736414527243338
B,2,1,25,200,0.9001756172093491,0.8744013416947127,0.025774275514636402
B,2,1,25,225,0.8770434693373678,0.8410855672068965,0.03595790213047123
B,2,1,25,250,0.8856892116124904,0.8569456718930886,0.0287435397194018
B,2,1,25,275,0.8807494041467402,0.8680510475658447,0.012698356580895465
B,2,1,25,300,0.8444611234443682,0.8533886819702241,-0.008927558525855916
B,2,1,25,325,0.8859785036882658,0.865916000869313,0.020062502818952832
B,2,1,25,350,0.8404546468550537,0.8109371069936347,0.029517539861418918
B,2,1,25,375,0.864837360845404,0.8368985314913909,0.02793882935401304
B,2,1,25,400,0.8604033150212691,0.8282111857365291,0.03219212928474002
B,2,1,25,425,0.8567089788413256,0.8537105970741098,0.0029983817672157853
B,2,1,25,450,0.8183444896712747,0.8285472433606044,-0.010202753689329658
B,2,1,25,475,0.8738705157361156,0.849933141044034,0.02393737469208168
B,2,2,50,100,0.7553417967492455,0.4878756351177243,0.2674661616315212
B,2,2,50,125,0.7662811842085069,0.7382509346806425,0.02803024952786437
B,2,2,50,150,0.802659765085764,0.8164304736230406,-0.013770708537276577
B,2,2,50,175,0.8950343887909811,0.8436423300374345,0.05139205875354658
B,2,2,50,200,0.8927358695834752,0.8408070538129497,0.05192881577052544
B,2,2,50,225,0.8639760888076571,0.8196501925857097,0.04432589622194738
B,2,2,50,250,0.8838992117182856,0.8633650191739481,0.020534192544337415
B,2,2,50,275,0.887069232015008,0.8497675989457348,0.037301633069273143
B,2,2,50,300,0.8640634202043176,0.8434508464181293,0.020612573786188304
B,2,2,50,325,0.8624401141627903,0.8462444820859494,0.016195632076840938
B,2,2,50,350,0.8520403678860797,0.7939823638400323,0.05805800404604744
B,2,2,50,375,0.8701083402491432,0.8119152837228621,0.05819305652628104
B,2,2,50,400,0.8741298507884612,0.8414042575104642,0.032725593277996956
B,2,2,50,425,0.8652678439046929,0.8458091251245813,0.019458718780111628
B,2,2,50,450,0.8371546372385515,0.8091769980958369,0.027977639142714672
B,2,3,75,125,0.45701230789422237,0.6553595647521919,-0.19834725685796956
B,2,3,75,150,0.565236311201808,0.7774338721630137,-0.2121975609612058
B,2,3,75,175,0.7367925128997355,0.79355141497929,-0.056758902079554585
B,2,3,75,200,0.8318895048843219,0.8130640926136371,0.018825412270684794
B,2,3,75,225,0.8444406888281873,0.8114636312446124,0.03297705758357494
B,2,3,75,250,0.8522021919054009,0.8476044670382031,0.004597724867197783
B,2,3,75,275,0.8859575778891754,0.841669908533756,0.04428766935541939
B,2,3,75,300,0.8569392863523855,0.8238105444081647,0.033128741944220774
B,2,3,75,325,0.8782193336288435,0.8290037586848186,0.049215574944024953
B,2,3,75,350,0.8209941109010074,0.7679409695808073,0.053053141320200115
B,2,3,75,375,0.8812045783104117,0.8331251309842862,0.04807944732612546
B,2,3,75,400,0.8787244150310236,0.8377368698273598,0.04098754520366377
B,2,3,75,425,0.8784505049221318,0.8237340805830315,0.05471642433910029
B,2,4,100,150,0.243681940388517,0.7168852108957353,-0.47320327050721833
B,2,4,100,175,0.48078279209619984,0.7815512118815592,-0.30076841978535934
B,2,4,100,200,0.6268387201084321,0.7911836865774065,-0.16434496646897434
B,2,4,100,225,0.765325945690293,0.7908627269674726,-0.02553678127717962
B,2,4,100,250,0.820856866271368,0.8357075242243359,-0.014850657952967916
B,2,4,100,275,0.8539514128995233,0.8224844429033409,0.03146696999618237
B,2,4,100,300,0.8445956315889698,0.809082671113147,0.03551296047582275
B,2,4,100,325,0.8705626248804889,0.8057769585714948,0.06478566630899407
B,2,4,100,350,0.8387512767308863,0.7875685325897938,0.051182744141092584
B,2,4,100,375,0.8501728239194785,0.8250375256276518,0.025135298291826702
B,2,4,100,400,0.8931246321067637,0.8160045661496723,0.07712006595709142
A,3,-4,-100,175,0.7652498210432594,0.8299539836363883,-0.06470416259312883
A,3,-4,-100,200,0.7117214960962543,0.8670489216811422,-0.15532742558488788
A,3,-4,-100,225,0.6954790120262294,0.8265394552014033,-0.13106044317517385
A,3,-4,-100,250,0.6783400531756124,0.8566479773976865,-0.1783079242220741
A,3,-4,-100,275,0.6603700696039821,0.8631190876276079,-0.20274901802362577
A,3,-4,-100,300,0.6111836613288452,0.7610633231019007,-0.14987966177305556
A,3,-4,-100,325,0.6388538981652067,0.8131251963177639,-0.17427129815255726
A,3,-4,-100,350,0.5849350026143034,0.7368059762887884,-0.151870973674485
A,3,-4,-100,375,0.5652399292652254,0.6777868897455541,-0.11254696048032875
A,3,-4,-100,400,0.6198801852252287,0.7202583161773733,-0.10037813095214465
A,3,-3,-75,150,0.7578482826910956,0.9110736734149145,-0.1532253907238189
A,3,-3,-75,175,0.8101667317233179,0.9072763390972857,-0.09710960737396779
A,3,-3,-75,200,0.7721307743681429,0.8954365601680699,-0.12330578579992701
A,3,-3,-75,225,0.7576687079383697,0.8807045273005611,-0.12303581936219143
A,3,-3,-75,250,0.723835292727443,0.8919810289982911,-0.16814573627084817
A,3,-3,-75,275,0.6834096465885486,0.8665068144669571,-0.18309716787840846
A,3,-3,-75,300,0.6391100358535192,0.7699583886516517,-0.13084835279813245
A,3,-3,-75,325,0.6968546682164592,0.8215042216491467,-0.12464955343268747
A,3,-3,-75,350,0.5875589877465337,0.7080913738244679,-0.12053238607793415
A,3,-3,-75,375,0.5831124388517043,0.7089930905439562,-0.12588065169225193
A,3,-3,-75,400,0.6152847057940057,0.706172571857333,-0.09088786606332722
A,3,-3,-75,425,0.5309223762418345,0.5803817994058197,-0.04945942316398522
A,3,-2,-50,125,0.840353734163532,0.9441794247572957,-0.10382569059376368
A,3,-2,-50,150,0.8506041880077628,0.965641650091937,-0.1150374620841742
A,3,-2,-50,175,0.847344129187586,0.9308776126910051,-0.08353348350341916
A,3,-2,-50,200,0.8205277510777423,0.9276201486634956,-0.10709239758575329
A,3,-2,-50,225,0.8028515625871651,0.9078070629329376,-0.1049555003457725
A,3,-2,-50,250,0.7846754124368094,0.8934066027639677,-0.10873119032715828
A,3,-2,-50,275,0.732789988499286,0.8543197597529858,-0.12152977125369979
A,3,-2,-50,300,0.6550265345155478,0.7715556038610203,-0.11652906934547247
A,3,-2,-50,325,0.7176960616599567,0.7971881766687435,-0.07949211500878683
A,3,-2,-50,350,0.6522050159052208,0.7245690177246115,-0.07236400181939062
A,3,-2,-50,375,0.5848524900473521,0.680961272732645,-0.09610878268529288
A,3,-2,-50,400,0.6310819885119684,0.6907496134728192,-0.05966762496085076
A,3,-2,-50,425,0.5229802514465488,0.5917111214219214,-0.06873086997537259
A,3,-2,-50,450,0.5474020487083788,0.6069384395993634,-0.059536390890984614
A,3,-1,-25,100,0.901746982449169,0.9669218410336125,-0.0651748585844435
A,3,-1,-25,125,0.9098707131164651,0.9792091020776735,-0.06933838896120847
A,3,-1,-25,150,0.8981591485798326,0.956520660638716,-0.0583615120588834
A,3,-1,-25,175,0.915161976297409,0.94927009322595,-0.03410811692854099
A,3,-1,-25,200,0.8532828430597543,0.9309910211276599,-0.07770817806790553
A,3,-1,-25,225,0.8459689876886463,0.8999949689559021,-0.054025981267255885
A,3,-1,-25,250,0.8173944287825892,0.8733652375797027,-0.05597080879711358
A,3,-1,-25,275,0.78811928249511,0.8441169407190927,-0.05599765822398273
A,3,-1,-25,300,0.696471915466878,0.7406972397885044,-0.0442253243216264
A,3,-1,-25,325,0.7344447455727979,0.7975232652090328,-0.0630785196362349
A,3,-1,-25,350,0.6652566858109925,0.7027600445280592,-0.03750335871706667
A,3,-1,-25,375,0.644968791520601,0.6591966014964978,-0.014227809975896788
A,3,-1,-25,400,0.6335474733505579,0.6928179995083198,-0.05927052615776185
A,3,-1,-25,425,0.5348187573070219,0.5908830297757949,-0.05606427246877299
A,3,-1,-25,450,0.5417126808470287,0.5555069321454186,-0.013794251298389848
A,3,-1,-25,475,0.5451165208644034,0.5476627010350075,-0.00254618017060404
A,3,0,0,75,0.9148613354093367,0.9148613354093367,0.0
A,3,0,0,100,0.9706949984908286,0.9706949984908286,0.0
A,3,0,0,125,0.9432438143007004,0.9432438143007004,0.0
A,3,0,0,150,0.9496017868075134,0.9496017868075134,0.0
A,3,0,0,175,0.9443054562489882,0.9443054562489882,0.0
A,3,0,0,200,0.9174568665627194,0.9174568665627194,0.0
A,3,0,0,225,0.8694274369119231,0.8694274369119231,0.0
A,3,0,0,250,0.8576682630111852,0.8576682630111852,0.0
A,3,0,0,275,0.8126512890756804,0.8126512890756804,0.0
A,3,0,0,300,0.7461800887157704,0.7461800887157704,0.0
A,3,0,0,325,0.7736475197085015,0.7736475197085015,0.0
A,3,0,0,350,0.6730146678434727,0.6730146678434727,0.0
A,3,0,0,375,0.6562160713263957,0.6562160713263957,0.0
A,3,0,0,400,0.6881596321146736,0.6881596321146736,0.0
A,3,0,0,425,0.5436023655632282,0.5436023655632282,0.0
A,3,0,0,450,0.5581301358231298,0.5581301358231298,0.0
A,3,0,0,475,0.5437666206796624,0.5437666206796624,0.0
A,3,0,0,500,0.5627771181617562,0.5627771181617562,0.0
A,3,1,25,100,0.9669218410336125,0.901746982449169,0.0651748585844435
A,3,1,25,125,0.9792091020776735,0.9098707131164651,0.06933838896120847
A,3,1,25,150,0.956520660638716,0.8981591485798326,0.0583615120588834
A,3,1,25,175,0.94927009322595,0.915161976297409,0.03410811692854099
A,3,1,25,200,0.9309910211276599,0.8532828430597543,0.07770817806790553
A,3,1,25,225,0.8999949689559021,0.8459689876886463,0.054025981267255885
A,3,1,25,250,0.8733652375797027,0.8173944287825892,0.05597080879711358
A,3,1,25,275,0.8441169407190927,0.78811928249511,0.05599765822398273
A,3,1,25,300,0.7406972397885044,0.696471915466878,0.0442253243216264
A,3,1,25,325,0.7975232652090328,0.7344447455727979,0.0630785196362349
A,3,1,25,350,0.7027600445280592,0.6652566858109925,0.03750335871706667
A,3,1,25,375,0.6591966014964978,0.644968791520601,0.014227809975896788
A,3,1,25,400,0.6928179995083198,0.6335474733505579,0.05927052615776185
A,3,1,25,425,0.5908830297757949,0.5348187573070219,0.05606427246877299
A,3,1,25,450,0.5555069321454186,0.5417126808470287,0.013794251298389848
A,3,1,25,475,0.5476627010350075,0.5451165208644034,0.00254618017060404
A,3,2,50,125,0.9441794247572957,0.840353734163532,0.10382569059376368
A,3,2,50,150,0.965641650091937,0.8506041880077628,0.1150374620841742
A,3,2,50,175,0.9308776126910051,0.847344129187586,0.08353348350341916
A,3,2,50,200,0.9276201486634956,0.8205277510777423,0.10709239758575329
A,3,2,50,225,0.9078070629329376,0.8028515625871651,0.1049555003457725
A,3,2,50,250,0.8934066027639677,0.7846754124368094,0.10873119032715828
A,3,2,50,275,0.8543197597529858,0.732789988499286,0.12152977125369979
A,3,2,50,300,0.7715556038610203,0.6550265345155478,0.11652906934547247
A,3,2,50,325,0.7971881766687435,0.7176960616599567,0.07949211500878683
A,3,2,50,350,0.7245690177246115,0.6522050159052208,0.07236400181939062
A,3,2,50,375,0.680961272732645,0.5848524900473521,0.09610878268529288
A,3,2,50,400,0.6907496134728192,0.6310819885119684,0.05966762496085076
A,3,2,50,425,0.5917111214219214,0.5229802514465488,0.06873086997537259
A,3,2,50,450,0.6069384395993634,0.5474020487083788,0.059536390890984614
A,3,3,75,150,0.9110736734149145,0.7578482826910956,0.1532253907238189
A,3,3,75,175,0.9072763390972857,0.8101667317233179,0.09710960737396779
A,3,3,75,200,0.8954365601680699,0.7721307743681429,0.12330578579992701
A,3,3,75,225,0.8807045273005611,0.7576687079383697,0.12303581936219143
A,3,3,75,250,0.8919810289982911,0.723835292727443,0.16814573627084817
A,3,3,75,275,0.8665068144669571,0.6834096465885486,0.18309716787840846
A,3,3,75,300,0.7699583886516517,0.6391100358535192,0.13084835279813245
A,3,3,75,325,0.8215042216491467,0.6968546682164592,0.12464955343268747
A,3,3,75,350,0.7080913738244679,0.5875589877465337,0.12053238607793415
A,3,3,75,375,0.7089930905439562,0.5831124388517043,0.12588065169225193
A,3,3,75,400,0.706172571857333,0.6152847057940057,0.09088786606332722
A,3,3,75,425,0.5803817994058197,0.5309223762418345,0.04945942316398522
A,3,4,100,175,0.8299539836363883,0.7652498210432594,0.06470416259312883
A,3,4,100,200,0.8670489216811422,0.7117214960962543,0.15532742558488788
A,3,4,100,225,0.8265394552014033,0.6954790120262294,0.13106044317517385
A,3,4,100,250,0.8566479773976865,0.6783400531756124,0.1783079242220741
A,3,4,100,275,0.8631190876276079,0.6603700696039821,0.20274901802362577
A,3,4,100,300,0.7610633231019007,0.6111836613288452,0.14987966177305556
A,3,4,100,325,0.8131251963177639,0.6388538981652067,0.17427129815255726
A,3,4,100,350,0.7368059762887884,0.5849350026143034,0.151870973674485
A,3,4,100,375,0.6777868897455541,0.5652399292652254,0.11254696048032875
A,3,4,100,400,0.7202583161773733,0.6198801852252287,0.10037813095214465
B,3,-4,-100,175,0.7010154968540332,0.8453533052985832,-0.14433780844455002
B,3,-4,-100,200,0.6520982633319261,0.841100729639374,-0.18900246630744788
B,3,-4,-100,225,0.6324936865085893,0.8707020178033065,-0.2382083312947172
B,3,-4,-100,250,0.5966784563123687,0.8744440420184874,-0.27776558570611865
B,3,-4,-100,275,0.5684820068080527,0.8933006730024696,-0.3248186661944169
B,3,-4,-100,300,0.5715567790134812,0.8149340197179231,-0.2433772407044419
B,3,-4,-100,325,0.6183751605948802,0.8385976974253293,-0.22022253683044912
B,3,-4,-100,350,0.6357428325741331,0.8010879872090853,-0.16534515463495214
B,3,-4,-100,375,0.6385380567287134,0.7980325358938533,-0.1594944791651398
B,3,-4,-100,400,0.6467868132843687,0.795513230066172,-0.14872641678180332
B,3,-3,-75,150,0.7578070273938873,0.9040664651104101,-0.14625943771652283
B,3,-3,-75,175,0.7190095932386373,0.8928472110011711,-0.1738376177625338
B,3,-3,-75,200,0.7611217165743478,0.9187877047897486,-0.1576659882154008
B,3,-3,-75,225,0.6929645153112131,0.8976691739526738,-0.2047046586414607
B,3,-3,-75,250,0.6971512421617416,0.9189955789595907,-0.2218443367978491
B,3,-3,-75,275,0.6217914722197035,0.8859850310058888,-0.2641935587861852
B,3,-3,-75,300,0.6114799079320751,0.8340096471973383,-0.2225297392652632
B,3,-3,-75,325,0.6432333471464009,0.8233604077302487,-0.18012706058384775
B,3,-3,-75,350,0.6466631709008561,0.8167370173657771,-0.17007384646492096
B,3,-3,-75,375,0.6599298067470963,0.8184643776616323,-0.15853457091453593
B,3,-3,-75,400,0.6592854908039303,0.7738051237078135,-0.11451963290388323
B,3,-3,-75,425,0.6392205315339187,0.6809612791157454,-0.041740747581826776
B,3,-2,-50,125,0.8632316960243602,0.9487814961959027,-0.08554980017154246
B,3,-2,-50,150,0.8476250754840332,0.9405050722861164,-0.09287999680208314
B,3,-2,-50,175,0.8072127173252731,0.9536833957825377,-0.14647067845726458
B,3,-2,-50,200,0.7721915568142013,0.9362608685311175,-0.1640693117169162
B,3,-2,-50,225,0.7801960450186,0.9276780676925478,-0.14748202267394783
B,3,-2,-50,250,0.7491374569309317,0.9020715519730795,-0.15293409504214783
B,3,-2,-50,275,0.7174687259056672,0.8831997220030976,-0.16573099609743036
B,3,-2,-50,300,0.6450923272378583,0.8017019576537743,-0.15660963041591602
B,3,-2,-50,325,0.6870252953588902,0.8389259196892925,-0.1519006243304023
B,3,-2,-50,350,0.6674110220877374,0.8217542239782522,-0.15434320189051476
B,3,-2,-50,375,0.6857402714665167,0.7931134740180055,-0.10737320255148874
B,3,-2,-50,400,0.67505582235313,0.7157990809306412,-0.040743258577511154
B,3,-2,-50,425,0.6354660580204469,0.6977167673622895,-0.062250709341842625
B,3,-2,-50,450,0.6284552824111326,0.6596933463212178,-0.031238063910085212
B,3,-1,-25,100,0.9117018174096517,0.9711757942524669,-0.05947397684281519
B,3,-1,-25,125,0.9032757769851032,0.9697636947086514,-0.06648791772354823
B,3,-1,-25,150,0.9219916633388341,0.9731414476097953,-0.051149784270961174
B,3,-1,-25,175,0.8854969215059159,0.9455951987153888,-0.06009827720947292
B,3,-1,-25,200,0.8555457151362373,0.95276031100064,-0.09721459586440262
B,3,-1,-25,225,0.7923265879143373,0.8992610977142881,-0.10693450979995078
B,3,-1,-25,250,0.8235990300386026,0.88200193793659,-0.05840290789798741
B,3,-1,-25,275,0.7736379606533215,0.8335384145083017,-0.05990045385498022
B,3,-1,-25,300,0.7381601553595636,0.8070469518960989,-0.06888679653653529
B,3,-1,-25,325,0.7080915463573093,0.826495228352792,-0.11840368199548268
B,3,-1,-25,350,0.6998495832980564,0.7882380314342059,-0.08838844813614954
B,3,-1,-25,375,0.6907147524711121,0.735523280749859,-0.04480852827874682
B,3,-1,-25,400,0.6985430547913738,0.728224221898701,-0.029681167107327155
B,3,-1,-25,425,0.643092242842366,0.6607429293293144,-0.017650686486948453
B,3,-1,-25,450,0.633994912683391,0.6696960107975767,-0.03570109811418565
B,3,-1,-25,475,0.6758253904614155,0.6751041015468163,0.0007212889145992163
B,3,0,0,75,0.9154793503651124,0.9154793503651124,0.0
B,3,0,0,100,0.9690735180736236,0.9690735180736236,0.0
B,3,0,0,125,0.9638564001983765,0.9638564001983765,0.0
B,3,0,0,150,0.9442497977653375,0.9442497977653375,0.0
B,3,0,0,175,0.9494840635080687,0.9494840635080687,0.0
B,3,0,0,200,0.9118236116258824,0.9118236116258824,0.0
B,3,0,0,225,0.8683140905451714,0.8683140905451714,0.0
B,3,0,0,250,0.8296904584586198,0.8296904584586198,0.0
B,3,0,0,275,0.8340723362295972,0.8340723362295972,0.0
B,3,0,0,300,0.7899138987767946,0.7899138987767946,0.0
B,3,0,0,325,0.7919714585808775,0.7919714585808775,0.0
B,3,0,0,350,0.7133263219171534,0.7133263219171534,0.0
B,3,0,0,375,0.7397034724106542,0.7397034724106542,0.0
B,3,0,0,400,0.6955132385489051,0.6955132385489051,0.0
B,3,0,0,425,0.6889656580855475,0.6889656580855475,0.0
B,3,0,0,450,0.6489230664867071,0.6489230664867071,0.0
B,3,0,0,475,0.6768251795206338,0.6768251795206338,0.0
B,3,0,0,500,0.6566519040067379,0.6566519040067379,0.0
B,3,1,25,100,0.9711757942524669,0.9117018174096517,0.05947397684281519
B,3,1,25,125,0.9697636947086514,0.9032757769851032,0.06648791772354823
B,3,1,25,150,0.9731414476097953,0.9219916633388341,0.051149784270961174
B,3,1,25,175,0.9455951987153888,0.8854969215059159,0.06009827720947292
B,3,1,25,200,0.95276031100064,0.8555457151362373,0.09721459586440262
B,3,1,25,225,0.8992610977142881,0.7923265879143373,0.10693450979995078
B,3,1,25,250,0.88200193793659,0.8235990300386026,0.05840290789798741
B,3,1,25,275,0.8335384145083017,0.7736379606533215,0.05990045385498022
B,3,1,25,300,0.8070469518960989,0.7381601553595636,0.06888679653653529
B,3,1,25,325,0.826495228352792,0.7080915463573093,0.11840368199548268
B,3,1,25,350,0.7882380314342059,0.6998495832980564,0.08838844813614954
B,3,1,25,375,0.735523280749859,0.6907147524711121,0.04480852827874682
B,3,1,25,400,0.728224221898701,0.6985430547913738,0.029681167107327155
B,3,1,25,425,0.6607429293293144,0.643092242842366,0.017650686486948453
B,3,1,25,450,0.6696960107975767,0.633994912683391,0.03570109811418565
B,3,1,25,475,0.6751041015468163,0.6758253904614155,-0.0007212889145992163
B,3,2,50,125,0.9487814961959027,0.8632316960243602,0.08554980017154246
B,3,2,50,150,0.9405050722861164,0.8476250754840332,0.09287999680208314
B,3,2,50,175,0.9536833957825377,0.8072127173252731,0.14647067845726458
B,3,2,50,200,0.9362608685311175,0.7721915568142013,0.1640693117169162
B,3,2,50,225,0.9276780676925478,0.7801960450186,0.14748202267394783
B,3,2,50,250,0.9020715519730795,0.7491374569309317,0.15293409504214783
B,3,2,50,275,0.8831997220030976,0.7174687259056672,0.16573099609743036
B,3,2,50,300,0.8017019576537743,0.6450923272378583,0.15660963041591602
B,3,2,50,325,0.8389259196892925,0.6870252953588902,0.1519006243304023
B,3,2,50,350,0.8217542239782522,0.6674110220877374,0.15434320189051476
B,3,2,50,375,0.7931134740180055,0.6857402714665167,0.10737320255148874
B,3,2,50,400,0.7157990809306412,0.67505582235313,0.040743258577511154
B,3,2,50,425,0.6977167673622895,0.6354660580204469,0.062250709341842625
B,3,2,50,450,0.6596933463212178,0.6284552824111326,0.031238063910085212
B,3,3,75,150,0.9040664651104101,0.7578070273938873,0.14625943771652283
B,3,3,75,175,0.8928472110011711,0.7190095932386373,0.1738376177625338
B,3,3,75,200,0.9187877047897486,0.7611217165743478,0.1576659882154008
B,3,3,75,225,0.8976691739526738,0.6929645153112131,0.2047046586414607
B,3,3,75,250,0.9189955789595907,0.6971512421617416,0.2218443367978491
B,3,3,75,275,0.8859850310058888,0.6217914722197035,0.2641935587861852
B,3,3,75,300,0.8340096471973383,0.6114799079320751,0.2225297392652632
B,3,3,75,325,0.8233604077302487,0.6432333471464009,0.18012706058384775
B,3,3,75,350,0.8167370173657771,0.6466631709008561,0.17007384646492096
B,3,3,75,375,0.8184643776616323,0.6599298067470963,0.15853457091453593
B,3,3,75,400,0.7738051237078135,0.6592854908039303,0.11451963290388323
B,3,3,75,425,0.6809612791157454,0.6392205315339187,0.041740747581826776
B,3,4,100,175,0.8453533052985832,0.7010154968540332,0.14433780844455002
B,3,4,100,200,0.841100729639374,0.6520982633319261,0.18900246630744788
B,3,4,100,225,0.8707020178033065,0.6324936865085893,0.2382083312947172
B,3,4,100,250,0.8744440420184874,0.5966784563123687,0.27776558570611865
B,3,4,100,275,0.8933006730024696,0.5684820068080527,0.3248186661944169
B,3,4,100,300,0.8149340197179231,0.5715567790134812,0.2433772407044419
B,3,4,100,325,0.8385976974253293,0.6183751605948802,0.22022253683044912
B,3,4,100,350,0.8010879872090853,0.6357428325741331,0.16534515463495214
B,3,4,100,375,0.7980325358938533,0.6385380567287134,0.1594944791651398
B,3,4,100,400,0.795513230066172,0.6467868132843687,0.14872641678180332
A,4,-4,-100,175,0.6947775842307086,0.7498851846304416,-0.05510760039973306
A,4,-4,-100,200,0.6545937819503058,0.7799628952065324,-0.12536911325622657
A,4,-4,-100,225,0.6537164468139576,0.7805125292850801,-0.1267960824711225
A,4,-4,-100,250,0.6368810665853593,0.8010270439874111,-0.16414597740205183
A,4,-4,-100,275,0.587669768456307,0.7951698729575868,-0.20750010450127976
A,4,-4,-100,300,0.5074661608503391,0.7211076753767043,-0.21364151452636515
A,4,-4,-100,325,0.48296179851249177,0.6507071731740472,-0.16774537466155548
A,4,-4,-100,350,0.40059831398382856,0.5352518899931068,-0.13465357600927824
A,4,-4,-100,375,0.46628142661556915,0.5282752768650453,-0.06199385024947612
A,4,-4,-100,400,0.46083255679011526,0.5089376882766722,-0.04810513148655693
A,4,-3,-75,150,0.6973217770058019,0.8477490159727009,-0.15042723896689902
A,4,-3,-75,175,0.7398490674984581,0.8344222230291587,-0.09457315553070056
A,4,-3,-75,200,0.6937776533809509,0.8385478409484441,-0.14477018756749327
A,4,-3,-75,225,0.7205614823468667,0.8625532827061253,-0.14199180035925862
A,4,-3,-75,250,0.6883086927270292,0.8414252511036582,-0.15311655837662896
A,4,-3,-75,275,0.6366551244573105,0.8147677418090288,-0.17811261735171824
A,4,-3,-75,300,0.5563323033126175,0.7220460452738459,-0.16571374196122834
A,4,-3,-75,325,0.5188816748446524,0.6504067328175975,-0.13152505797294511
A,4,-3,-75,350,0.43285540637639547,0.5195462898090115,-0.08669088343261605
A,4,-3,-75,375,0.4674564477274642,0.5462030567185487,-0.07874660899108454
A,4,-3,-75,400,0.47080738237510056,0.5229048989976013,-0.05209751662250073
A,4,-3,-75,425,0.3003255041562067,0.32839840603067627,-0.02807290187446959
A,4,-2,-50,125,0.7365593045136998,0.9087125276812953,-0.17215322316759551
A,4,-2,-50,150,0.7944627541414345,0.9138070087586281,-0.11934425461719356
A,4,-2,-50,175,0.7960428376367397,0.8815727204861821,-0.0855298828494424
A,4,-2,-50,200,0.746710968637041,0.892389527371279,-0.14567855873423796
A,4,-2,-50,225,0.764246387152988,0.8793924881788104,-0.11514610102582246
A,4,-2,-50,250,0.7380641255856794,0.8571640302432165,-0.11909990465753717
A,4,-2,-50,275,0.6828874118655055,0.8075115036452081,-0.12462409177970257
A,4,-2,-50,300,0.608265898387055,0.7091180219462816,-0.10085212355922657
A,4,-2,-50,325,0.5543683620205687,0.6349416122153458,-0.08057325019477712
A,4,-2,-50,350,0.4728154217187229,0.5280616227398726,-0.05524620102114969
A,4,-2,-50,375,0.49806035986450486,0.5487767673285635,-0.050716407464058644
A,4,-2,-50,400,0.47022992842465744,0.5409352843976001,-0.07070535597294264
A,4,-2,-50,425,0.2928038312864376,0.3517293348664087,-0.05892550357997112
A,4,-2,-50,450,0.43729411315461286,0.47500318722790197,-0.037709074073289106
A,4,-1,-25,100,0.8669805166925338,0.9479457369979792,-0.0809652203054454
A,4,-1,-25,125,0.8665471707142743,0.9478913102294855,-0.08134413951521113
A,4,-1,-25,150,0.8389596554517353,0.927259548546066,-0.08829989309433062
A,4,-1,-25,175,0.8692689198548034,0.9169348603221267,-0.04766594046732331
A,4,-1,-25,200,0.7973396757321258,0.8788199683674666,-0.08148029263534073
A,4,-1,-25,225,0.8071355955883035,0.8779498536219308,-0.07081425803362729
A,4,-1,-25,250,0.7692735405227493,0.8387844242687928,-0.06951088374604353
A,4,-1,-25,275,0.725871782566897,0.7940205176329104,-0.06814873506601338
A,4,-1,-25,300,0.6352637688231937,0.6888337383323337,-0.05356996950914006
A,4,-1,-25,325,0.5953226613510451,0.6262535738395544,-0.03093091248850932
A,4,-1,-25,350,0.49700316236575903,0.5223513116411761,-0.025348149275417065
A,4,-1,-25,375,0.5371788967688111,0.5560903359076048,-0.018911439138793673
A,4,-1,-25,400,0.5006383486456629,0.5408870257534093,-0.04024867710774638
A,4,-1,-25,425,0.3030549516611067,0.3470312650325726,-0.0439763133714659
A,4,-1,-25,450,0.43074061327572405,0.4495361814168215,-0.018795568141097452
A,4,-1,-25,475,0.3291784959930497,0.31617143815183785,0.013007057841211866
A,4,0,0,75,0.9348932987141884,0.9348932987141884,0.0
A,4,0,0,100,0.9469478612204448,0.9469478612204448,0.0
A,4,0,0,125,0.9173904547280889,0.9173904547280889,0.0
A,4,0,0,150,0.9233931792149137,0.9233931792149137,0.0
A,4,0,0,175,0.8995333296339799,0.8995333296339799,0.0
A,4,0,0,200,0.8699431079816222,0.8699431079816222,0.0
A,4,0,0,225,0.8436310245659601,0.8436310245659601,0.0
A,4,0,0,250,0.8158503988139921,0.8158503988139921,0.0
A,4,0,0,275,0.7598467984158601,0.7598467984158601,0.0
A,4,0,0,300,0.6784825775549066,0.6784825775549066,0.0
A,4,0,0,325,0.6137468430535489,0.6137468430535489,0.0
A,4,0,0,350,0.5290739834180019,0.5290739834180019,0.0
A,4,0,0,375,0.544851580977201,0.544851580977201,0.0
A,4,0,0,400,0.5354985110485235,0.5354985110485235,0.0
A,4,0,0,425,0.3284866153571731,0.3284866153571731,0.0
A,4,0,0,450,0.44048536008120076,0.44048536008120076,0.0
A,4,0,0,475,0.3063143778551287,0.3063143778551287,0.0
A,4,0,0,500,0.36677772004438225,0.36677772004438225,0.0
A,4,1,25,100,0.9479457369979792,0.8669805166925338,0.0809652203054454
A,4,1,25,125,0.9478913102294855,0.8665471707142743,0.08134413951521113
A,4,1,25,150,0.927259548546066,0.8389596554517353,0.08829989309433062
A,4,1,25,175,0.9169348603221267,0.8692689198548034,0.04766594046732331
A,4,1,25,200,0.8788199683674666,0.7973396757321258,0.08148029263534073
A,4,1,25,225,0.8779498536219308,0.8071355955883035,0.07081425803362729
A,4,1,25,250,0.8387844242687928,0.7692735405227493,0.06951088374604353
A,4,1,25,275,0.7940205176329104,0.725871782566897,0.06814873506601338
A,4,1,25,300,0.6888337383323337,0.6352637688231937,0.05356996950914006
A,4,1,25,325,0.6262535738395544,0.5953226613510451,0.03093091248850932
A,4,1,25,350,0.5223513116411761,0.49700316236575903,0.025348149275417065
A,4,1,25,375,0.5560903359076048,0.5371788967688111,0.018911439138793673
A,4,1,25,400,0.5408870257534093,0.5006383486456629,0.04024867710774638
A,4,1,25,425,0.3470312650325726,0.3030549516611067,0.0439763133714659
A,4,1,25,450,0.4495361814168215,0.43074061327572405,0.018795568141097452
A,4,1,25,475,0.31617143815183785,0.3291784959930497,-0.013007057841211866
A,4,2,50,125,0.9087125276812953,0.7365593045136998,0.17215322316759551
A,4,2,50,150,0.9138070087586281,0.7944627541414345,0.11934425461719356
A,4,2,50,175,0.8815727204861821,0.7960428376367397,0.0855298828494424
A,4,2,50,200,0.892389527371279,0.746710968637041,0.14567855873423796
A,4,2,50,225,0.8793924881788104,0.764246387152988,0.11514610102582246
A,4,2,50,250,0.8571640302432165,0.7380641255856794,0.11909990465753717
A,4,2,50,275,0.8075115036452081,0.6828874118655055,0.12462409177970257
A,4,2,50,300,0.7091180219462816,0.608265898387055,0.10085212355922657
A,4,2,50,325,0.6349416122153458,0.5543683620205687,0.08057325019477712
A,4,2,50,350,0.5280616227398726,0.4728154217187229,0.05524620102114969
A,4,2,50,375,0.5487767673285635,0.49806035986450486,0.050716407464058644
A,4,2,50,400,0.5409352843976001,0.47022992842465744,0.07070535597294264
A,4,2,50,425,0.3517293348664087,0.2928038312864376,0.05892550357997112
A,4,2,50,450,0.47500318722790197,0.43729411315461286,0.037709074073289106
A,4,3,75,150,0.8477490159727009,0.6973217770058019,0.15042723896689902
A,4,3,75,175,0.8344222230291587,0.7398490674984581,0.09457315553070056
A,4,3,75,200,0.8385478409484441,0.6937776533809509,0.14477018756749327
A,4,3,75,225,0.8625532827061253,0.7205614823468667,0.14199180035925862
A,4,3,75,250,0.8414252511036582,0.6883086927270292,0.15311655837662896
A,4,3,75,275,0.8147677418090288,0.6366551244573105,0.17811261735171824
A,4,3,75,300,0.7220460452738459,0.5563323033126175,0.16571374196122834
A,4,3,75,325,0.6504067328175975,0.5188816748446524,0.13152505797294511
A,4,3,75,350,0.5195462898090115,0.43285540637639547,0.08669088343261605
A,4,3,75,375,0.5462030567185487,0.4674564477274642,0.07874660899108454
A,4,3,75,400,0.5229048989976013,0.47080738237510056,0.05209751662250073
A,4,3,75,425,0.32839840603067627,0.3003255041562067,0.02807290187446959
A,4,4,100,175,0.7498851846304416,0.6947775842307086,0.05510760039973306
A,4,4,100,200,0.7799628952065324,0.6545937819503058,0.12536911325622657
A,4,4,100,225,0.7805125292850801,0.6537164468139576,0.1267960824711225
A,4,4,100,250,0.8010270439874111,0.6368810665853593,0.16414597740205183
A,4,4,100,275,0.7951698729575868,0.587669768456307,0.20750010450127976
A,4,4,100,300,0.7211076753767043,0.5074661608503391,0.21364151452636515
A,4,4,100,325,0.6507071731740472,0.48296179851249177,0.16774537466155548
A,4,4,100,350,0.5352518899931068,0.40059831398382856,0.13465357600927824
A,4,4,100,375,0.5282752768650453,0.46628142661556915,0.06199385024947612
A,4,4,100,400,0.5089376882766722,0.46083255679011526,0.04810513148655693
B,4,-4,-100,175,0.6511393795143893,0.800904288042163,-0.1497649085277737
B,4,-4,-100,200,0.6352448034073653,0.7845479491003762,-0.14930314569301084
B,4,-4,-100,225,0.6264313087234398,0.8112027566277833,-0.18477144790434352
B,4,-4,-100,250,0.6444814391835716,0.7910398432232543,-0.14655840403968268
B,4,-4,-100,275,0.6222316173643113,0.7813968629853155,-0.1591652456210042
B,4,-4,-100,300,0.6684009227331057,0.739165115121231,-0.07076419238812526
B,4,-4,-100,325,0.6251935398625508,0.6707893002534356,-0.045595760390884865
B,4,-4,-100,350,0.6828708963969099,0.5278146434377304,0.15505625295917946
B,4,-4,-100,375,0.6839698702784862,0.5698450546121036,0.11412481566638266
B,4,-4,-100,400,0.6591501033570887,0.5345001964093293,0.12464990694775935
B,4,-3,-75,150,0.6884475127172501,0.8663573259786319,-0.17790981326138178
B,4,-3,-75,175,0.6330653186147052,0.8643331174274029,-0.23126779881269777
B,4,-3,-75,200,0.7493423606900114,0.8717093543272569,-0.12236699363724557
B,4,-3,-75,225,0.6750618965985072,0.8661525647828838,-0.1910906681843766
B,4,-3,-75,250,0.7071510833118742,0.8597797729215022,-0.15262868960962805
B,4,-3,-75,275,0.6716177188954067,0.8058793183471693,-0.13426159945176264
B,4,-3,-75,300,0.6958875128081744,0.7665352107581295,-0.07064769794995507
B,4,-3,-75,325,0.6781261751271138,0.6428306187145493,0.035295556412564544
B,4,-3,-75,350,0.6894694980187874,0.6170507737300622,0.0724187242887252
B,4,-3,-75,375,0.7147313448367824,0.6154770603865845,0.0992542844501979
B,4,-3,-75,400,0.6386474728468001,0.6148686484004565,0.023778824446343605
B,4,-3,-75,425,0.6703549915654808,0.5963354346465868,0.07401955691889406
B,4,-2,-50,125,0.8429000147728879,0.9267229483159836,-0.08382293354309567
B,4,-2,-50,150,0.775605639951076,0.9225984986276808,-0.14699285867660483
B,4,-2,-50,175,0.7721836092831151,0.9271009235121731,-0.15491731422905797
B,4,-2,-50,200,0.7275212012226746,0.9109042535705705,-0.18338305234789587
B,4,-2,-50,225,0.7715558659225913,0.9052639357917952,-0.13370806986920392
B,4,-2,-50,250,0.7383678404031155,0.8608971671255374,-0.1225293267224219
B,4,-2,-50,275,0.7301189515936323,0.8481401775915933,-0.11802122599796105
B,4,-2,-50,300,0.7279798230662702,0.7239035222045299,0.004076300861740267
B,4,-2,-50,325,0.6858209866065049,0.7251311723442616,-0.03931018573775669
B,4,-2,-50,350,0.7210607266427627,0.6488152463962091,0.07224548024655353
B,4,-2,-50,375,0.7129016280858085,0.6780844023445751,0.03481722574123336
B,4,-2,-50,400,0.6698740773198448,0.6436251806807702,0.026248896639074593
B,4,-2,-50,425,0.6392275461140735,0.6242565911801409,0.014970954933932634
B,4,-2,-50,450,0.6772854655982783,0.6703233373243831,0.006962128273895196
B,4,-1,-25,100,0.918913478280377,0.9654567382030927,-0.046543259922715796
B,4,-1,-25,125,0.9081425034421852,0.9647879025628227,-0.056645399120637485
B,4,-1,-25,150,0.8952493434158386,0.9552764875984119,-0.06002714418257327
B,4,-1,-25,175,0.8390753417199346,0.9344429677802112,-0.0953676260602766
B,4,-1,-25,200,0.8500769593478096,0.9367165780061748,-0.08663961865836523
B,4,-1,-25,225,0.7551169780602082,0.8774907001054784,-0.1223737220452702
B,4,-1,-25,250,0.820376292430282,0.8655006543191215,-0.045124361888839504
B,4,-1,-25,275,0.7681904787171012,0.7970600861077132,-0.02886960739061195
B,4,-1,-25,300,0.7696784916125428,0.7784074528493706,-0.00872896123682787
B,4,-1,-25,325,0.7262751654421694,0.715787889520513,0.010487275921656436
B,4,-1,-25,350,0.7066138557077359,0.7070767376593224,-0.00046288195158650236
B,4,-1,-25,375,0.7333458626202772,0.701240956823327,0.032104905796950245
B,4,-1,-25,400,0.6748081563939629,0.6533957232604142,0.02141243313354868
B,4,-1,-25,425,0.6619664459051802,0.6686314043103443,-0.006664958405164123
B,4,-1,-25,450,0.6404634555584569,0.6782419368081007,-0.03777848124964389
B,4,-1,-25,475,0.6959158375355067,0.6590449081133624,0.036870929422144316
B,4,0,0,75,0.9483969202860959,0.9483969202860959,0.0
B,4,0,0,100,0.9744213231525807,0.9744213231525807,0.0
B,4,0,0,125,0.967728388875121,0.967728388875121,0.0
B,4,0,0,150,0.9390864275016697,0.9390864275016697,0.0
B,4,0,0,175,0.9295397374285682,0.9295397374285682,0.0
B,4,0,0,200,0.8939757519027584,0.8939757519027584,0.0
B,4,0,0,225,0.8653901932065517,0.8653901932065517,0.0
B,4,0,0,250,0.7869281660477354,0.7869281660477354,0.0
B,4,0,0,275,0.8223272257572625,0.8223272257572625,0.0
B,4,0,0,300,0.7697627649846261,0.7697627649846261,0.0
B,4,0,0,325,0.7611908568857247,0.7611908568857247,0.0
B,4,0,0,350,0.7198937210050872,0.7198937210050872,0.0
B,4,0,0,375,0.71522013984631,0.71522013984631,0.0
B,4,0,0,400,0.6877452959881221,0.6877452959881221,0.0
B,4,0,0,425,0.6861169914407269,0.6861169914407269,0.0
B,4,0,0,450,0.6648225048433418,0.6648225048433418,0.0
B,4,0,0,475,0.6417891151565999,0.6417891151565999,0.0
B,4,0,0,500,0.7227662171592826,0.7227662171592826,0.0
B,4,1,25,100,0.9654567382030927,0.918913478280377,0.046543259922715796
B,4,1,25,125,0.9647879025628227,0.9081425034421852,0.056645399120637485
B,4,1,25,150,0.9552764875984119,0.8952493434158386,0.06002714418257327
B,4,1,25,175,0.9344429677802112,0.8390753417199346,0.0953676260602766
B,4,1,25,200,0.9367165780061748,0.8500769593478096,0.08663961865836523
B,4,1,25,225,0.8774907001054784,0.7551169780602082,0.1223737220452702
B,4,1,25,250,0.8655006543191215,0.820376292430282,0.045124361888839504
B,4,1,25,275,0.7970600861077132,0.7681904787171012,0.02886960739061195
B,4,1,25,300,0.7784074528493706,0.7696784916125428,0.00872896123682787
B,4,1,25,325,0.715787889520513,0.7262751654421694,-0.010487275921656436
B,4,1,25,350,0.7070767376593224,0.7066138557077359,0.00046288195158650236
B,4,1,25,375,0.701240956823327,0.7333458626202772,-0.032104905796950245
B,4,1,25,400,0.6533957232604142,0.6748081563939629,-0.02141243313354868
B,4,1,25,425,0.6686314043103443,0.6619664459051802,0.006664958405164123
B,4,1,25,450,0.6782419368081007,0.6404634555584569,0.03777848124964389
B,4,1,25,475,0.6590449081133624,0.6959158375355067,-0.036870929422144316
B,4,2,50,125,0.9267229483159836,0.8429000147728879,0.08382293354309567
B,4,2,50,150,0.9225984986276808,0.775605639951076,0.14699285867660483
B,4,2,50,175,0.9271009235121731,0.7721836092831151,0.15491731422905797
B,4,2,50,200,0.9109042535705705,0.7275212012226746,0.18338305234789587
B,4,2,50,225,0.9052639357917952,0.7715558659225913,0.13370806986920392
B,4,2,50,250,0.8608971671255374,0.7383678404031155,0.1225293267224219
B,4,2,50,275,0.8481401775915933,0.7301189515936323,0.11802122599796105
B,4,2,50,300,0.7239035222045299,0.7279798230662702,-0.004076300861740267
B,4,2,50,325,0.7251311723442616,0.6858209866065049,0.03931018573775669
B,4,2,50,350,0.6488152463962091,0.7210607266427627,-0.07224548024655353
B,4,2,50,375,0.6780844023445751,0.7129016280858085,-0.03481722574123336
B,4,2,50,400,0.6436251806807702,0.6698740773198448,-0.026248896639074593
B,4,2,50,425,0.6242565911801409,0.6392275461140735,-0.014970954933932634
B,4,2,50,450,0.6703233373243831,0.6772854655982783,-0.006962128273895196
B,4,3,75,150,0.8663573259786319,0.6884475127172501,0.17790981326138178
B,4,3,75,175,0.8643331174274029,0.6330653186147052,0.23126779881269777
B,4,3,75,200,0.8717093543272569,0.7493423606900114,0.12236699363724557
B,4,3,75,225,0.8661525647828838,0.6750618965985072,0.1910906681843766
B,4,3,75,250,0.8597797729215022,0.7071510833118742,0.15262868960962805
B,4,3,75,275,0.8058793183471693,0.6716177188954067,0.13426159945176264
B,4,3,75,300,0.7665352107581295,0.6958875128081744,0.07064769794995507
B,4,3,75,325,0.6428306187145493,0.6781261751271138,-0.035295556412564544
B,4,3,75,350,0.6170507737300622,0.6894694980187874,-0.0724187242887252
B,4,3,75,375,0.6154770603865845,0.7147313448367824,-0.0992542844501979
B,4,3,75,400,0.6148686484004565,0.6386474728468001,-0.023778824446343605
B,4,3,75,425,0.5963354346465868,0.6703549915654808,-0.07401955691889406
B,4,4,100,175,0.800904288042163,0.6511393795143893,0.1497649085277737
B,4,4,100,200,0.7845479491003762,0.6352448034073653,0.14930314569301084
B,4,4,100,225,0.8112027566277833,0.6264313087234398,0.18477144790434352
B,4,4,100,250,0.7910398432232543,0.6444814391835716,0.14655840403968268
B,4,4,100,275,0.7813968629853155,0.6222316173643113,0.1591652456210042
B,4,4,100,300,0.739165115121231,0.6684009227331057,0.07076419238812526
B,4,4,100,325,0.6707893002534356,0.6251935398625508,0.045595760390884865
B,4,4,100,350,0.5278146434377304,0.6828708963969099,-0.15505625295917946
B,4,4,100,375,0.5698450546121036,0.6839698702784862,-0.11412481566638266
B,4,4,100,400,0.5345001964093293,0.6591501033570887,-0.12464990694775935
A,5,-4,-100,200,0.6065650222971826,0.7205898193027013,-0.11402479700551871
A,5,-4,-100,225,0.6465687719602055,0.6773051712950616,-0.030736399334856168
A,5,-4,-100,250,0.6730004976762048,0.7869148645893286,-0.11391436691312373
A,5,-4,-100,275,0.6763771433678323,0.8085998573977903,-0.132222714029958
A,5,-4,-100,300,0.6002471238923773,0.7636342865917854,-0.16338716269940812
A,5,-4,-100,325,0.6679239439774004,0.8025867689654419,-0.1346628249880415
A,5,-4,-100,350,0.6205304802906008,0.7572639241013367,-0.13673344381073593
A,5,-4,-100,375,0.6578967066165248,0.7417535219425135,-0.08385681532598876
A,5,-4,-100,400,0.7072540128198496,0.7792550012496736,-0.07200098842982405
A,5,-3,-75,175,0.6816588175020336,0.8084024622550438,-0.12674364475301014
A,5,-3,-75,200,0.636966610592247,0.7850114723059733,-0.14804486171372633
A,5,-3,-75,225,0.682546129268833,0.8089272610528007,-0.1263811317839677
A,5,-3,-75,250,0.7130786828035665,0.8430771006765536,-0.12999841787298716
A,5,-3,-75,275,0.6987206198877682,0.8259116561090273,-0.12719103622125905
A,5,-3,-75,300,0.6432621885583537,0.7685003481562883,-0.1252381595979346
A,5,-3,-75,325,0.6913127111766408,0.7949653132920155,-0.10365260211537464
A,5,-3,-75,350,0.6527332303136301,0.7434255776141147,-0.09069234730048459
A,5,-3,-75,375,0.666362307032162,0.7505716934064909,-0.08420938637432884
A,5,-3,-75,400,0.7244488774791827,0.7853696220981466,-0.06092074461896391
A,5,-3,-75,425,0.6256495879358529,0.6950372543985307,-0.0693876664626778
A,5,-2,-50,150,0.7225783807261509,0.9182161089880143,-0.19563772826186343
A,5,-2,-50,175,0.7180532371743746,0.8534022895797845,-0.13534905240540984
A,5,-2,-50,200,0.7077235779946118,0.8818242909917638,-0.17410071299715202
A,5,-2,-50,225,0.7073380997468863,0.8411280665174529,-0.13378996677056654
A,5,-2,-50,250,0.7434388309988788,0.8475640672402931,-0.10412523624141434
A,5,-2,-50,275,0.7379786275646442,0.8223541029333736,-0.08437547536872947
A,5,-2,-50,300,0.6649469487560647,0.7523390513485546,-0.08739210259248986
A,5,-2,-50,325,0.7167836964951377,0.7749677972229774,-0.05818410072783964
A,5,-2,-50,350,0.6750005915727567,0.7332037783836427,-0.05820318681088599
A,5,-2,-50,375,0.6980260390439676,0.7546178952123718,-0.05659185616840412
A,5,-2,-50,400,0.7211602285137323,0.7799860281721349,-0.05882579965840262
A,5,-2,-50,425,0.6290048306611654,0.6906527783046437,-0.06164794764347825
A,5,-2,-50,450,0.7099617521034782,0.747777012901927,-0.03781526079844877
A,5,-1,-25,125,0.8421477496235007,0.9510180632677119,-0.10887031364421118
A,5,-1,-25,150,0.8003587302075238,0.9087476755305007,-0.10838894532297694
A,5,-1,-25,175,0.8293200272124046,0.9216110700286839,-0.09229104281627931
A,5,-1,-25,200,0.7423896785774858,0.8688237393898672,-0.1264340608123814
A,5,-1,-25,225,0.760704073525263,0.8327590034079276,-0.0720549298826646
A,5,-1,-25,250,0.7578957790963236,0.8248164057280528,-0.06692062663172926
A,5,-1,-25,275,0.759834309030262,0.8029437209511138,-0.043109411920851826
A,5,-1,-25,300,0.6976572516356158,0.7259073428836023,-0.028250091247986497
A,5,-1,-25,325,0.7371838666297547,0.7609017566819045,-0.02371789005214986
A,5,-1,-25,350,0.704597496992388,0.7350496551476468,-0.0304521581552587
A,5,-1,-25,375,0.7180511799047187,0.7462446827796498,-0.028193502874931164
A,5,-1,-25,400,0.7549941224806331,0.7801411148704898,-0.025146992389856626
A,5,-1,-25,425,0.6335398365372242,0.6824111353841004,-0.04887129884687613
A,5,-1,-25,450,0.7196116648601719,0.7445155616527648,-0.02490389679259286
A,5,-1,-25,475,0.6714242116514123,0.671612424128224,-0.00018821247681166664
A,5,0,0,100,0.9400595581560067,0.9400595581560067,0.0
A,5,0,0,125,0.8878445123331817,0.8878445123331817,0.0
A,5,0,0,150,0.9190293996138081,0.9190293996138081,0.0
A,5,0,0,175,0.8816757485112262,0.8816757485112262,0.0
A,5,0,0,200,0.8365306362615917,0.8365306362615917,0.0
A,5,0,0,225,0.7878629319710443,0.7878629319710443,0.0
A,5,0,0,250,0.805053985197602,0.805053985197602,0.0
A,5,0,0,275,0.7715883606620331,0.7715883606620331,0.0
A,5,0,0,300,0.7170238165225327,0.7170238165225327,0.0
A,5,0,0,325,0.759523368941904,0.759523368941904,0.0
A,5,0,0,350,0.7265778287820069,0.7265778287820069,0.0
A,5,0,0,375,0.7352588348039358,0.7352588348039358,0.0
A,5,0,0,400,0.7681117553077527,0.7681117553077527,0.0
A,5,0,0,425,0.6655093319604964,0.6655093319604964,0.0
A,5,0,0,450,0.7214875835564247,0.7214875835564247,0.0
A,5,0,0,475,0.6764528072667294,0.6764528072667294,0.0
A,5,0,0,500,0.7286866922752134,0.7286866922752134,0.0
A,5,1,25,125,0.9510180632677119,0.8421477496235007,0.10887031364421118
A,5,1,25,150,0.9087476755305007,0.8003587302075238,0.10838894532297694
A,5,1,25,175,0.9216110700286839,0.8293200272124046,0.09229104281627931
A,5,1,25,200,0.8688237393898672,0.7423896785774858,0.1264340608123814
A,5,1,25,225,0.8327590034079276,0.760704073525263,0.0720549298826646
A,5,1,25,250,0.8248164057280528,0.7578957790963236,0.06692062663172926
A,5,1,25,275,0.8029437209511138,0.759834309030262,0.043109411920851826
A,5,1,25,300,0.7259073428836023,0.6976572516356158,0.028250091247986497
A,5,1,25,325,0.7609017566819045,0.7371838666297547,0.02371789005214986
A,5,1,25,350,0.7350496551476468,0.704597496992388,0.0304521581552587
A,5,1,25,375,0.7462446827796498,0.7180511799047187,0.028193502874931164
A,5,1,25,400,0.7801411148704898,0.7549941224806331,0.025146992389856626
A,5,1,25,425,0.6824111353841004,0.6335398365372242,0.04887129884687613
A,5,1,25,450,0.7445155616527648,0.7196116648601719,0.02490389679259286
A,5,1,25,475,0.671612424128224,0.6714242116514123,0.00018821247681166664
A,5,2,50,150,0.9182161089880143,0.7225783807261509,0.19563772826186343
A,5,2,50,175,0.8534022895797845,0.7180532371743746,0.13534905240540984
A,5,2,50,200,0.8818242909917638,0.7077235779946118,0.17410071299715202
A,5,2,50,225,0.8411280665174529,0.7073380997468863,0.13378996677056654
A,5,2,50,250,0.8475640672402931,0.7434388309988788,0.10412523624141434
A,5,2,50,275,0.8223541029333736,0.7379786275646442,0.08437547536872947
A,5,2,50,300,0.7523390513485546,0.6649469487560647,0.08739210259248986
A,5,2,50,325,0.7749677972229774,0.7167836964951377,0.05818410072783964
A,5,2,50,350,0.7332037783836427,0.6750005915727567,0.05820318681088599
A,5,2,50,375,0.7546178952123718,0.6980260390439676,0.05659185616840412
A,5,2,50,400,0.7799860281721349,0.7211602285137323,0.05882579965840262
A,5,2,50,425,0.6906527783046437,0.6290048306611654,0.06164794764347825
A,5,2,50,450,0.747777012901927,0.7099617521034782,0.03781526079844877
A,5,3,75,175,0.8084024622550438,0.6816588175020336,0.12674364475301014
A,5,3,75,200,0.7850114723059733,0.636966610592247,0.14804486171372633
A,5,3,75,225,0.8089272610528007,0.682546129268833,0.1263811317839677
A,5,3,75,250,0.8430771006765536,0.7130786828035665,0.12999841787298716
A,5,3,75,275,0.8259116561090273,0.6987206198877682,0.12719103622125905
A,5,3,75,300,0.7685003481562883,0.6432621885583537,0.1252381595979346
A,5,3,75,325,0.7949653132920155,0.6913127111766408,0.10365260211537464
A,5,3,75,350,0.7434255776141147,0.6527332303136301,0.09069234730048459
A,5,3,75,375,0.7505716934064909,0.666362307032162,0.08420938637432884
A,5,3,75,400,0.7853696220981466,0.7244488774791827,0.06092074461896391
A,5,3,75,425,0.6950372543985307,0.6256495879358529,0.0693876664626778
A,5,4,100,200,0.7205898193027013,0.6065650222971826,0.11402479700551871
A,5,4,100,225,0.6773051712950616,0.6465687719602055,0.030736399334856168
A,5,4,100,250,0.7869148645893286,0.6730004976762048,0.11391436691312373
A,5,4,100,275,0.8085998573977903,0.6763771433678323,0.132222714029958
A,5,4,100,300,0.7636342865917854,0.6002471238923773,0.16338716269940812
A,5,4,100,325,0.8025867689654419,0.6679239439774004,0.1346628249880415
A,5,4,100,350,0.7572639241013367,0.6205304802906008,0.13673344381073593
A,5,4,100,375,0.7417535219425135,0.6578967066165248,0.08385681532598876
A,5,4,100,400,0.7792550012496736,0.7072540128198496,0.07200098842982405
B,5,-4,-100,200,0.6502317887637179,0.776980502701528,-0.12674871393781006
B,5,-4,-100,225,0.6475300853725193,0.7791671723359994,-0.1316370869634801
B,5,-4,-100,250,0.6092351138745309,0.7565338686055076,-0.14729875473097676
B,5,-4,-100,275,0.5930318141924544,0.8013453145867753,-0.20831350039432084
B,5,-4,-100,300,0.5443807423377485,0.7769105332563493,-0.23252979091860082
B,5,-4,-100,325,0.5809228258219956,0.7944849932417736,-0.21356216741977796
B,5,-4,-100,350,0.5992899751972325,0.7365963566375668,-0.13730638144033436
B,5,-4,-100,375,0.6451755522592165,0.6983760341119155,-0.05320048185269899
B,5,-4,-100,400,0.6137658933736648,0.7165110411428779,-0.10274514776921306
B,5,-3,-75,175,0.6536055324930516,0.8626218596428961,-0.20901632714984442
B,5,-3,-75,200,0.6996729293479101,0.8616838688267997,-0.16201093947888956
B,5,-3,-75,225,0.7127042110295632,0.8349384337743996,-0.12223422274483642
B,5,-3,-75,250,0.6716806185879126,0.83588711128144,-0.16420649269352738
B,5,-3,-75,275,0.652648312877477,0.8190415340891207,-0.16639322121164368
B,5,-3,-75,300,0.5927277560691221,0.7886201173867127,-0.19589236131759058
B,5,-3,-75,325,0.6240949999962339,0.7990327664629062,-0.17493776646667236
B,5,-3,-75,350,0.5776194800211258,0.7145429167153701,-0.13692343669424423
B,5,-3,-75,375,0.6760552014377342,0.7348258968767448,-0.05877069543901059
B,5,-3,-75,400,0.6394830835019898,0.7086163155975814,-0.06913323209559163
B,5,-3,-75,425,0.623045242222306,0.6425459400702792,-0.01950069784797326
B,5,-2,-50,150,0.772047764947594,0.9079132951330204,-0.13586553018542646
B,5,-2,-50,175,0.7387463135193969,0.9224355502975584,-0.1836892367781615
B,5,-2,-50,200,0.7274616011345063,0.8958094842941903,-0.16834788315968396
B,5,-2,-50,225,0.7496659263571936,0.8882202879386258,-0.1385543615814322
B,5,-2,-50,250,0.740478818520926,0.8454179100587991,-0.10493909153787306
B,5,-2,-50,275,0.7155358765608439,0.8304353896332957,-0.11489951307245172
B,5,-2,-50,300,0.6452821113818193,0.7620618558090799,-0.11677974442726058
B,5,-2,-50,325,0.6743181910100191,0.7820399015684169,-0.10772171055839774
B,5,-2,-50,350,0.6150169683823682,0.7462033798571609,-0.1311864114747927
B,5,-2,-50,375,0.6486964491826149,0.725839017005161,-0.07714256782254603
B,5,-2,-50,400,0.6666930622665963,0.693280758558751,-0.02658769629215474
B,5,-2,-50,425,0.6413611099306584,0.6564495662113312,-0.01508845628067279
B,5,-2,-50,450,0.6592453718085187,0.6574686349595418,0.0017767368489769453
B,5,-1,-25,125,0.9164127652308514,0.9601146349351927,-0.04370186970434131
B,5,-1,-25,150,0.8740667173351315,0.9361499081098997,-0.062083190774768204
B,5,-1,-25,175,0.8371617969874815,0.9391227093207185,-0.10196091233323701
B,5,-1,-25,200,0.8050847918911513,0.9162259165857046,-0.11114112469455328
B,5,-1,-25,225,0.7755087359409762,0.8756244808687281,-0.10011574492775188
B,5,-1,-25,250,0.768974672737496,0.8299959939779885,-0.06102132124049253
B,5,-1,-25,275,0.7671295519289937,0.8089326434838721,-0.04180309155487838
B,5,-1,-25,300,0.6940491205981575,0.7533549008283421,-0.059305780230184624
B,5,-1,-25,325,0.7109767953113344,0.7939981312751113,-0.08302133596377692
B,5,-1,-25,350,0.6565203125445385,0.7219474600967161,-0.0654271475521776
B,5,-1,-25,375,0.6573359847225927,0.7035122433230454,-0.04617625860045271
B,5,-1,-25,400,0.6535511815294884,0.6852277492272852,-0.03167656769779681
B,5,-1,-25,425,0.6563294946180719,0.6420513369099521,0.014278157708119799
B,5,-1,-25,450,0.6576832646463707,0.6746951763045278,-0.017011911658157075
B,5,-1,-25,475,0.6715305569891471,0.664160054212324,0.007370502776823051
B,5,0,0,100,0.9344806395206232,0.9344806395206232,0.0
B,5,0,0,125,0.944222163060131,0.944222163060131,0.0
B,5,0,0,150,0.9356659724757681,0.9356659724757681,0.0
B,5,0,0,175,0.9166390545038642,0.9166390545038642,0.0
B,5,0,0,200,0.8738715888656783,0.8738715888656783,0.0
B,5,0,0,225,0.8384081851329976,0.8384081851329976,0.0
B,5,0,0,250,0.7780111863805225,0.7780111863805225,0.0
B,5,0,0,275,0.7757205333209907,0.7757205333209907,0.0
B,5,0,0,300,0.7508332736503518,0.7508332736503518,0.0
B,5,0,0,325,0.7646052705907568,0.7646052705907568,0.0
B,5,0,0,350,0.6794573472710038,0.6794573472710038,0.0
B,5,0,0,375,0.6899520210862643,0.6899520210862643,0.0
B,5,0,0,400,0.6567130557932064,0.6567130557932064,0.0
B,5,0,0,425,0.6600069880284077,0.6600069880284077,0.0
B,5,0,0,450,0.6687419597130593,0.6687419597130593,0.0
B,5,0,0,475,0.6678082407230969,0.6678082407230969,0.0
B,5,0,0,500,0.7018070810934902,0.7018070810934902,0.0
B,5,1,25,125,0.9601146349351927,0.9164127652308514,0.04370186970434131
B,5,1,25,150,0.9361499081098997,0.8740667173351315,0.062083190774768204
B,5,1,25,175,0.9391227093207185,0.8371617969874815,0.10196091233323701
B,5,1,25,200,0.9162259165857046,0.8050847918911513,0.11114112469455328
B,5,1,25,225,0.8756244808687281,0.7755087359409762,0.10011574492775188
B,5,1,25,250,0.8299959939779885,0.768974672737496,0.06102132124049253
B,5,1,25,275,0.8089326434838721,0.7671295519289937,0.04180309155487838
B,5,1,25,300,0.7533549008283421,0.6940491205981575,0.059305780230184624
B,5,1,25,325,0.7939981312751113,0.7109767953113344,0.08302133596377692
B,5,1,25,350,0.7219474600967161,0.6565203125445385,0.0654271475521776
B,5,1,25,375,0.7035122433230454,0.6573359847225927,0.04617625860045271
B,5,1,25,400,0.6852277492272852,0.6535511815294884,0.03167656769779681
B,5,1,25,425,0.6420513369099521,0.6563294946180719,-0.014278157708119799
B,5,1,25,450,0.6746951763045278,0.6576832646463707,0.017011911658157075
B,5,1,25,475,0.664160054212324,0.6715305569891471,-0.007370502776823051
B,5,2,50,150,0.9079132951330204,0.772047764947594,0.13586553018542646
B,5,2,50,175,0.9224355502975584,0.7387463135193969,0.1836892367781615
B,5,2,50,200,0.8958094842941903,0.7274616011345063,0.16834788315968396
B,5,2,50,225,0.8882202879386258,0.7496659263571936,0.1385543615814322
B,5,2,50,250,0.8454179100587991,0.740478818520926,0.10493909153787306
B,5,2,50,275,0.8304353896332957,0.7155358765608439,0.11489951307245172
B,5,2,50,300,0.7620618558090799,0.6452821113818193,0.11677974442726058
B,5,2,50,325,0.7820399015684169,0.6743181910100191,0.10772171055839774
B,5,2,50,350,0.7462033798571609,0.6150169683823682,0.1311864114747927
B,5,2,50,375,0.725839017005161,0.6486964491826149,0.07714256782254603
B,5,2,50,400,0.693280758558751,0.6666930622665963,0.02658769629215474
B,5,2,50,425,0.6564495662113312,0.6413611099306584,0.01508845628067279
B,5,2,50,450,0.6574686349595418,0.6592453718085187,-0.0017767368489769453
B,5,3,75,175,0.8626218596428961,0.6536055324930516,0.20901632714984442
B,5,3,75,200,0.8616838688267997,0.6996729293479101,0.16201093947888956
B,5,3,75,225,0.8349384337743996,0.7127042110295632,0.12223422274483642
B,5,3,75,250,0.83588711128144,0.6716806185879126,0.16420649269352738
B,5,3,75,275,0.8190415340891207,0.652648312877477,0.16639322121164368
B,5,3,75,300,0.7886201173867127,0.5927277560691221,0.19589236131759058
B,5,3,75,325,0.7990327664629062,0.6240949999962339,0.17493776646667236
B,5,3,75,350,0.7145429167153701,0.5776194800211258,0.13692343669424423
B,5,3,75,375,0.7348258968767448,0.6760552014377342,0.05877069543901059
B,5,3,75,400,0.7086163155975814,0.6394830835019898,0.06913323209559163
B,5,3,75,425,0.6425459400702792,0.623045242222306,0.01950069784797326
B,5,4,100,200,0.776980502701528,0.6502317887637179,0.12674871393781006
B,5,4,100,225,0.7791671723359994,0.6475300853725193,0.1316370869634801
B,5,4,100,250,0.7565338686055076,0.6092351138745309,0.14729875473097676
B,5,4,100,275,0.8013453145867753,0.5930318141924544,0.20831350039432084
B,5,4,100,300,0.7769105332563493,0.5443807423377485,0.23252979091860082
B,5,4,100,325,0.7944849932417736,0.5809228258219956,0.21356216741977796
B,5,4,100,350,0.7365963566375668,0.5992899751972325,0.13730638144033436
B,5,4,100,375,0.6983760341119155,0.6451755522592165,0.05320048185269899
B,5,4,100,400,0.7165110411428779,0.6137658933736648,0.10274514776921306
A,6,-4,-100,175,0.7462073157251992,0.722643484149108,0.02356383157609121
A,6,-4,-100,200,0.6922966982353121,0.7900346658329529,-0.09773796759764075
A,6,-4,-100,225,0.7374277992474061,0.7991148964893985,-0.061687097241992395
A,6,-4,-100,250,0.7379624516952202,0.8540780570089087,-0.11611560531368847
A,6,-4,-100,275,0.7254758046086351,0.8784348237108346,-0.15295901910219944
A,6,-4,-100,300,0.6784540908960369,0.8088071258979066,-0.13035303500186968
A,6,-4,-100,325,0.6762494572607566,0.8140990304226497,-0.13784957316189317
A,6,-4,-100,350,0.661322360155459,0.7807989014377038,-0.11947654128224483
A,6,-4,-100,375,0.6261805777125438,0.7069525302533272,-0.0807719525407834
A,6,-4,-100,400,0.6977732053298528,0.7738973819467645,-0.07612417661691173
A,6,-3,-75,150,0.7465602366167243,0.8407747653659412,-0.09421452874921687
A,6,-3,-75,175,0.8238137853959163,0.8316902448996395,-0.007876459503723177
A,6,-3,-75,200,0.729237049084104,0.8510428899143767,-0.12180584083027268
A,6,-3,-75,225,0.7465064563169469,0.8786792729810851,-0.13217281666413816
A,6,-3,-75,250,0.7639429334778253,0.8840512961149444,-0.1201083626371191
A,6,-3,-75,275,0.7684133447889782,0.8749962584353482,-0.10658291364637007
A,6,-3,-75,300,0.7269943138850734,0.8220847208352783,-0.09509040695020488
A,6,-3,-75,325,0.7074930639640966,0.808932027724893,-0.10143896376079642
A,6,-3,-75,350,0.6687440933752602,0.7500038361646186,-0.08125974278935844
A,6,-3,-75,375,0.6725152267839432,0.7343107053190966,-0.061795478535153436
A,6,-3,-75,400,0.7025727279022159,0.7823408269530158,-0.07976809905079985
A,6,-3,-75,425,0.6629984045215117,0.7247078347305937,-0.06170943020908204
A,6,-2,-50,125,0.7352947919361559,0.9216348198426595,-0.1863400279065036
A,6,-2,-50,150,0.8359639159623633,0.9137730063249524,-0.0778090903625891
A,6,-2,-50,175,0.833024254071287,0.8920868520768542,-0.059062598005567235
A,6,-2,-50,200,0.8045038829233233,0.9026955139989108,-0.09819163107558748
A,6,-2,-50,225,0.7865444636072346,0.8905749659179499,-0.10403050231071531
A,6,-2,-50,250,0.7679721280974845,0.8838110067257549,-0.11583887862827036
A,6,-2,-50,275,0.7895528225115203,0.870730988709386,-0.08117816619786578
A,6,-2,-50,300,0.7600554669864882,0.8129029622533221,-0.052847495266833966
A,6,-2,-50,325,0.7429248929207257,0.7739368936774049,-0.031012000756679203
A,6,-2,-50,350,0.7128324957951879,0.7607462579912191,-0.04791376219603116
A,6,-2,-50,375,0.6703334514559368,0.7373763626059572,-0.06704291115002037
A,6,-2,-50,400,0.7495284420180698,0.80532016104266,-0.055791719024590236
A,6,-2,-50,425,0.6479409625823086,0.721945912492351,-0.07400494991004236
A,6,-2,-50,450,0.7093198879210556,0.7689362581505932,-0.059616370229537585
A,6,-1,-25,100,0.8732186741698772,0.9620655421254738,-0.0888468679555966
A,6,-1,-25,125,0.8525622329892323,0.9516050054766286,-0.09904277248739635
A,6,-1,-25,150,0.8560949247404281,0.9443226910393928,-0.08822776629896467
A,6,-1,-25,175,0.8978077025518358,0.9293199936119926,-0.03151229106015674
A,6,-1,-25,200,0.8195908097692068,0.8861473083173,-0.0665564985480932
A,6,-1,-25,225,0.8411736661822808,0.8857913434368295,-0.04461767725454868
A,6,-1,-25,250,0.7992308804151469,0.8716484902214465,-0.07241760980629963
A,6,-1,-25,275,0.7995883875872238,0.8669124566860987,-0.0673240690988749
A,6,-1,-25,300,0.7689197234703637,0.7743686069565638,-0.005448883486200096
A,6,-1,-25,325,0.7797522597257399,0.7712185433867152,0.008533716339024666
A,6,-1,-25,350,0.7414750614708392,0.7691578503077431,-0.027682788836903893
A,6,-1,-25,375,0.7120840750884674,0.7514853333442768,-0.039401258255809424
A,6,-1,-25,400,0.7463199662821843,0.7901406456838832,-0.04382067940169887
A,6,-1,-25,425,0.6966662483724343,0.7262284565767897,-0.0295622082043554
A,6,-1,-25,450,0.6937295797068833,0.7192388815005575,-0.025509301793674166
A,6,-1,-25,475,0.634557575370491,0.6521471067035437,-0.017589531333052744
A,6,0,0,75,0.9036612393162624,0.9036612393162624,0.0
A,6,0,0,100,0.9399785241637865,0.9399785241637865,0.0
A,6,0,0,125,0.9414441544928324,0.9414441544928324,0.0
A,6,0,0,150,0.9253031144629836,0.9253031144629836,0.0
A,6,0,0,175,0.9132394280261709,0.9132394280261709,0.0
A,6,0,0,200,0.8814400381477374,0.8814400381477374,0.0
A,6,0,0,225,0.8535041118509331,0.8535041118509331,0.0
A,6,0,0,250,0.8587595715616138,0.8587595715616138,0.0
A,6,0,0,275,0.8098251325354163,0.8098251325354163,0.0
A,6,0,0,300,0.7638526188967378,0.7638526188967378,0.0
A,6,0,0,325,0.7791315579265305,0.7791315579265305,0.0
A,6,0,0,350,0.7727114533682463,0.7727114533682463,0.0
A,6,0,0,375,0.7250566615033793,0.7250566615033793,0.0
A,6,0,0,400,0.7849339776928155,0.7849339776928155,0.0
A,6,0,0,425,0.6863946713879604,0.6863946713879604,0.0
A,6,0,0,450,0.7454384927040425,0.7454384927040425,0.0
A,6,0,0,475,0.6038447574065647,0.6038447574065647,0.0
A,6,0,0,500,0.6772035831058066,0.6772035831058066,0.0
A,6,1,25,100,0.9620655421254738,0.8732186741698772,0.0888468679555966
A,6,1,25,125,0.9516050054766286,0.8525622329892323,0.09904277248739635
A,6,1,25,150,0.9443226910393928,0.8560949247404281,0.08822776629896467
A,6,1,25,175,0.9293199936119926,0.8978077025518358,0.03151229106015674
A,6,1,25,200,0.8861473083173,0.8195908097692068,0.0665564985480932
A,6,1,25,225,0.8857913434368295,0.8411736661822808,0.04461767725454868
A,6,1,25,250,0.8716484902214465,0.7992308804151469,0.07241760980629963
A,6,1,25,275,0.8669124566860987,0.7995883875872238,0.0673240690988749
A,6,1,25,300,0.7743686069565638,0.7689197234703637,0.005448883486200096
A,6,1,25,325,0.7712185433867152,0.7797522597257399,-0.008533716339024666
A,6,1,25,350,0.7691578503077431,0.7414750614708392,0.027682788836903893
A,6,1,25,375,0.7514853333442768,0.7120840750884674,0.039401258255809424
A,6,1,25,400,0.7901406456838832,0.7463199662821843,0.04382067940169887
A,6,1,25,425,0.7262284565767897,0.6966662483724343,0.0295622082043554
A,6,1,25,450,0.7192388815005575,0.6937295797068833,0.025509301793674166
A,6,1,25,475,0.6521471067035437,0.634557575370491,0.017589531333052744
A,6,2,50,125,0.9216348198426595,0.7352947919361559,0.1863400279065036
A,6,2,50,150,0.9137730063249524,0.8359639159623633,0.0778090903625891
A,6,2,50,175,0.8920868520768542,0.833024254071287,0.059062598005567235
A,6,2,50,200,0.9026955139989108,0.8045038829233233,0.09819163107558748
A,6,2,50,225,0.8905749659179499,0.7865444636072346,0.10403050231071531
A,6,2,50,250,0.8838110067257549,0.7679721280974845,0.11583887862827036
A,6,2,50,275,0.870730988709386,0.7895528225115203,0.08117816619786578
A,6,2,50,300,0.8129029622533221,0.7600554669864882,0.052847495266833966
A,6,2,50,325,0.7739368936774049,0.7429248929207257,0.031012000756679203
A,6,2,50,350,0.7607462579912191,0.7128324957951879,0.04791376219603116
A,6,2,50,375,0.7373763626059572,0.6703334514559368,0.06704291115002037
A,6,2,50,400,0.80532016104266,0.7495284420180698,0.055791719024590236
A,6,2,50,425,0.721945912492351,0.6479409625823086,0.07400494991004236
A,6,2,50,450,0.7689362581505932,0.7093198879210556,0.059616370229537585
A,6,3,75,150,0.8407747653659412,0.7465602366167243,0.09421452874921687
A,6,3,75,175,0.8316902448996395,0.8238137853959163,0.007876459503723177
A,6,3,75,200,0.8510428899143767,0.729237049084104,0.12180584083027268
A,6,3,75,225,0.8786792729810851,0.7465064563169469,0.13217281666413816
A,6,3,75,250,0.8840512961149444,0.7639429334778253,0.1201083626371191
A,6,3,75,275,0.8749962584353482,0.7684133447889782,0.10658291364637007
A,6,3,75,300,0.8220847208352783,0.7269943138850734,0.09509040695020488
A,6,3,75,325,0.808932027724893,0.7074930639640966,0.10143896376079642
A,6,3,75,350,0.7500038361646186,0.6687440933752602,0.08125974278935844
A,6,3,75,375,0.7343107053190966,0.6725152267839432,0.061795478535153436
A,6,3,75,400,0.7823408269530158,0.7025727279022159,0.07976809905079985
A,6,3,75,425,0.7247078347305937,0.6629984045215117,0.06170943020908204
A,6,4,100,175,0.722643484149108,0.7462073157251992,-0.02356383157609121
A,6,4,100,200,0.7900346658329529,0.6922966982353121,0.09773796759764075
A,6,4,100,225,0.7991148964893985,0.7374277992474061,0.061687097241992395
A,6,4,100,250,0.8540780570089087,0.7379624516952202,0.11611560531368847
A,6,4,100,275,0.8784348237108346,0.7254758046086351,0.15295901910219944
A,6,4,100,300,0.8088071258979066,0.6784540908960369,0.13035303500186968
A,6,4,100,325,0.8140990304226497,0.6762494572607566,0.13784957316189317
A,6,4,100,350,0.7807989014377038,0.661322360155459,0.11947654128224483
A,6,4,100,375,0.7069525302533272,0.6261805777125438,0.0807719525407834
A,6,4,100,400,0.7738973819467645,0.6977732053298528,0.07612417661691173
B,6,-4,-100,200,0.6679299639538018,0.7375691965477722,-0.06963923259397042
B,6,-4,-100,225,0.6535104186843845,0.7693483930108677,-0.11583797432648313
B,6,-4,-100,250,0.6922266682819954,0.7870110940367737,-0.0947844257547783
B,6,-4,-100,275,0.6456472684623419,0.809386397156139,-0.16373912869379714
B,6,-4,-100,300,0.6449863177306164,0.7547694647975284,-0.10978314706691195
B,6,-4,-100,325,0.6473814607630562,0.779932548665305,-0.1325510879022488
B,6,-4,-100,350,0.6586982619637852,0.7078352160341317,-0.04913695407034646
B,6,-4,-100,375,0.7019500325011618,0.774240806331724,-0.07229077383056215
B,6,-4,-100,400,0.6662501367592892,0.7200664850307413,-0.0538163482714521
B,6,-3,-75,175,0.656062661276204,0.8096191000877214,-0.15355643881151737
B,6,-3,-75,200,0.6681071489914454,0.8654861009027638,-0.19737895191131838
B,6,-3,-75,225,0.7002610752002437,0.8222778689954988,-0.1220167937952551
B,6,-3,-75,250,0.7121696421048155,0.8544884106578963,-0.1423187685530808
B,6,-3,-75,275,0.7020919277180963,0.8039668293467501,-0.10187490162865387
B,6,-3,-75,300,0.6714650573863953,0.7615797422825669,-0.09011468489617158
B,6,-3,-75,325,0.6869872709991864,0.7662795089462117,-0.07929223794702522
B,6,-3,-75,350,0.6472295912548954,0.7506691253678136,-0.10343953411291817
B,6,-3,-75,375,0.7162943572652903,0.744865749373022,-0.02857139210773163
B,6,-3,-75,400,0.6973900917351038,0.7020282061346543,-0.00463811439955053
B,6,-3,-75,425,0.6688419616841922,0.6928931130105603,-0.024051151326368148
B,6,-2,-50,150,0.7078254631300155,0.8929357432080582,-0.18511028007804275
B,6,-2,-50,175,0.7121221728598284,0.8921319165728937,-0.18000974371306533
B,6,-2,-50,200,0.7385337442728449,0.8885442446096966,-0.1500105003368517
B,6,-2,-50,225,0.7062434474263819,0.8626465129730816,-0.1564030655466997
B,6,-2,-50,250,0.7581257301055637,0.8369798018836461,-0.07885407177808235
B,6,-2,-50,275,0.7193263986179734,0.8002552141392646,-0.08092881552129116
B,6,-2,-50,300,0.7115269208278545,0.7446928639420494,-0.03316594311419485
B,6,-2,-50,325,0.7117742067233612,0.806634047402131,-0.09485984067876974
B,6,-2,-50,350,0.6809136440329666,0.7451408987252333,-0.06422725469226664
B,6,-2,-50,375,0.7082120694611114,0.7267914488835117,-0.01857937942240029
B,6,-2,-50,400,0.7055599812602539,0.718834120230166,-0.013274138969912141
B,6,-2,-50,425,0.690968196998762,0.7171092248701423,-0.026141027871380285
B,6,-2,-50,450,0.6364920333152744,0.6778198931355529,-0.041327859820278534
B,6,-1,-25,125,0.8323172735564375,0.9575862091809153,-0.12526893562447783
B,6,-1,-25,150,0.799907441996101,0.9166480934358533,-0.11674065143975232
B,6,-1,-25,175,0.7814470688008669,0.8909741008738039,-0.10952703207293701
B,6,-1,-25,200,0.7822923853262651,0.8907294503952417,-0.10843706506897655
B,6,-1,-25,225,0.7528836271443468,0.8310272859469522,-0.07814365880260543
B,6,-1,-25,250,0.7829012796099653,0.8248808475582916,-0.04197956794832636
B,6,-1,-25,275,0.7614924166340651,0.7817042741757467,-0.020211857541681644
B,6,-1,-25,300,0.7113515028847504,0.7834770073526394,-0.07212550446788901
B,6,-1,-25,325,0.7484941379446145,0.781454356174084,-0.032960218229469485
B,6,-1,-25,350,0.7100380418659723,0.7150450984341987,-0.00500705656822642
B,6,-1,-25,375,0.7280421705973852,0.7493122913803054,-0.021270120782920232
B,6,-1,-25,400,0.6999816339510929,0.7303268174995748,-0.030345183548481924
B,6,-1,-25,425,0.6846186637699394,0.7023758051925159,-0.01775714142257645
B,6,-1,-25,450,0.6698159885441938,0.6586502582220676,0.0111657303221262
B,6,-1,-25,475,0.7374034795490081,0.7274803865944384,0.009923092954569723
B,6,0,0,100,0.948155538417955,0.948155538417955,0.0
B,6,0,0,125,0.9052469989029301,0.9052469989029301,0.0
B,6,0,0,150,0.8860633511359662,0.8860633511359662,0.0
B,6,0,0,175,0.8588502901662963,0.8588502901662963,0.0
B,6,0,0,200,0.8400802331460121,0.8400802331460121,0.0
B,6,0,0,225,0.7978670338951364,0.7978670338951364,0.0
B,6,0,0,250,0.7931441521002733,0.7931441521002733,0.0
B,6,0,0,275,0.7672408605062381,0.7672408605062381,0.0
B,6,0,0,300,0.7587935981651971,0.7587935981651971,0.0
B,6,0,0,325,0.7503141551657646,0.7503141551657646,0.0
B,6,0,0,350,0.7267161870497196,0.7267161870497196,0.0
B,6,0,0,375,0.7527052414883394,0.7527052414883394,0.0
B,6,0,0,400,0.7132083577139348,0.7132083577139348,0.0
B,6,0,0,425,0.688858213203462,0.688858213203462,0.0
B,6,0,0,450,0.6701891844387846,0.6701891844387846,0.0
B,6,0,0,475,0.7458929757098363,0.7458929757098363,0.0
B,6,0,0,500,0.68814293240018,0.68814293240018,0.0
B,6,1,25,125,0.9575862091809153,0.8323172735564375,0.12526893562447783
B,6,1,25,150,0.9166480934358533,0.799907441996101,0.11674065143975232
B,6,1,25,175,0.8909741008738039,0.7814470688008669,0.10952703207293701
B,6,1,25,200,0.8907294503952417,0.7822923853262651,0.10843706506897655
B,6,1,25,225,0.8310272859469522,0.7528836271443468,0.07814365880260543
B,6,1,25,250,0.8248808475582916,0.7829012796099653,0.04197956794832636
B,6,1,25,275,0.7817042741757467,0.7614924166340651,0.020211857541681644
B,6,1,25,300,0.7834770073526394,0.7113515028847504,0.07212550446788901
B,6,1,25,325,0.781454356174084,0.7484941379446145,0.032960218229469485
B,6,1,25,350,0.7150450984341987,0.7100380418659723,0.00500705656822642
B,6,1,25,375,0.7493122913803054,0.7280421705973852,0.021270120782920232
B,6,1,25,400,0.7303268174995748,0.6999816339510929,0.030345183548481924
B,6,1,25,425,0.7023758051925159,0.6846186637699394,0.01775714142257645
B,6,1,25,450,0.6586502582220676,0.6698159885441938,-0.0111657303221262
B,6,1,25,475,0.7274803865944384,0.7374034795490081,-0.009923092954569723
B,6,2,50,150,0.8929357432080582,0.7078254631300155,0.18511028007804275
B,6,2,50,175,0.8921319165728937,0.7121221728598284,0.18000974371306533
B,6,2,50,200,0.8885442446096966,0.7385337442728449,0.1500105003368517
B,6,2,50,225,0.8626465129730816,0.7062434474263819,0.1564030655466997
B,6,2,50,250,0.8369798018836461,0.7581257301055637,0.07885407177808235
B,6,2,50,275,0.8002552141392646,0.7193263986179734,0.08092881552129116
B,6,2,50,300,0.7446928639420494,0.7115269208278545,0.03316594311419485
B,6,2,50,325,0.806634047402131,0.7117742067233612,0.09485984067876974
B,6,2,50,350,0.7451408987252333,0.6809136440329666,0.06422725469226664
B,6,2,50,375,0.7267914488835117,0.7082120694611114,0.01857937942240029
B,6,2,50,400,0.718834120230166,0.7055599812602539,0.013274138969912141
B,6,2,50,425,0.7171092248701423,0.690968196998762,0.026141027871380285
B,6,2,50,450,0.6778198931355529,0.6364920333152744,0.041327859820278534
B,6,3,75,175,0.8096191000877214,0.656062661276204,0.15355643881151737
B,6,3,75,200,0.8654861009027638,0.6681071489914454,0.19737895191131838
B,6,3,75,225,0.8222778689954988,0.7002610752002437,0.1220167937952551
B,6,3,75,250,0.8544884106578963,0.7121696421048155,0.1423187685530808
B,6,3,75,275,0.8039668293467501,0.7020919277180963,0.10187490162865387
B,6,3,75,300,0.7615797422825669,0.6714650573863953,0.09011468489617158
B,6,3,75,325,0.7662795089462117,0.6869872709991864,0.07929223794702522
B,6,3,75,350,0.7506691253678136,0.6472295912548954,0.10343953411291817
B,6,3,75,375,0.744865749373022,0.7162943572652903,0.02857139210773163
B,6,3,75,400,0.7020282061346543,0.6973900917351038,0.00463811439955053
B,6,3,75,425,0.6928931130105603,0.6688419616841922,0.024051151326368148
B,6,4,100,200,0.7375691965477722,0.6679299639538018,0.06963923259397042
B,6,4,100,225,0.7693483930108677,0.6535104186843845,0.11583797432648313
B,6,4,100,250,0.7870110940367737,0.6922266682819954,0.0947844257547783
B,6,4,100,275,0.809386397156139,0.6456472684623419,0.16373912869379714
B,6,4,100,300,0.7547694647975284,0.6449863177306164,0.10978314706691195
B,6,4,100,325,0.779932548665305,0.6473814607630562,0.1325510879022488
B,6,4,100,350,0.7078352160341317,0.6586982619637852,0.04913695407034646
B,6,4,100,375,0.774240806331724,0.7019500325011618,0.07229077383056215
B,6,4,100,400,0.7200664850307413,0.6662501367592892,0.0538163482714521
A,7,-4,-100,175,0.6803938202792803,0.6955980372761625,-0.015204216996882236
A,7,-4,-100,200,0.6165716569101303,0.7907209786416993,-0.17414932173156905
A,7,-4,-100,225,0.7014128664556875,0.7648996125411678,-0.06348674608548033
A,7,-4,-100,250,0.7385256221978611,0.854253514288076,-0.11572789209021495
A,7,-4,-100,275,0.7444930268661678,0.887924212111465,-0.1434311852452972
A,7,-4,-100,300,0.7592531040617518,0.8195988687624939,-0.060345764700742044
A,7,-4,-100,325,0.7614117756804762,0.8721597047399946,-0.11074792905951836
A,7,-4,-100,350,0.7589184967078777,0.8309028577465025,-0.07198436103862482
A,7,-4,-100,375,0.7493230724675346,0.8100118484925588,-0.060688776025024205
A,7,-4,-100,400,0.7936133059966246,0.7635620553280656,0.03005125066855896
A,7,-3,-75,150,0.6813942160803513,0.8497952637728153,-0.168401047692464
A,7,-3,-75,175,0.7456393176897501,0.8347165955144351,-0.089077277824685
A,7,-3,-75,200,0.6812778324199575,0.8572269869684778,-0.17594915454852023
A,7,-3,-75,225,0.7000798248377296,0.8912893330831905,-0.1912095082454609
A,7,-3,-75,250,0.7385540142605369,0.9024727026072226,-0.16391868834668566
A,7,-3,-75,275,0.7940744324948168,0.8910330073681622,-0.09695857487334536
A,7,-3,-75,300,0.7624866563248286,0.8621294441421845,-0.09964278781735592
A,7,-3,-75,325,0.7891558384921652,0.8627097725654171,-0.07355393407325195
A,7,-3,-75,350,0.7640328856296004,0.8159493907203564,-0.05191650509075607
A,7,-3,-75,375,0.7916259474394857,0.7845215956019891,0.007104351837496581
A,7,-3,-75,400,0.7558012451945326,0.8139655056851618,-0.05816426049062917
A,7,-3,-75,425,0.8056779021457519,0.8250965047966602,-0.019418602650908334
A,7,-2,-50,125,0.6637837119160579,0.9351540893152396,-0.2713703773991817
A,7,-2,-50,150,0.783294261723864,0.932923779700588,-0.14962951797672408
A,7,-2,-50,175,0.8296595822350661,0.8943911288850517,-0.0647315466499856
A,7,-2,-50,200,0.7457736487666821,0.9341279221136379,-0.18835427334695587
A,7,-2,-50,225,0.7621037463550193,0.9165562360961655,-0.15445248974114623
A,7,-2,-50,250,0.7286770941399884,0.8985586968696531,-0.16988160272966468
A,7,-2,-50,275,0.7904178426094682,0.8986719267957464,-0.10825408418627813
A,7,-2,-50,300,0.8130801927556828,0.8377945236092522,-0.024714330853569444
A,7,-2,-50,325,0.7905119883889915,0.842159740413492,-0.05164775202450045
A,7,-2,-50,350,0.79073642674188,0.7798047992148843,0.010931627526995724
A,7,-2,-50,375,0.7932757116122272,0.8220876176733677,-0.02881190606114048
A,7,-2,-50,400,0.7992021537895925,0.8297736133084279,-0.030571459518835442
A,7,-2,-50,425,0.764950968141336,0.7990883039970466,-0.03413733585571055
A,7,-2,-50,450,0.8052535328829454,0.8142465526354266,-0.008993019752481124
A,7,-1,-25,100,0.8465554272381934,0.9503372795876436,-0.10378185234945014
A,7,-1,-25,125,0.8176927840617774,0.9504454548649515,-0.1327526708031741
A,7,-1,-25,150,0.8138790357902204,0.9538629114391635,-0.1399838756489431
A,7,-1,-25,175,0.8985971679228572,0.9494651459531112,-0.050867978030254
A,7,-1,-25,200,0.8360513494787786,0.913596355040709,-0.07754500556193045
A,7,-1,-25,225,0.8120589970248903,0.9109716814990833,-0.09891268447419299
A,7,-1,-25,250,0.7898733553078968,0.8880199566803044,-0.0981466013724076
A,7,-1,-25,275,0.7733246470647682,0.8662706262344748,-0.0929459791697066
A,7,-1,-25,300,0.8013130257577469,0.8190993493639775,-0.01778632360623067
A,7,-1,-25,325,0.8329062019146477,0.8055613545106908,0.02734484740395693
A,7,-1,-25,350,0.7869185060117267,0.8132393494248364,-0.026320843413109696
A,7,-1,-25,375,0.8164831024757636,0.8423890741596928,-0.025905971683929163
A,7,-1,-25,400,0.7969642145846658,0.8038543212358252,-0.006890106651159411
A,7,-1,-25,425,0.8036315464589346,0.8181170601109904,-0.014485513652055748
A,7,-1,-25,450,0.7644356346321955,0.8008907410244833,-0.03645510639228777
A,7,-1,-25,475,0.7736000877992976,0.7679118372465861,0.0056882505527114935
A,7,0,0,75,0.8949854023809948,0.8949854023809948,0.0
A,7,0,0,100,0.9012806894064385,0.9012806894064385,0.0
A,7,0,0,125,0.9305542157008608,0.9305542157008608,0.0
A,7,0,0,150,0.9141479588265465,0.9141479588265465,0.0
A,7,0,0,175,0.9211164392573061,0.9211164392573061,0.0
A,7,0,0,200,0.9022447494171659,0.9022447494171659,0.0
A,7,0,0,225,0.8804463091928857,0.8804463091928857,0.0
A,7,0,0,250,0.8356226470371448,0.8356226470371448,0.0
A,7,0,0,275,0.8265209821023116,0.8265209821023116,0.0
A,7,0,0,300,0.763848512992315,0.763848512992315,0.0
A,7,0,0,325,0.8233015471888259,0.8233015471888259,0.0
A,7,0,0,350,0.8303541152436386,0.8303541152436386,0.0
A,7,0,0,375,0.8014577265800551,0.8014577265800551,0.0
A,7,0,0,400,0.8169454285993499,0.8169454285993499,0.0
A,7,0,0,425,0.8004215881807384,0.8004215881807384,0.0
A,7,0,0,450,0.8068677194007156,0.8068677194007156,0.0
A,7,0,0,475,0.713949404165645,0.713949404165645,0.0
A,7,0,0,500,0.8020587189137258,0.8020587189137258,0.0
A,7,1,25,100,0.9503372795876436,0.8465554272381934,0.10378185234945014
A,7,1,25,125,0.9504454548649515,0.8176927840617774,0.1327526708031741
A,7,1,25,150,0.9538629114391635,0.8138790357902204,0.1399838756489431
A,7,1,25,175,0.9494651459531112,0.8985971679228572,0.050867978030254
A,7,1,25,200,0.913596355040709,0.8360513494787786,0.07754500556193045
A,7,1,25,225,0.9109716814990833,0.8120589970248903,0.09891268447419299
A,7,1,25,250,0.8880199566803044,0.7898733553078968,0.0981466013724076
A,7,1,25,275,0.8662706262344748,0.7733246470647682,0.0929459791697066
A,7,1,25,300,0.8190993493639775,0.8013130257577469,0.01778632360623067
A,7,1,25,325,0.8055613545106908,0.8329062019146477,-0.02734484740395693
A,7,1,25,350,0.8132393494248364,0.7869185060117267,0.026320843413109696
A,7,1,25,375,0.8423890741596928,0.8164831024757636,0.025905971683929163
A,7,1,25,400,0.8038543212358252,0.7969642145846658,0.006890106651159411
A,7,1,25,425,0.8181170601109904,0.8036315464589346,0.014485513652055748
A,7,1,25,450,0.8008907410244833,0.7644356346321955,0.03645510639228777
A,7,1,25,475,0.7679118372465861,0.7736000877992976,-0.0056882505527114935
A,7,2,50,125,0.9351540893152396,0.6637837119160579,0.2713703773991817
A,7,2,50,150,0.932923779700588,0.783294261723864,0.14962951797672408
A,7,2,50,175,0.8943911288850517,0.8296595822350661,0.0647315466499856
A,7,2,50,200,0.9341279221136379,0.7457736487666821,0.18835427334695587
A,7,2,50,225,0.9165562360961655,0.7621037463550193,0.15445248974114623
A,7,2,50,250,0.8985586968696531,0.7286770941399884,0.16988160272966468
A,7,2,50,275,0.8986719267957464,0.7904178426094682,0.10825408418627813
A,7,2,50,300,0.8377945236092522,0.8130801927556828,0.024714330853569444
A,7,2,50,325,0.842159740413492,0.7905119883889915,0.05164775202450045
A,7,2,50,350,0.7798047992148843,0.79073642674188,-0.010931627526995724
A,7,2,50,375,0.8220876176733677,0.7932757116122272,0.02881190606114048
A,7,2,50,400,0.8297736133084279,0.7992021537895925,0.030571459518835442
A,7,2,50,425,0.7990883039970466,0.764950968141336,0.03413733585571055
A,7,2,50,450,0.8142465526354266,0.8052535328829454,0.008993019752481124
A,7,3,75,150,0.8497952637728153,0.6813942160803513,0.168401047692464
A,7,3,75,175,0.8347165955144351,0.7456393176897501,0.089077277824685
A,7,3,75,200,0.8572269869684778,0.6812778324199575,0.17594915454852023
A,7,3,75,225,0.8912893330831905,0.7000798248377296,0.1912095082454609
A,7,3,75,250,0.9024727026072226,0.7385540142605369,0.16391868834668566
A,7,3,75,275,0.8910330073681622,0.7940744324948168,0.09695857487334536
A,7,3,75,300,0.8621294441421845,0.7624866563248286,0.09964278781735592
A,7,3,75,325,0.8627097725654171,0.7891558384921652,0.07355393407325195
A,7,3,75,350,0.8159493907203564,0.7640328856296004,0.05191650509075607
A,7,3,75,375,0.7845215956019891,0.7916259474394857,-0.007104351837496581
A,7,3,75,400,0.8139655056851618,0.7558012451945326,0.05816426049062917
A,7,3,75,425,0.8250965047966602,0.8056779021457519,0.019418602650908334
A,7,4,100,175,0.6955980372761625,0.6803938202792803,0.015204216996882236
A,7,4,100,200,0.7907209786416993,0.6165716569101303,0.17414932173156905
A,7,4,100,225,0.7648996125411678,0.7014128664556875,0.06348674608548033
A,7,4,100,250,0.854253514288076,0.7385256221978611,0.11572789209021495
A,7,4,100,275,0.887924212111465,0.7444930268661678,0.1434311852452972
A,7,4,100,300,0.8195988687624939,0.7592531040617518,0.060345764700742044
A,7,4,100,325,0.8721597047399946,0.7614117756804762,0.11074792905951836
A,7,4,100,350,0.8309028577465025,0.7589184967078777,0.07198436103862482
A,7,4,100,375,0.8100118484925588,0.7493230724675346,0.060688776025024205
A,7,4,100,400,0.7635620553280656,0.7936133059966246,-0.03005125066855896
B,7,-4,-100,175,0.5340897983622162,0.749059861487162,-0.21497006312494582
B,7,-4,-100,200,0.48005699960786585,0.7848964103079387,-0.3048394107000728
B,7,-4,-100,225,0.5097239082855227,0.8153477884141639,-0.30562388012864117
B,7,-4,-100,250,0.5465681097896119,0.7615671601807623,-0.21499905039115041
B,7,-4,-100,275,0.5531211676953989,0.7910395712767916,-0.2379184035813927
B,7,-4,-100,300,0.5916811437416796,0.8044589853356114,-0.21277784159393187
B,7,-4,-100,325,0.6462611184233432,0.8401832973220046,-0.19392217889866137
B,7,-4,-100,350,0.6621381628500429,0.72708609300782,-0.06494793015777711
B,7,-4,-100,375,0.6606664890979498,0.7930333910455252,-0.1323669019475754
B,7,-4,-100,400,0.6603996871432397,0.7536780908211005,-0.09327840367786078
B,7,-3,-75,150,0.639611705969643,0.865082943223217,-0.225471237253574
B,7,-3,-75,175,0.5866301970815722,0.8476124271581984,-0.26098223007662624
B,7,-3,-75,200,0.570881045017918,0.8861007398109105,-0.3152196947929925
B,7,-3,-75,225,0.5609843133235332,0.8441022409222033,-0.28311792759867016
B,7,-3,-75,250,0.5927686513242854,0.8509859740988904,-0.2582173227746051
B,7,-3,-75,275,0.5910732008914585,0.8223840594360061,-0.23131085854454758
B,7,-3,-75,300,0.6059873602748443,0.8378333251733814,-0.23184596489853704
B,7,-3,-75,325,0.6402570832456199,0.7392217809423948,-0.09896469769677485
B,7,-3,-75,350,0.6601814447111893,0.7798010759071161,-0.11961963119592678
B,7,-3,-75,375,0.7155667915748459,0.7554840183622208,-0.03991722678737486
B,7,-3,-75,400,0.6820402854367923,0.7270977399005463,-0.045057454463753976
B,7,-3,-75,425,0.6731241521154273,0.7264536334156927,-0.05332948130026538
B,7,-2,-50,125,0.7124554908138363,0.9470071643324156,-0.2345516735185793
B,7,-2,-50,150,0.6923589507904656,0.9310953118839731,-0.2387363610935075
B,7,-2,-50,175,0.7655622911612132,0.9245439595089143,-0.1589816683477011
B,7,-2,-50,200,0.6090890824295322,0.8981997301576065,-0.28911064772807427
B,7,-2,-50,225,0.6428534145946506,0.8818103952888767,-0.2389569806942261
B,7,-2,-50,250,0.6438242152171471,0.8578197189018549,-0.21399550368470788
B,7,-2,-50,275,0.6325401417217371,0.8538534091996355,-0.22131326747789837
B,7,-2,-50,300,0.6517108263848969,0.7325237987037562,-0.08081297231885931
B,7,-2,-50,325,0.6513111108969,0.7797807586257169,-0.12846964772881697
B,7,-2,-50,350,0.6347247986977298,0.7379874539706286,-0.1032626552728988
B,7,-2,-50,375,0.7047316062148308,0.7261755790481462,-0.02144397283331545
B,7,-2,-50,400,0.7208898377077074,0.7425160566624011,-0.021626218954693632
B,7,-2,-50,425,0.6855797806560263,0.6962443918701,-0.010664611214073694
B,7,-2,-50,450,0.6889135975006561,0.6970752003835392,-0.008161602882883146
B,7,-1,-25,100,0.8279627240303192,0.9454059019639045,-0.11744317793358527
B,7,-1,-25,125,0.8649159535141636,0.9736568565969267,-0.10874090308276307
B,7,-1,-25,150,0.8262389162180146,0.9583510891335549,-0.13211217291554034
B,7,-1,-25,175,0.8040407159270876,0.9349103263934239,-0.13086961046633627
B,7,-1,-25,200,0.7898987518307555,0.8877619454941966,-0.0978631936634411
B,7,-1,-25,225,0.6607283906876764,0.8481008851487506,-0.18737249446107418
B,7,-1,-25,250,0.7250517402407305,0.8617537044940744,-0.1367019642533439
B,7,-1,-25,275,0.6815175992303483,0.7283077852848973,-0.04679018605454899
B,7,-1,-25,300,0.6683741512423373,0.7525408987119331,-0.08416674746959574
B,7,-1,-25,325,0.6956253529818843,0.7505548522362925,-0.054929499254408154
B,7,-1,-25,350,0.6511634534789329,0.7012260043892643,-0.050062550910331405
B,7,-1,-25,375,0.6812121259952011,0.7337928239724537,-0.05258069797725262
B,7,-1,-25,400,0.7108052982456101,0.6984091762675106,0.012396121978099472
B,7,-1,-25,425,0.7210730649585709,0.6961303330797785,0.02494273187879248
B,7,-1,-25,450,0.6954324788806682,0.7301238592149256,-0.03469138033425745
B,7,-1,-25,475,0.7183510899000616,0.737429534000704,-0.01907844410064241
B,7,0,0,75,0.8840835164499827,0.8840835164499827,0.0
B,7,0,0,100,0.9296713128336438,0.9296713128336438,0.0
B,7,0,0,125,0.939253783290775,0.939253783290775,0.0
B,7,0,0,150,0.932136500238691,0.932136500238691,0.0
B,7,0,0,175,0.8971523052395636,0.8971523052395636,0.0
B,7,0,0,200,0.8263299742044903,0.8263299742044903,0.0
B,7,0,0,225,0.8328213582124219,0.8328213582124219,0.0
B,7,0,0,250,0.7130751559355738,0.7130751559355738,0.0
B,7,0,0,275,0.740130613982675,0.740130613982675,0.0
B,7,0,0,300,0.7151911364465258,0.7151911364465258,0.0
B,7,0,0,325,0.7112089759497127,0.7112089759497127,0.0
B,7,0,0,350,0.6915732234474566,0.6915732234474566,0.0
B,7,0,0,375,0.6871791175774253,0.6871791175774253,0.0
B,7,0,0,400,0.6967148965577036,0.6967148965577036,0.0
B,7,0,0,425,0.7110659224368119,0.7110659224368119,0.0
B,7,0,0,450,0.729365240616692,0.729365240616692,0.0
B,7,0,0,475,0.7166873286366405,0.7166873286366405,0.0
B,7,0,0,500,0.7220420270125701,0.7220420270125701,0.0
B,7,1,25,100,0.9454059019639045,0.8279627240303192,0.11744317793358527
B,7,1,25,125,0.9736568565969267,0.8649159535141636,0.10874090308276307
B,7,1,25,150,0.9583510891335549,0.8262389162180146,0.13211217291554034
B,7,1,25,175,0.9349103263934239,0.8040407159270876,0.13086961046633627
B,7,1,25,200,0.8877619454941966,0.7898987518307555,0.0978631936634411
B,7,1,25,225,0.8481008851487506,0.6607283906876764,0.18737249446107418
B,7,1,25,250,0.8617537044940744,0.7250517402407305,0.1367019642533439
B,7,1,25,275,0.7283077852848973,0.6815175992303483,0.04679018605454899
B,7,1,25,300,0.7525408987119331,0.6683741512423373,0.08416674746959574
B,7,1,25,325,0.7505548522362925,0.6956253529818843,0.054929499254408154
B,7,1,25,350,0.7012260043892643,0.6511634534789329,0.050062550910331405
B,7,1,25,375,0.7337928239724537,0.6812121259952011,0.05258069797725262
B,7,1,25,400,0.6984091762675106,0.7108052982456101,-0.012396121978099472
B,7,1,25,425,0.6961303330797785,0.7210730649585709,-0.02494273187879248
B,7,1,25,450,0.7301238592149256,0.6954324788806682,0.03469138033425745
B,7,1,25,475,0.737429534000704,0.7183510899000616,0.01907844410064241
B,7,2,50,125,0.9470071643324156,0.7124554908138363,0.2345516735185793
B,7,2,50,150,0.9310953118839731,0.6923589507904656,0.2387363610935075
B,7,2,50,175,0.9245439595089143,0.7655622911612132,0.1589816683477011
B,7,2,50,200,0.8981997301576065,0.6090890824295322,0.28911064772807427
B,7,2,50,225,0.8818103952888767,0.6428534145946506,0.2389569806942261
B,7,2,50,250,0.8578197189018549,0.6438242152171471,0.21399550368470788
B,7,2,50,275,0.8538534091996355,0.6325401417217371,0.22131326747789837
B,7,2,50,300,0.7325237987037562,0.6517108263848969,0.08081297231885931
B,7,2,50,325,0.7797807586257169,0.6513111108969,0.12846964772881697
B,7,2,50,350,0.7379874539706286,0.6347247986977298,0.1032626552728988
B,7,2,50,375,0.7261755790481462,0.7047316062148308,0.02144397283331545
B,7,2,50,400,0.7425160566624011,0.7208898377077074,0.021626218954693632
B,7,2,50,425,0.6962443918701,0.6855797806560263,0.010664611214073694
B,7,2,50,450,0.6970752003835392,0.6889135975006561,0.008161602882883146
B,7,3,75,150,0.865082943223217,0.639611705969643,0.225471237253574
B,7,3,75,175,0.8476124271581984,0.5866301970815722,0.26098223007662624
B,7,3,75,200,0.8861007398109105,0.570881045017918,0.3152196947929925
B,7,3,75,225,0.8441022409222033,0.5609843133235332,0.28311792759867016
B,7,3,75,250,0.8509859740988904,0.5927686513242854,0.2582173227746051
B,7,3,75,275,0.8223840594360061,0.5910732008914585,0.23131085854454758
B,7,3,75,300,0.8378333251733814,0.6059873602748443,0.23184596489853704
B,7,3,75,325,0.7392217809423948,0.6402570832456199,0.09896469769677485
B,7,3,75,350,0.7798010759071161,0.6601814447111893,0.11961963119592678
B,7,3,75,375,0.7554840183622208,0.7155667915748459,0.03991722678737486
B,7,3,75,400,0.7270977399005463,0.6820402854367923,0.045057454463753976
B,7,3,75,425,0.7264536334156927,0.6731241521154273,0.05332948130026538
B,7,4,100,175,0.749059861487162,0.5340897983622162,0.21497006312494582
B,7,4,100,200,0.7848964103079387,0.48005699960786585,0.3048394107000728
B,7,4,100,225,0.8153477884141639,0.5097239082855227,0.30562388012864117
B,7,4,100,250,0.7615671601807623,0.5465681097896119,0.21499905039115041
B,7,4,100,275,0.7910395712767916,0.5531211676953989,0.2379184035813927
B,7,4,100,300,0.8044589853356114,0.5916811437416796,0.21277784159393187
B,7,4,100,325,0.8401832973220046,0.6462611184233432,0.19392217889866137
B,7,4,100,350,0.72708609300782,0.6621381628500429,0.06494793015777711
B,7,4,100,375,0.7930333910455252,0.6606664890979498,0.1323669019475754
B,7,4,100,400,0.7536780908211005,0.6603996871432397,0.09327840367786078
A,8,-4,-100,200,0.49155253057963816,0.7283128079477447,-0.2367602773681065
A,8,-4,-100,225,0.6181279292054289,0.7107963730785788,-0.09266844387314987
A,8,-4,-100,250,0.632932605657199,0.7934607326400946,-0.16052812698289565
A,8,-4,-100,275,0.7171162634429324,0.8151563268785728,-0.09804006343564031
A,8,-4,-100,300,0.7139287669999939,0.7285720841851031,-0.01464331718510925
A,8,-4,-100,325,0.7301244185318542,0.7919947236580638,-0.06187030512620961
A,8,-4,-100,350,0.7757662787406943,0.8100775876345294,-0.03431130889383516
A,8,-4,-100,375,0.7952872576251633,0.7844758829134891,0.010811374711674149
A,8,-4,-100,400,0.7805796045926782,0.7922956964591534,-0.011716091866475264
A,8,-3,-75,175,0.6865879969854836,0.7872362083027223,-0.10064821131723878
A,8,-3,-75,200,0.5902595452261835,0.8171274608137302,-0.2268679155875467
A,8,-3,-75,225,0.6372294519561236,0.8321865393523824,-0.19495708739625883
A,8,-3,-75,250,0.6642547118975478,0.8666661243542291,-0.20241141245668126
A,8,-3,-75,275,0.7353297226967977,0.7985271705363239,-0.06319744783952619
A,8,-3,-75,300,0.7524800362833647,0.7905442444960435,-0.03806420821267886
A,8,-3,-75,325,0.7430906787404808,0.7995331629460475,-0.056442484205566634
A,8,-3,-75,350,0.7743891127025424,0.8086691278078691,-0.034280015105326744
A,8,-3,-75,375,0.814923721216334,0.8029539563914148,0.011969764824919293
A,8,-3,-75,400,0.7655268042692717,0.8347795812160351,-0.06925277694676346
A,8,-3,-75,425,0.7685125174521836,0.7987872233794571,-0.030274705927273438
A,8,-2,-50,150,0.7296921337068301,0.9059196691021169,-0.1762275353952868
A,8,-2,-50,175,0.7183722697250223,0.8634474051713213,-0.14507513544629902
A,8,-2,-50,200,0.6839249555987437,0.8798580029921848,-0.19593304739344108
A,8,-2,-50,225,0.7147610823950326,0.8805112812342527,-0.16575019883922015
A,8,-2,-50,250,0.6816895487281225,0.8444027034928088,-0.16271315476468629
A,8,-2,-50,275,0.7559909302749124,0.8260824625836035,-0.07009153230869114
A,8,-2,-50,300,0.7718807834074997,0.7951155948611551,-0.02323481145365547
A,8,-2,-50,325,0.7677412086311024,0.7871040725501922,-0.019362863919089812
A,8,-2,-50,350,0.7843980372949874,0.8064033787818098,-0.022005341486822427
A,8,-2,-50,375,0.805570916101433,0.8495583041458994,-0.043987388044466336
A,8,-2,-50,400,0.7917561726050065,0.8323767219896533,-0.040620549384646765
A,8,-2,-50,425,0.743636860716465,0.7890584365142084,-0.04542157579774342
A,8,-2,-50,450,0.7935165432786686,0.8050659302688434,-0.011549386990174826
A,8,-1,-25,125,0.8031965706190224,0.9413952961744136,-0.13819872555539126
A,8,-1,-25,150,0.7874755101325072,0.9217004624588371,-0.13422495232632992
A,8,-1,-25,175,0.8368233512341303,0.9195323241533553,-0.08270897291922497
A,8,-1,-25,200,0.7129279234037481,0.8558999797305201,-0.142972056326772
A,8,-1,-25,225,0.7797288432533012,0.8542052820219448,-0.07447643876864363
A,8,-1,-25,250,0.7467755211964412,0.8195510550479655,-0.07277553385152435
A,8,-1,-25,275,0.748097332675923,0.8208484500950126,-0.07275111741908957
A,8,-1,-25,300,0.7814748616333478,0.7763955982417006,0.005079263391647215
A,8,-1,-25,325,0.794536667111549,0.7749970858893511,0.0195395812221979
A,8,-1,-25,350,0.8112012341494754,0.8352666022960675,-0.024065368146592103
A,8,-1,-25,375,0.8246796799736271,0.8529207412919175,-0.028241061318290406
A,8,-1,-25,400,0.7848882717225563,0.8205312175682773,-0.03564294584572103
A,8,-1,-25,425,0.7712966995767272,0.7863907906580845,-0.015094091081357286
A,8,-1,-25,450,0.7654796494856562,0.7820184602730872,-0.016538810787431024
A,8,-1,-25,475,0.7744776575715093,0.7725367816657314,0.0019408759057779612
A,8,0,0,100,0.8873028934245138,0.8873028934245138,0.0
A,8,0,0,125,0.8868480889167916,0.8868480889167916,0.0
A,8,0,0,150,0.9207705323406681,0.9207705323406681,0.0
A,8,0,0,175,0.881864798079732,0.881864798079732,0.0
A,8,0,0,200,0.824007527242383,0.824007527242383,0.0
A,8,0,0,225,0.8003669228965029,0.8003669228965029,0.0
A,8,0,0,250,0.8064741857736899,0.8064741857736899,0.0
A,8,0,0,275,0.788608119056437,0.788608119056437,0.0
A,8,0,0,300,0.7588393160331146,0.7588393160331146,0.0
A,8,0,0,325,0.8049212403723683,0.8049212403723683,0.0
A,8,0,0,350,0.8281304109476602,0.8281304109476602,0.0
A,8,0,0,375,0.8325116114011881,0.8325116114011881,0.0
A,8,0,0,400,0.8026841421355899,0.8026841421355899,0.0
A,8,0,0,425,0.7630800996079373,0.7630800996079373,0.0
A,8,0,0,450,0.7959806237716848,0.7959806237716848,0.0
A,8,0,0,475,0.7391888765838367,0.7391888765838367,0.0
A,8,0,0,500,0.8046681645900194,0.8046681645900194,0.0
A,8,1,25,125,0.9413952961744136,0.8031965706190224,0.13819872555539126
A,8,1,25,150,0.9217004624588371,0.7874755101325072,0.13422495232632992
A,8,1,25,175,0.9195323241533553,0.8368233512341303,0.08270897291922497
A,8,1,25,200,0.8558999797305201,0.7129279234037481,0.142972056326772
A,8,1,25,225,0.8542052820219448,0.7797288432533012,0.07447643876864363
A,8,1,25,250,0.8195510550479655,0.7467755211964412,0.07277553385152435
A,8,1,25,275,0.8208484500950126,0.748097332675923,0.07275111741908957
A,8,1,25,300,0.7763955982417006,0.7814748616333478,-0.005079263391647215
A,8,1,25,325,0.7749970858893511,0.794536667111549,-0.0195395812221979
A,8,1,25,350,0.8352666022960675,0.8112012341494754,0.024065368146592103
A,8,1,25,375,0.8529207412919175,0.8246796799736271,0.028241061318290406
A,8,1,25,400,0.8205312175682773,0.7848882717225563,0.03564294584572103
A,8,1,25,425,0.7863907906580845,0.7712966995767272,0.015094091081357286
A,8,1,25,450,0.7820184602730872,0.7654796494856562,0.016538810787431024
A,8,1,25,475,0.7725367816657314,0.7744776575715093,-0.0019408759057779612
A,8,2,50,150,0.9059196691021169,0.7296921337068301,0.1762275353952868
A,8,2,50,175,0.8634474051713213,0.7183722697250223,0.14507513544629902
A,8,2,50,200,0.8798580029921848,0.6839249555987437,0.19593304739344108
A,8,2,50,225,0.8805112812342527,0.7147610823950326,0.16575019883922015
A,8,2,50,250,0.8444027034928088,0.6816895487281225,0.16271315476468629
A,8,2,50,275,0.8260824625836035,0.7559909302749124,0.07009153230869114
A,8,2,50,300,0.7951155948611551,0.7718807834074997,0.02323481145365547
A,8,2,50,325,0.7871040725501922,0.7677412086311024,0.019362863919089812
A,8,2,50,350,0.8064033787818098,0.7843980372949874,0.022005341486822427
A,8,2,50,375,0.8495583041458994,0.805570916101433,0.043987388044466336
A,8,2,50,400,0.8323767219896533,0.7917561726050065,0.040620549384646765
A,8,2,50,425,0.7890584365142084,0.743636860716465,0.04542157579774342
A,8,2,50,450,0.8050659302688434,0.7935165432786686,0.011549386990174826
A,8,3,75,175,0.7872362083027223,0.6865879969854836,0.10064821131723878
A,8,3,75,200,0.8171274608137302,0.5902595452261835,0.2268679155875467
A,8,3,75,225,0.8321865393523824,0.6372294519561236,0.19495708739625883
A,8,3,75,250,0.8666661243542291,0.6642547118975478,0.20241141245668126
A,8,3,75,275,0.7985271705363239,0.7353297226967977,0.06319744783952619
A,8,3,75,300,0.7905442444960435,0.7524800362833647,0.03806420821267886
A,8,3,75,325,0.7995331629460475,0.7430906787404808,0.056442484205566634
A,8,3,75,350,0.8086691278078691,0.7743891127025424,0.034280015105326744
A,8,3,75,375,0.8029539563914148,0.814923721216334,-0.011969764824919293
A,8,3,75,400,0.8347795812160351,0.7655268042692717,0.06925277694676346
A,8,3,75,425,0.7987872233794571,0.7685125174521836,0.030274705927273438
A,8,4,100,200,0.7283128079477447,0.49155253057963816,0.2367602773681065
A,8,4,100,225,0.7107963730785788,0.6181279292054289,0.09266844387314987
A,8,4,100,250,0.7934607326400946,0.632932605657199,0.16052812698289565
A,8,4,100,275,0.8151563268785728,0.7171162634429324,0.09804006343564031
A,8,4,100,300,0.7285720841851031,0.7139287669999939,0.01464331718510925
A,8,4,100,325,0.7919947236580638,0.7301244185318542,0.06187030512620961
A,8,4,100,350,0.8100775876345294,0.7757662787406943,0.03431130889383516
A,8,4,100,375,0.7844758829134891,0.7952872576251633,-0.010811374711674149
A,8,4,100,400,0.7922956964591534,0.7805796045926782,0.011716091866475264
B,8,-4,-100,200,0.6114610390279938,0.7495898252809022,-0.13812878625290848
B,8,-4,-100,225,0.6637657769838458,0.7516583305949954,-0.08789255361114967
B,8,-4,-100,250,0.7341240156619907,0.7480669616350886,-0.013942945973097864
B,8,-4,-100,275,0.6992889222083594,0.7660279257368086,-0.06673900352844919
B,8,-4,-100,300,0.7061042387591743,0.7489587964420052,-0.042854557682830974
B,8,-4,-100,325,0.7429666347492331,0.7829722998694431,-0.04000566512020998
B,8,-4,-100,350,0.7524909119289193,0.7093624271968375,0.04312848473208175
B,8,-4,-100,375,0.7645557541382498,0.7563464407634971,0.008209313374752725
B,8,-4,-100,400,0.7570138295066497,0.73114521414472,0.025868615361929748
B,8,-3,-75,175,0.6122127571095818,0.8446321007910007,-0.23241934368141892
B,8,-3,-75,200,0.6768663161654237,0.8636096990126126,-0.18674338284718894
B,8,-3,-75,225,0.7321045934662713,0.8357510074173422,-0.10364641395107088
B,8,-3,-75,250,0.7215635319544371,0.8386065834055856,-0.11704305145114846
B,8,-3,-75,275,0.7560588977349278,0.7935762602482872,-0.037517362513359354
B,8,-3,-75,300,0.7336812449853741,0.7906585179413255,-0.05697727295595134
B,8,-3,-75,325,0.7301937544476765,0.7820400795036964,-0.051846325056019826
B,8,-3,-75,350,0.7343526562418395,0.7535256714335777,-0.019173015191738196
B,8,-3,-75,375,0.7804475509801359,0.7477308023078639,0.03271674867227192
B,8,-3,-75,400,0.774784126468312,0.7076106700118256,0.06717345645648631
B,8,-3,-75,425,0.7486905381267759,0.7341260579898555,0.014564480136920355
B,8,-2,-50,150,0.690190521698205,0.9076165398045865,-0.2174260181063814
B,8,-2,-50,175,0.6939085655961562,0.9303903644898497,-0.23648179889369347
B,8,-2,-50,200,0.722212423545089,0.9075193948099705,-0.1853069712648815
B,8,-2,-50,225,0.7788584743339035,0.8806793298588382,-0.1018208555249347
B,8,-2,-50,250,0.7854393934607363,0.8500240373903615,-0.06458464392962515
B,8,-2,-50,275,0.730360768695195,0.8144462508071588,-0.08408548211196387
B,8,-2,-50,300,0.7744928070139626,0.7827891289084641,-0.008296321894501468
B,8,-2,-50,325,0.75634714860921,0.8196881853582348,-0.0633410367490248
B,8,-2,-50,350,0.7117831838547779,0.7522224290198589,-0.04043924516508102
B,8,-2,-50,375,0.744007113216184,0.7191299522173648,0.024877160998819203
B,8,-2,-50,400,0.768631353125473,0.7598881209151147,0.008743232210358332
B,8,-2,-50,425,0.7540017749957251,0.6997411445541892,0.05426063044153584
B,8,-2,-50,450,0.76261942874374,0.699455746011311,0.063163682732429
B,8,-1,-25,125,0.8556209968893941,0.9634462558211834,-0.10782525893178929
B,8,-1,-25,150,0.8056553664421664,0.9434667793312401,-0.13781141288907373
B,8,-1,-25,175,0.7793024307724777,0.9322893692172207,-0.15298693844474298
B,8,-1,-25,200,0.792744544847722,0.8997097938291141,-0.10696524898139204
B,8,-1,-25,225,0.8042029970884642,0.8652090449113106,-0.061006047822846354
B,8,-1,-25,250,0.8298540164700849,0.8548445532101828,-0.02499053674009788
B,8,-1,-25,275,0.787905760903556,0.8077318644856727,-0.019826103582116672
B,8,-1,-25,300,0.7486232335147148,0.8173803920357641,-0.06875715852104924
B,8,-1,-25,325,0.7999418050082041,0.8016334010824185,-0.0016915960742144298
B,8,-1,-25,350,0.7284378055768627,0.7231203541563549,0.005317451420507768
B,8,-1,-25,375,0.7235384767198944,0.7728969656191138,-0.049358488899219455
B,8,-1,-25,400,0.750895304529268,0.7374425695998721,0.013452734929395915
B,8,-1,-25,425,0.7561886511808837,0.6928170011949562,0.06337164998592759
B,8,-1,-25,450,0.7617268406914733,0.7501201075249542,0.011606733166519168
B,8,-1,-25,475,0.7624315423592026,0.7290923526035405,0.03333918975566208
B,8,0,0,100,0.9285092382294818,0.9285092382294818,0.0
B,8,0,0,125,0.9416594112394243,0.9416594112394243,0.0
B,8,0,0,150,0.9225904948184813,0.9225904948184813,0.0
B,8,0,0,175,0.8721355343370302,0.8721355343370302,0.0
B,8,0,0,200,0.8458651198765123,0.8458651198765123,0.0
B,8,0,0,225,0.8455251123280311,0.8455251123280311,0.0
B,8,0,0,250,0.8311005909770177,0.8311005909770177,0.0
B,8,0,0,275,0.8053253674781222,0.8053253674781222,0.0
B,8,0,0,300,0.7934731480946904,0.7934731480946904,0.0
B,8,0,0,325,0.7640976289711834,0.7640976289711834,0.0
B,8,0,0,350,0.7666770970335669,0.7666770970335669,0.0
B,8,0,0,375,0.7304321928691513,0.7304321928691513,0.0
B,8,0,0,400,0.7117765004277401,0.7117765004277401,0.0
B,8,0,0,425,0.7330225134760158,0.7330225134760158,0.0
B,8,0,0,450,0.7536853336052537,0.7536853336052537,0.0
B,8,0,0,475,0.7402208782110272,0.7402208782110272,0.0
B,8,0,0,500,0.7342074314052828,0.7342074314052828,0.0
B,8,1,25,125,0.9634462558211834,0.8556209968893941,0.10782525893178929
B,8,1,25,150,0.9434667793312401,0.8056553664421664,0.13781141288907373
B,8,1,25,175,0.9322893692172207,0.7793024307724777,0.15298693844474298
B,8,1,25,200,0.8997097938291141,0.792744544847722,0.10696524898139204
B,8,1,25,225,0.8652090449113106,0.8042029970884642,0.061006047822846354
B,8,1,25,250,0.8548445532101828,0.8298540164700849,0.02499053674009788
B,8,1,25,275,0.8077318644856727,0.787905760903556,0.019826103582116672
B,8,1,25,300,0.8173803920357641,0.7486232335147148,0.06875715852104924
B,8,1,25,325,0.8016334010824185,0.7999418050082041,0.0016915960742144298
B,8,1,25,350,0.7231203541563549,0.7284378055768627,-0.005317451420507768
B,8,1,25,375,0.7728969656191138,0.7235384767198944,0.049358488899219455
B,8,1,25,400,0.7374425695998721,0.750895304529268,-0.013452734929395915
B,8,1,25,425,0.6928170011949562,0.7561886511808837,-0.06337164998592759
B,8,1,25,450,0.7501201075249542,0.7617268406914733,-0.011606733166519168
B,8,1,25,475,0.7290923526035405,0.7624315423592026,-0.03333918975566208
B,8,2,50,150,0.9076165398045865,0.690190521698205,0.2174260181063814
B,8,2,50,175,0.9303903644898497,0.6939085655961562,0.23648179889369347
B,8,2,50,200,0.9075193948099705,0.722212423545089,0.1853069712648815
B,8,2,50,225,0.8806793298588382,0.7788584743339035,0.1018208555249347
B,8,2,50,250,0.8500240373903615,0.7854393934607363,0.06458464392962515
B,8,2,50,275,0.8144462508071588,0.730360768695195,0.08408548211196387
B,8,2,50,300,0.7827891289084641,0.7744928070139626,0.008296321894501468
B,8,2,50,325,0.8196881853582348,0.75634714860921,0.0633410367490248
B,8,2,50,350,0.7522224290198589,0.7117831838547779,0.04043924516508102
B,8,2,50,375,0.7191299522173648,0.744007113216184,-0.024877160998819203
B,8,2,50,400,0.7598881209151147,0.768631353125473,-0.008743232210358332
B,8,2,50,425,0.6997411445541892,0.7540017749957251,-0.05426063044153584
B,8,2,50,450,0.699455746011311,0.76261942874374,-0.063163682732429
B,8,3,75,175,0.8446321007910007,0.6122127571095818,0.23241934368141892
B,8,3,75,200,0.8636096990126126,0.6768663161654237,0.18674338284718894
B,8,3,75,225,0.8357510074173422,0.7321045934662713,0.10364641395107088
B,8,3,75,250,0.8386065834055856,0.7215635319544371,0.11704305145114846
B,8,3,75,275,0.7935762602482872,0.7560588977349278,0.037517362513359354
B,8,3,75,300,0.7906585179413255,0.7336812449853741,0.05697727295595134
B,8,3,75,325,0.7820400795036964,0.7301937544476765,0.051846325056019826
B,8,3,75,350,0.7535256714335777,0.7343526562418395,0.019173015191738196
B,8,3,75,375,0.7477308023078639,0.7804475509801359,-0.03271674867227192
B,8,3,75,400,0.7076106700118256,0.774784126468312,-0.06717345645648631
B,8,3,75,425,0.7341260579898555,0.7486905381267759,-0.014564480136920355
B,8,4,100,200,0.7495898252809022,0.6114610390279938,0.13812878625290848
B,8,4,100,225,0.7516583305949954,0.6637657769838458,0.08789255361114967
B,8,4,100,250,0.7480669616350886,0.7341240156619907,0.013942945973097864
B,8,4,100,275,0.7660279257368086,0.6992889222083594,0.06673900352844919
B,8,4,100,300,0.7489587964420052,0.7061042387591743,0.042854557682830974
B,8,4,100,325,0.7829722998694431,0.7429666347492331,0.04000566512020998
B,8,4,100,350,0.7093624271968375,0.7524909119289193,-0.04312848473208175
B,8,4,100,375,0.7563464407634971,0.7645557541382498,-0.008209313374752725
B,8,4,100,400,0.73114521414472,0.7570138295066497,-0.025868615361929748
A,9,-4,-100,175,0.6287499235619058,0.4173152197261745,0.21143470383573132
A,9,-4,-100,200,0.5873161690323189,0.5284591953516531,0.05885697368066578
A,9,-4,-100,225,0.6921290020560394,0.4928197146310649,0.19930928742497456
A,9,-4,-100,250,0.7275699821323071,0.6556394093459561,0.07193057278635095
A,9,-4,-100,275,0.7353457603379694,0.7530344056201195,-0.017688645282150084
A,9,-4,-100,300,0.7424989136388298,0.7004911752539179,0.0420077383849119
A,9,-4,-100,325,0.7672073113411864,0.7924127515711674,-0.025205440229981058
A,9,-4,-100,350,0.7605401429776893,0.7527047430082096,0.007835399969479795
A,9,-4,-100,375,0.8027681225890752,0.8215707959289131,-0.018802673339837983
A,9,-4,-100,400,0.807262797133508,0.747925839681106,0.05933695745240197
A,9,-3,-75,150,0.4985354167396858,0.7690909302986759,-0.2705555135589901
A,9,-3,-75,175,0.6931978320498677,0.6364532287210113,0.05674460332885645
A,9,-3,-75,200,0.6100446488583183,0.6765245478796564,-0.0664798990213381
A,9,-3,-75,225,0.6722129388999736,0.6935711404794167,-0.021358201579443126
A,9,-3,-75,250,0.7516985275908242,0.7902928740276346,-0.03859434643681037
A,9,-3,-75,275,0.7542878761622599,0.7658529443280244,-0.011565068165764525
A,9,-3,-75,300,0.7459468088636746,0.7542750072869002,-0.00832819842322563
A,9,-3,-75,325,0.7784891400456675,0.7787390797242324,-0.0002499396785649033
A,9,-3,-75,350,0.7583248775898729,0.7728532033206305,-0.014528325730757574
A,9,-3,-75,375,0.8273152809645284,0.780493501581693,0.04682177938283549
A,9,-3,-75,400,0.7782336363978699,0.8172699972041384,-0.03903636080626849
A,9,-3,-75,425,0.7601097036905885,0.7655287543843738,-0.005419050693785343
A,9,-2,-50,125,0.3791056055683041,0.9271513517291013,-0.5480457461607973
A,9,-2,-50,150,0.6440299295590809,0.8956081223886059,-0.251578192829525
A,9,-2,-50,175,0.731604839922461,0.7722195606730093,-0.040614720750548394
A,9,-2,-50,200,0.6753189864262288,0.7907452962898731,-0.11542630986364433
A,9,-2,-50,225,0.7129958976254521,0.7928021327339146,-0.07980623510846252
A,9,-2,-50,250,0.7154728720135929,0.787374549250755,-0.07190167723716212
A,9,-2,-50,275,0.7727782025687935,0.7825043912981721,-0.009726188729378582
A,9,-2,-50,300,0.7707688069716426,0.73770422565835,0.033064581313292596
A,9,-2,-50,325,0.7893145646509506,0.786701962275633,0.0026126023753175742
A,9,-2,-50,350,0.7704425831396738,0.7296784795931529,0.040764103546520936
A,9,-2,-50,375,0.8269429422123976,0.8465086036800159,-0.01956566146761829
A,9,-2,-50,400,0.8066637854229475,0.8205733241195902,-0.013909538696642687
A,9,-2,-50,425,0.7272686885371978,0.7599222711801463,-0.03265358264294849
A,9,-2,-50,450,0.8013862326990453,0.8130146387263917,-0.011628406027346383
A,9,-1,-25,100,0.7198583940584703,0.9398164268381383,-0.21995803277966797
A,9,-1,-25,125,0.6262533236951789,0.9351528909606304,-0.3088995672654514
A,9,-1,-25,150,0.6773846182854393,0.9220569518833464,-0.24467233359790708
A,9,-1,-25,175,0.8210100259630394,0.8562949058131302,-0.03528487985009077
A,9,-1,-25,200,0.7129655521454897,0.8062645701041575,-0.0932990179586678
A,9,-1,-25,225,0.7359328573548931,0.7927614273401852,-0.056828569985292066
A,9,-1,-25,250,0.7523908130263169,0.78713788518281,-0.034747072156493086
A,9,-1,-25,275,0.7251894734347472,0.7672350332957643,-0.0420455598610171
A,9,-1,-25,300,0.7794067361065856,0.759976635923732,0.019430100182853627
A,9,-1,-25,325,0.8010000759438408,0.7594320798421466,0.04156799610169426
A,9,-1,-25,350,0.7729543225238926,0.7992898315324628,-0.02633550900857018
A,9,-1,-25,375,0.8404121569799486,0.8441529041097551,-0.003740747129806432
A,9,-1,-25,400,0.8007953884191841,0.8108306516767639,-0.010035263257579863
A,9,-1,-25,425,0.758933260436142,0.7727705117320204,-0.013837251295878428
A,9,-1,-25,450,0.7691660015197587,0.7961062877274154,-0.02694028620765676
A,9,-1,-25,475,0.7848052496803812,0.7803365278249621,0.004468721855419133
A,9,0,0,75,0.8836891123306972,0.8836891123306972,0.0
A,9,0,0,100,0.8718047973945611,0.8718047973945611,0.0
A,9,0,0,125,0.8594226486017934,0.8594226486017934,0.0
A,9,0,0,150,0.8367684454151139,0.8367684454151139,0.0
A,9,0,0,175,0.8442092942610026,0.8442092942610026,0.0
A,9,0,0,200,0.8045608210438155,0.8045608210438155,0.0
A,9,0,0,225,0.7600917520705781,0.7600917520705781,0.0
A,9,0,0,250,0.7687346739563414,0.7687346739563414,0.0
A,9,0,0,275,0.7660739926069446,0.7660739926069446,0.0
A,9,0,0,300,0.711248452732923,0.711248452732923,0.0
A,9,0,0,325,0.8124213412280585,0.8124213412280585,0.0
A,9,0,0,350,0.7902700349781212,0.7902700349781212,0.0
A,9,0,0,375,0.8258011758413986,0.8258011758413986,0.0
A,9,0,0,400,0.820025418023674,0.820025418023674,0.0
A,9,0,0,425,0.7544188006408377,0.7544188006408377,0.0
A,9,0,0,450,0.8038109667907711,0.8038109667907711,0.0
A,9,0,0,475,0.7417910734888827,0.7417910734888827,0.0
A,9,0,0,500,0.7990179271831699,0.7990179271831699,0.0
A,9,1,25,100,0.9398164268381383,0.7198583940584703,0.21995803277966797
A,9,1,25,125,0.9351528909606304,0.6262533236951789,0.3088995672654514
A,9,1,25,150,0.9220569518833464,0.6773846182854393,0.24467233359790708
A,9,1,25,175,0.8562949058131302,0.8210100259630394,0.03528487985009077
A,9,1,25,200,0.8062645701041575,0.7129655521454897,0.0932990179586678
A,9,1,25,225,0.7927614273401852,0.7359328573548931,0.056828569985292066
A,9,1,25,250,0.78713788518281,0.7523908130263169,0.034747072156493086
A,9,1,25,275,0.7672350332957643,0.7251894734347472,0.0420455598610171
A,9,1,25,300,0.759976635923732,0.7794067361065856,-0.019430100182853627
A,9,1,25,325,0.7594320798421466,0.8010000759438408,-0.04156799610169426
A,9,1,25,350,0.7992898315324628,0.7729543225238926,0.02633550900857018
A,9,1,25,375,0.8441529041097551,0.8404121569799486,0.003740747129806432
A,9,1,25,400,0.8108306516767639,0.8007953884191841,0.010035263257579863
A,9,1,25,425,0.7727705117320204,0.758933260436142,0.013837251295878428
A,9,1,25,450,0.7961062877274154,0.7691660015197587,0.02694028620765676
A,9,1,25,475,0.7803365278249621,0.7848052496803812,-0.004468721855419133
A,9,2,50,125,0.9271513517291013,0.3791056055683041,0.5480457461607973
A,9,2,50,150,0.8956081223886059,0.6440299295590809,0.251578192829525
A,9,2,50,175,0.7722195606730093,0.731604839922461,0.040614720750548394
A,9,2,50,200,0.7907452962898731,0.6753189864262288,0.11542630986364433
A,9,2,50,225,0.7928021327339146,0.7129958976254521,0.07980623510846252
A,9,2,50,250,0.787374549250755,0.7154728720135929,0.07190167723716212
A,9,2,50,275,0.7825043912981721,0.7727782025687935,0.009726188729378582
A,9,2,50,300,0.73770422565835,0.7707688069716426,-0.033064581313292596
A,9,2,50,325,0.786701962275633,0.7893145646509506,-0.0026126023753175742
A,9,2,50,350,0.7296784795931529,0.7704425831396738,-0.040764103546520936
A,9,2,50,375,0.8465086036800159,0.8269429422123976,0.01956566146761829
A,9,2,50,400,0.8205733241195902,0.8066637854229475,0.013909538696642687
A,9,2,50,425,0.7599222711801463,0.7272686885371978,0.03265358264294849
A,9,2,50,450,0.8130146387263917,0.8013862326990453,0.011628406027346383
A,9,3,75,150,0.7690909302986759,0.4985354167396858,0.2705555135589901
A,9,3,75,175,0.6364532287210113,0.6931978320498677,-0.05674460332885645
A,9,3,75,200,0.6765245478796564,0.6100446488583183,0.0664798990213381
A,9,3,75,225,0.6935711404794167,0.6722129388999736,0.021358201579443126
A,9,3,75,250,0.7902928740276346,0.7516985275908242,0.03859434643681037
A,9,3,75,275,0.7658529443280244,0.7542878761622599,0.011565068165764525
A,9,3,75,300,0.7542750072869002,0.7459468088636746,0.00832819842322563
A,9,3,75,325,0.7787390797242324,0.7784891400456675,0.0002499396785649033
A,9,3,75,350,0.7728532033206305,0.7583248775898729,0.014528325730757574
A,9,3,75,375,0.780493501581693,0.8273152809645284,-0.04682177938283549
A,9,3,75,400,0.8172699972041384,0.7782336363978699,0.03903636080626849
A,9,3,75,425,0.7655287543843738,0.7601097036905885,0.005419050693785343
A,9,4,100,175,0.4173152197261745,0.6287499235619058,-0.21143470383573132
A,9,4,100,200,0.5284591953516531,0.5873161690323189,-0.05885697368066578
A,9,4,100,225,0.4928197146310649,0.6921290020560394,-0.19930928742497456
A,9,4,100,250,0.6556394093459561,0.7275699821323071,-0.07193057278635095
A,9,4,100,275,0.7530344056201195,0.7353457603379694,0.017688645282150084
A,9,4,100,300,0.7004911752539179,0.7424989136388298,-0.0420077383849119
A,9,4,100,325,0.7924127515711674,0.7672073113411864,0.025205440229981058
A,9,4,100,350,0.7527047430082096,0.7605401429776893,-0.007835399969479795
A,9,4,100,375,0.8215707959289131,0.8027681225890752,0.018802673339837983
A,9,4,100,400,0.747925839681106,0.807262797133508,-0.05933695745240197
B,9,-4,-100,175,0.4939400461192177,0.5603253559238802,-0.0663853098046625
B,9,-4,-100,200,0.6287361616768371,0.46724105004076516,0.16149511163607194
B,9,-4,-100,225,0.6271554864906403,0.48465010809418485,0.1425053783964555
B,9,-4,-100,250,0.7255269994151979,0.5234116500605496,0.20211534935464837
B,9,-4,-100,275,0.7362358079195401,0.6817973385660471,0.05443846935349306
B,9,-4,-100,300,0.68468207910336,0.6996418043772069,-0.014959725273846924
B,9,-4,-100,325,0.7657985226390267,0.7596910376029171,0.006107485036109583
B,9,-4,-100,350,0.7355698091800897,0.7336856559795523,0.001884153200537475
B,9,-4,-100,375,0.7905915587993503,0.8024641516273991,-0.011872592828048867
B,9,-4,-100,400,0.7329338866132671,0.7795314025508336,-0.04659751593756656
B,9,-3,-75,150,0.48242071807851705,0.7709057361028259,-0.2884850180243088
B,9,-3,-75,175,0.5660503942799616,0.7161789123734713,-0.1501285180935097
B,9,-3,-75,200,0.6209735347266808,0.651755479433374,-0.030781944706693154
B,9,-3,-75,225,0.7062110620658153,0.6370255627424913,0.06918549932332396
B,9,-3,-75,250,0.7076665712146392,0.7334665659845876,-0.02579999476994843
B,9,-3,-75,275,0.7454813271669699,0.7419013346685857,0.0035799924983842546
B,9,-3,-75,300,0.744412059100887,0.7660933811084497,-0.021681322007562676
B,9,-3,-75,325,0.7367965673129945,0.7794208739951481,-0.04262430668215367
B,9,-3,-75,350,0.7336897679820505,0.7646397382944565,-0.030949970312405983
B,9,-3,-75,375,0.802709580188286,0.8135786469718517,-0.010869066783565695
B,9,-3,-75,400,0.7673215772613838,0.7407510939066918,0.02657048335469203
B,9,-3,-75,425,0.7299221998079416,0.7676061894755752,-0.037683989667633644
B,9,-2,-50,125,0.5232969280794129,0.930970033528566,-0.40767310544915314
B,9,-2,-50,150,0.6276235577201522,0.8723667886475811,-0.2447432309274289
B,9,-2,-50,175,0.6735334577394692,0.838592666133011,-0.16505920839354182
B,9,-2,-50,200,0.6911608525714081,0.784543671312888,-0.09338281874147991
B,9,-2,-50,225,0.6915335077370101,0.7892038486357327,-0.09767034089872262
B,9,-2,-50,250,0.7752694815322501,0.7861517554583936,-0.010882273926143493
B,9,-2,-50,275,0.7281447417435479,0.7870417956688034,-0.05889705392525546
B,9,-2,-50,300,0.7608943045234011,0.778134358688443,-0.01724005416504193
B,9,-2,-50,325,0.7867940360829545,0.8085503374638092,-0.021756301380854715
B,9,-2,-50,350,0.7067942229329118,0.7731991963308626,-0.06640497339795082
B,9,-2,-50,375,0.7987172099320493,0.7771595767150553,0.021557633216994
B,9,-2,-50,400,0.7775069748178163,0.7749934130583356,0.002513561759480698
B,9,-2,-50,425,0.7647823183963041,0.7713677467534164,-0.0065854283571122885
B,9,-2,-50,450,0.7367173024797118,0.7452298194772162,-0.008512516997504438
B,9,-1,-25,100,0.7733044538809277,0.9670091394301277,-0.19370468554919995
B,9,-1,-25,125,0.796369276670895,0.960164626837754,-0.1637953501668591
B,9,-1,-25,150,0.7419993934990928,0.9127726978930144,-0.17077330439392158
B,9,-1,-25,175,0.7785947837131393,0.9108450172222866,-0.13225023350914733
B,9,-1,-25,200,0.7629780533009252,0.849772080698559,-0.08679402739763387
B,9,-1,-25,225,0.7446831867963821,0.8115675022639353,-0.06688431546755313
B,9,-1,-25,250,0.7711079906995252,0.8135396156922929,-0.04243162499276776
B,9,-1,-25,275,0.7857779664267067,0.7893074131211729,-0.0035294466944661984
B,9,-1,-25,300,0.7414295142212111,0.7721978832909118,-0.030768369069700707
B,9,-1,-25,325,0.7924913543901809,0.8066266237632903,-0.014135269373109383
B,9,-1,-25,350,0.7523986103985721,0.7230465202860717,0.029352090112500395
B,9,-1,-25,375,0.7705773350071634,0.8023819556292923,-0.031804620622128854
B,9,-1,-25,400,0.7726519130889947,0.7768542376619646,-0.004202324572969873
B,9,-1,-25,425,0.7789492431147945,0.7403823572234146,0.03856688589137991
B,9,-1,-25,450,0.7699338022798506,0.7756682180454408,-0.005734415765590195
B,9,-1,-25,475,0.7096236263589444,0.763511665706069,-0.053888039347124606
B,9,0,0,75,0.927590637235654,0.927590637235654,0.0
B,9,0,0,100,0.9295738365053609,0.9295738365053609,0.0
B,9,0,0,125,0.8938584165735681,0.8938584165735681,0.0
B,9,0,0,150,0.915849974481755,0.915849974481755,0.0
B,9,0,0,175,0.8590651335853423,0.8590651335853423,0.0
B,9,0,0,200,0.8311444407668314,0.8311444407668314,0.0
B,9,0,0,225,0.7913406645476778,0.7913406645476778,0.0
B,9,0,0,250,0.796174129795032,0.796174129795032,0.0
B,9,0,0,275,0.7612870544655786,0.7612870544655786,0.0
B,9,0,0,300,0.7921527697603605,0.7921527697603605,0.0
B,9,0,0,325,0.7634540365349982,0.7634540365349982,0.0
B,9,0,0,350,0.753819405431446,0.753819405431446,0.0
B,9,0,0,375,0.799644968931443,0.799644968931443,0.0
B,9,0,0,400,0.7372469716969532,0.7372469716969532,0.0
B,9,0,0,425,0.7710706958893588,0.7710706958893588,0.0
B,9,0,0,450,0.7764927078401558,0.7764927078401558,0.0
B,9,0,0,475,0.7478438845066822,0.7478438845066822,0.0
B,9,0,0,500,0.7053991771369597,0.7053991771369597,0.0
B,9,1,25,100,0.9670091394301277,0.7733044538809277,0.19370468554919995
B,9,1,25,125,0.960164626837754,0.796369276670895,0.1637953501668591
B,9,1,25,150,0.9127726978930144,0.7419993934990928,0.17077330439392158
B,9,1,25,175,0.9108450172222866,0.7785947837131393,0.13225023350914733
B,9,1,25,200,0.849772080698559,0.7629780533009252,0.08679402739763387
B,9,1,25,225,0.8115675022639353,0.7446831867963821,0.06688431546755313
B,9,1,25,250,0.8135396156922929,0.7711079906995252,0.04243162499276776
B,9,1,25,275,0.7893074131211729,0.7857779664267067,0.0035294466944661984
B,9,1,25,300,0.7721978832909118,0.7414295142212111,0.030768369069700707
B,9,1,25,325,0.8066266237632903,0.7924913543901809,0.014135269373109383
B,9,1,25,350,0.7230465202860717,0.7523986103985721,-0.029352090112500395
B,9,1,25,375,0.8023819556292923,0.7705773350071634,0.031804620622128854
B,9,1,25,400,0.7768542376619646,0.7726519130889947,0.004202324572969873
B,9,1,25,425,0.7403823572234146,0.7789492431147945,-0.03856688589137991
B,9,1,25,450,0.7756682180454408,0.7699338022798506,0.005734415765590195
B,9,1,25,475,0.763511665706069,0.7096236263589444,0.053888039347124606
B,9,2,50,125,0.930970033528566,0.5232969280794129,0.40767310544915314
B,9,2,50,150,0.8723667886475811,0.6276235577201522,0.2447432309274289
B,9,2,50,175,0.838592666133011,0.6735334577394692,0.16505920839354182
B,9,2,50,200,0.784543671312888,0.6911608525714081,0.09338281874147991
B,9,2,50,225,0.7892038486357327,0.6915335077370101,0.09767034089872262
B,9,2,50,250,0.7861517554583936,0.7752694815322501,0.010882273926143493
B,9,2,50,275,0.7870417956688034,0.7281447417435479,0.05889705392525546
B,9,2,50,300,0.778134358688443,0.7608943045234011,0.01724005416504193
B,9,2,50,325,0.8085503374638092,0.7867940360829545,0.021756301380854715
B,9,2,50,350,0.7731991963308626,0.7067942229329118,0.06640497339795082
B,9,2,50,375,0.7771595767150553,0.7987172099320493,-0.021557633216994
B,9,2,50,400,0.7749934130583356,0.7775069748178163,-0.002513561759480698
B,9,2,50,425,0.7713677467534164,0.7647823183963041,0.0065854283571122885
B,9,2,50,450,0.7452298194772162,0.7367173024797118,0.008512516997504438
B,9,3,75,150,0.7709057361028259,0.48242071807851705,0.2884850180243088
B,9,3,75,175,0.7161789123734713,0.5660503942799616,0.1501285180935097
B,9,3,75,200,0.651755479433374,0.6209735347266808,0.030781944706693154
B,9,3,75,225,0.6370255627424913,0.7062110620658153,-0.06918549932332396
B,9,3,75,250,0.7334665659845876,0.7076665712146392,0.02579999476994843
B,9,3,75,275,0.7419013346685857,0.7454813271669699,-0.0035799924983842546
B,9,3,75,300,0.7660933811084497,0.744412059100887,0.021681322007562676
B,9,3,75,325,0.7794208739951481,0.7367965673129945,0.04262430668215367
B,9,3,75,350,0.7646397382944565,0.7336897679820505,0.030949970312405983
B,9,3,75,375,0.8135786469718517,0.802709580188286,0.010869066783565695
B,9,3,75,400,0.7407510939066918,0.7673215772613838,-0.02657048335469203
B,9,3,75,425,0.7676061894755752,0.7299221998079416,0.037683989667633644
B,9,4,100,175,0.5603253559238802,0.4939400461192177,0.0663853098046625
B,9,4,100,200,0.46724105004076516,0.6287361616768371,-0.16149511163607194
B,9,4,100,225,0.48465010809418485,0.6271554864906403,-0.1425053783964555
B,9,4,100,250,0.5234116500605496,0.7255269994151979,-0.20211534935464837
B,9,4,100,275,0.6817973385660471,0.7362358079195401,-0.05443846935349306
B,9,4,100,300,0.6996418043772069,0.68468207910336,0.014959725273846924
B,9,4,100,325,0.7596910376029171,0.7657985226390267,-0.006107485036109583
B,9,4,100,350,0.7336856559795523,0.7355698091800897,-0.001884153200537475
B,9,4,100,375,0.8024641516273991,0.7905915587993503,0.011872592828048867
B,9,4,100,400,0.7795314025508336,0.7329338866132671,0.04659751593756656
