unit,run,asset,half,layer,expert,price,bias
a/strided/h1,a,strided,h1,2,0,0.0164124165,0.00416958332
a/strided/h1,a,strided,h1,2,1,-0.0865961518,-0.00782382488
a/strided/h1,a,strided,h1,2,2,4.73670989e-05,-0.00382602215
a/strided/h1,a,strided,h1,2,3,0.00737286968,0.00217068195
a/strided/h1,a,strided,h1,2,4,-0.0038045542,-0.00482547283
a/strided/h1,a,strided,h1,2,5,0.0122303041,0.00616848469
a/strided/h1,a,strided,h1,2,6,0.000512982286,-0.000827670097
a/strided/h1,a,strided,h1,2,7,0.00327152762,-0.00382602215
a/strided/h1,a,strided,h1,2,8,0.00970472538,0.00716793537
a/strided/h1,a,strided,h1,2,9,0.00866275843,0.00217068195
a/strided/h1,a,strided,h1,2,10,0.0120751527,0.00416958332
a/strided/h1,a,strided,h1,2,11,-0.0448538852,-0.00582492352
a/strided/h1,a,strided,h1,2,12,0.0020268015,-0.00382602215
a/strided/h1,a,strided,h1,2,13,0.00578813631,0.005169034
a/strided/h1,a,strided,h1,2,14,-0.0158364279,0.000171780586
a/strided/h1,a,strided,h1,2,15,0.00505244735,0.00117123127
a/strided/h1,a,strided,h1,2,16,-0.00823862941,-0.0388067961
a/strided/h1,a,strided,h1,2,17,0.000556575633,0.000171780586
a/strided/h1,a,strided,h1,2,18,0.0122844698,0.00217068195
a/strided/h1,a,strided,h1,2,19,-0.0077966917,0.00616848469
a/strided/h1,a,strided,h1,2,20,0.0152926892,0.00716793537
a/strided/h1,a,strided,h1,2,21,-0.0151528725,-0.00882327557
a/strided/h1,a,strided,h1,2,22,-0.0278126881,0.00117123127
a/strided/h1,a,strided,h1,2,23,0.00266565246,0.000171780586
a/strided/h1,a,strided,h1,2,24,-0.00485224087,-0.00382602215
a/strided/h1,a,strided,h1,2,25,0.0123220645,0.00416958332
a/strided/h1,a,strided,h1,2,26,0.014261819,0.00716793537
a/strided/h1,a,strided,h1,2,27,-0.0148525801,-0.00282657146
a/strided/h1,a,strided,h1,2,28,-0.00498037689,0.00117123127
a/strided/h1,a,strided,h1,2,29,0.0120116719,0.00416958332
a/strided/h1,a,strided,h1,2,30,0.00932177532,-0.00182712078
a/strided/h1,a,strided,h1,2,31,-0.00391005209,-0.00282657146
a/strided/h1,a,strided,h1,2,32,0.00503740603,-0.000827670097
a/strided/h1,a,strided,h1,2,33,0.00739866126,-0.000827670097
a/strided/h1,a,strided,h1,2,34,0.0147205913,0.00317013264
a/strided/h1,a,strided,h1,2,35,0.0109926444,0.00117123127
a/strided/h1,a,strided,h1,2,36,-0.0197452281,0.000171780586
a/strided/h1,a,strided,h1,2,37,0.00557802481,0.00317013264
a/strided/h1,a,strided,h1,2,38,-0.00630188497,-0.000827670097
a/strided/h1,a,strided,h1,2,39,-0.00283007972,0.00117123127
a/strided/h1,a,strided,h1,2,40,0.00554284038,0.00416958332
a/strided/h1,a,strided,h1,2,41,0.00253891529,-0.0068243742
a/strided/h1,a,strided,h1,2,42,0.0157671888,0.00816738605
a/strided/h1,a,strided,h1,2,43,-0.0290007889,-0.00582492352
a/strided/h1,a,strided,h1,2,44,0.00879456805,0.00117123127
a/strided/h1,a,strided,h1,2,45,0.00450833378,-0.00182712078
a/strided/h1,a,strided,h1,2,46,0.010951309,0.005169034
a/strided/h1,a,strided,h1,2,47,0.0036907229,-0.00382602215
a/strided/h1,a,strided,h1,2,48,0.00709069524,-0.00182712078
a/strided/h1,a,strided,h1,2,49,0.00902429552,-0.00182712078
a/strided/h1,a,strided,h1,2,50,0.0174570303,0.0101662874
a/strided/h1,a,strided,h1,2,51,0.00999488033,0.00117123127
a/strided/h1,a,strided,h1,2,52,0.0027117804,-0.00182712078
a/strided/h1,a,strided,h1,2,53,0.00997151531,0.00616848469
a/strided/h1,a,strided,h1,2,54,-0.0251346267,0.000171780586
a/strided/h1,a,strided,h1,2,55,-0.00614019201,0.00117123127
a/strided/h1,a,strided,h1,2,56,0.0114721209,0.00416958332
a/strided/h1,a,strided,h1,2,57,-0.00235474619,0.00217068195
a/strided/h1,a,strided,h1,2,58,-0.00846542135,-0.00982272625
a/strided/h1,a,strided,h1,2,59,-0.00212677705,-0.00382602215
a/strided/h1,a,strided,h1,2,60,0.0026680115,0.00317013264
a/strided/h1,a,strided,h1,2,61,0.0151443286,0.005169034
a/strided/h1,a,strided,h1,2,62,-0.0111100003,-0.00282657146
a/strided/h1,a,strided,h1,2,63,0.008966825,0.005169034
a/strided/h1,a,strided,h1,3,0,-0.00504057554,-0.00724601746
a/strided/h1,a,strided,h1,3,1,0.0127196256,0.00374794006
a/strided/h1,a,strided,h1,3,2,-0.0557449227,0.0017490387
a/strided/h1,a,strided,h1,3,3,-0.0123012539,0.000749588013
a/strided/h1,a,strided,h1,3,4,-0.010576671,-0.00324821472
a/strided/h1,a,strided,h1,3,5,0.00680958105,-0.00224876404
a/strided/h1,a,strided,h1,3,6,-0.000322503525,0.000749588013
a/strided/h1,a,strided,h1,3,7,0.0121322879,0.0017490387
a/strided/h1,a,strided,h1,3,8,-0.00966727992,-0.00524711609
a/strided/h1,a,strided,h1,3,9,0.00910742532,0.0017490387
a/strided/h1,a,strided,h1,3,10,0.00304225411,0.00274848938
a/strided/h1,a,strided,h1,3,11,0.00716334789,0.00474739075
a/strided/h1,a,strided,h1,3,12,0.0122385202,0.0017490387
a/strided/h1,a,strided,h1,3,13,0.00457988584,0.000749588013
a/strided/h1,a,strided,h1,3,14,0.00729583202,0.0017490387
a/strided/h1,a,strided,h1,3,15,-0.0378793385,0.000749588013
a/strided/h1,a,strided,h1,3,16,-0.0490547267,-0.00424766541
a/strided/h1,a,strided,h1,3,17,0.0132456175,0.00374794006
a/strided/h1,a,strided,h1,3,18,0.0156476965,0.00274848938
a/strided/h1,a,strided,h1,3,19,0.00462201073,-0.00424766541
a/strided/h1,a,strided,h1,3,20,0.0127609726,0.00574684143
a/strided/h1,a,strided,h1,3,21,-0.0188201522,-0.0102443695
a/strided/h1,a,strided,h1,3,22,0.00547275713,0.00274848938
a/strided/h1,a,strided,h1,3,23,0.00830908024,-0.00424766541
a/strided/h1,a,strided,h1,3,24,0.0154991941,0.00874519348
a/strided/h1,a,strided,h1,3,25,0.0126408313,0.0077457428
a/strided/h1,a,strided,h1,3,26,0.0131926164,0.0017490387
a/strided/h1,a,strided,h1,3,27,-0.0025241757,-0.000249862671
a/strided/h1,a,strided,h1,3,28,-0.00865541447,-0.00824546814
a/strided/h1,a,strided,h1,3,29,0.0123685854,0.00274848938
a/strided/h1,a,strided,h1,3,30,-0.0628779102,0.0017490387
a/strided/h1,a,strided,h1,3,31,0.00909125989,-0.000249862671
a/strided/h1,a,strided,h1,3,32,0.00125818348,-0.00424766541
a/strided/h1,a,strided,h1,3,33,0.00195609869,0.00474739075
a/strided/h1,a,strided,h1,3,34,0.00512931773,-0.00224876404
a/strided/h1,a,strided,h1,3,35,0.0142641293,0.00674629211
a/strided/h1,a,strided,h1,3,36,-0.00350919927,0.000749588013
a/strided/h1,a,strided,h1,3,37,0.00920233501,-0.00124931335
a/strided/h1,a,strided,h1,3,38,0.00952939803,-0.00224876404
a/strided/h1,a,strided,h1,3,39,0.0114328246,-0.00124931335
a/strided/h1,a,strided,h1,3,40,0.00953090747,0.0017490387
a/strided/h1,a,strided,h1,3,41,0.00151499009,-0.00324821472
a/strided/h1,a,strided,h1,3,42,0.000509018289,-0.00824546814
a/strided/h1,a,strided,h1,3,43,0.0101524805,0.0017490387
a/strided/h1,a,strided,h1,3,44,0.000271417412,0.000749588013
a/strided/h1,a,strided,h1,3,45,-0.00788978094,-0.0112438202
a/strided/h1,a,strided,h1,3,46,-0.00811511373,-0.0112438202
a/strided/h1,a,strided,h1,3,47,0.00379059089,0.00574684143
a/strided/h1,a,strided,h1,3,48,0.00614977928,0.00874519348
a/strided/h1,a,strided,h1,3,49,0.0151776764,0.0077457428
a/strided/h1,a,strided,h1,3,50,0.0013163192,-0.00124931335
a/strided/h1,a,strided,h1,3,51,-0.0203071998,-0.00324821472
a/strided/h1,a,strided,h1,3,52,0.00238877905,-0.00724601746
a/strided/h1,a,strided,h1,3,53,-0.00856413951,-0.00624656677
a/strided/h1,a,strided,h1,3,54,0.00777176975,0.0017490387
a/strided/h1,a,strided,h1,3,55,0.00642395786,0.000749588013
a/strided/h1,a,strided,h1,3,56,-0.00939387621,-0.00324821472
a/strided/h1,a,strided,h1,3,57,-0.0201316204,0.0017490387
a/strided/h1,a,strided,h1,3,58,0.00589705443,0.00374794006
a/strided/h1,a,strided,h1,3,59,-0.00842296684,0.000749588013
a/strided/h1,a,strided,h1,3,60,0.0160470609,0.00274848938
a/strided/h1,a,strided,h1,3,61,0.0086330103,0.000749588013
a/strided/h1,a,strided,h1,3,62,0.0153027421,0.00574684143
a/strided/h1,a,strided,h1,3,63,-0.00179040155,-0.00124931335
a/strided/h1,a,strided,h1,4,0,-0.00197520376,-0.00413835049
a/strided/h1,a,strided,h1,4,1,0.00236708401,0.000858902931
a/strided/h1,a,strided,h1,4,2,0.00887187627,0.00185835361
a/strided/h1,a,strided,h1,4,3,0.000508964162,-0.00513780117
a/strided/h1,a,strided,h1,4,4,-0.000313058395,-0.000140547752
a/strided/h1,a,strided,h1,4,5,-0.0161867811,-0.00513780117
a/strided/h1,a,strided,h1,4,6,0.00266995466,-0.00413835049
a/strided/h1,a,strided,h1,4,7,-0.00370968694,-0.00113999844
a/strided/h1,a,strided,h1,4,8,0.00639020336,-0.00213944912
a/strided/h1,a,strided,h1,4,9,0.00907224229,0.00385725498
a/strided/h1,a,strided,h1,4,10,0.0129399752,-0.000140547752
a/strided/h1,a,strided,h1,4,11,0.00638017895,0.00485670567
a/strided/h1,a,strided,h1,4,12,0.000687968086,-0.000140547752
a/strided/h1,a,strided,h1,4,13,0.00797714862,0.0028578043
a/strided/h1,a,strided,h1,4,14,-0.00854471549,-0.00213944912
a/strided/h1,a,strided,h1,4,15,-0.00388062083,-0.000140547752
a/strided/h1,a,strided,h1,4,16,0.00456879752,-0.0031388998
a/strided/h1,a,strided,h1,4,17,0.00819979618,-0.00113999844
a/strided/h1,a,strided,h1,4,18,-0.000439517216,-0.0031388998
a/strided/h1,a,strided,h1,4,19,0.0118574482,0.00485670567
a/strided/h1,a,strided,h1,4,20,-0.010457606,0.000858902931
a/strided/h1,a,strided,h1,4,21,0.00948271526,0.00385725498
a/strided/h1,a,strided,h1,4,22,-0.0556822441,-0.00513780117
a/strided/h1,a,strided,h1,4,23,0.00752902786,-0.00113999844
a/strided/h1,a,strided,h1,4,24,9.09456121e-05,-0.0031388998
a/strided/h1,a,strided,h1,4,25,0.0049417737,-0.0031388998
a/strided/h1,a,strided,h1,4,26,0.0100985785,-0.00613725185
a/strided/h1,a,strided,h1,4,27,0.00755924823,-0.000140547752
a/strided/h1,a,strided,h1,4,28,0.00998714157,0.00685560703
a/strided/h1,a,strided,h1,4,29,0.0037180042,-0.00413835049
a/strided/h1,a,strided,h1,4,30,0.00999314627,0.000858902931
a/strided/h1,a,strided,h1,4,31,-0.00841594198,-0.00413835049
a/strided/h1,a,strided,h1,4,32,-0.00207556495,-0.00113999844
a/strided/h1,a,strided,h1,4,33,-0.134218503,0.00385725498
a/strided/h1,a,strided,h1,4,34,0.0126755328,0.00585615635
a/strided/h1,a,strided,h1,4,35,-0.00458617231,-0.00213944912
a/strided/h1,a,strided,h1,4,36,0.0140710241,0.0088545084
a/strided/h1,a,strided,h1,4,37,0.00622317205,-0.00113999844
a/strided/h1,a,strided,h1,4,38,0.00153434193,-0.00813615322
a/strided/h1,a,strided,h1,4,39,0.00201858404,0.00785505772
a/strided/h1,a,strided,h1,4,40,0.00574390693,-0.00113999844
a/strided/h1,a,strided,h1,4,41,0.0118396516,0.0028578043
a/strided/h1,a,strided,h1,4,42,0.00618083971,-0.00213944912
a/strided/h1,a,strided,h1,4,43,0.00983832775,-0.00113999844
a/strided/h1,a,strided,h1,4,44,0.0132564913,0.00785505772
a/strided/h1,a,strided,h1,4,45,-0.0151035561,-0.000140547752
a/strided/h1,a,strided,h1,4,46,-0.0619459803,-0.00413835049
a/strided/h1,a,strided,h1,4,47,-0.00361545374,-0.00213944912
a/strided/h1,a,strided,h1,4,48,0.0133148577,0.000858902931
a/strided/h1,a,strided,h1,4,49,0.00266615963,0.00585615635
a/strided/h1,a,strided,h1,4,50,0.00366024683,-0.0031388998
a/strided/h1,a,strided,h1,4,51,0.000551136311,-0.00513780117
a/strided/h1,a,strided,h1,4,52,0.0094936342,0.00185835361
a/strided/h1,a,strided,h1,4,53,0.00832275125,-0.0031388998
a/strided/h1,a,strided,h1,4,54,0.0106869433,-0.00113999844
a/strided/h1,a,strided,h1,4,55,0.0124652708,0.00185835361
a/strided/h1,a,strided,h1,4,56,0.00357527203,0.00485670567
a/strided/h1,a,strided,h1,4,57,0.00538070417,0.00785505772
a/strided/h1,a,strided,h1,4,58,-0.000537401897,-0.00113999844
a/strided/h1,a,strided,h1,4,59,0.0021964266,0.0028578043
a/strided/h1,a,strided,h1,4,60,0.00810711282,0.000858902931
a/strided/h1,a,strided,h1,4,61,0.00630127835,0.0028578043
a/strided/h1,a,strided,h1,4,62,0.00838287324,0.00385725498
a/strided/h1,a,strided,h1,4,63,0.0073092497,-0.00613725185
a/strided/h1,a,strided,h1,5,0,0.0114244751,0.0038728714
a/strided/h1,a,strided,h1,5,1,0.0123511359,0.000874519348
a/strided/h1,a,strided,h1,5,2,0.0100678128,0.000874519348
a/strided/h1,a,strided,h1,5,3,0.00672126067,-0.00112438202
a/strided/h1,a,strided,h1,5,4,0.00517068774,-0.00112438202
a/strided/h1,a,strided,h1,5,5,0.00871895947,-0.00112438202
a/strided/h1,a,strided,h1,5,6,0.00618776278,-0.000124931335
a/strided/h1,a,strided,h1,5,7,0.0133977173,0.0038728714
a/strided/h1,a,strided,h1,5,8,0.00306859956,-0.0021238327
a/strided/h1,a,strided,h1,5,9,0.00818167086,-0.00112438202
a/strided/h1,a,strided,h1,5,10,0.00498099224,0.00487232208
a/strided/h1,a,strided,h1,5,11,0.0113933149,-0.000124931335
a/strided/h1,a,strided,h1,5,12,0.0096858085,0.00187397003
a/strided/h1,a,strided,h1,5,13,-0.0902054732,-0.00112438202
a/strided/h1,a,strided,h1,5,14,0.00864279521,-0.00312328339
a/strided/h1,a,strided,h1,5,15,0.00250430097,-0.00412273407
a/strided/h1,a,strided,h1,5,16,0.0123273644,0.00187397003
a/strided/h1,a,strided,h1,5,17,0.00935985655,-0.00412273407
a/strided/h1,a,strided,h1,5,18,-0.00064043101,-0.00412273407
a/strided/h1,a,strided,h1,5,19,0.0110961545,0.0038728714
a/strided/h1,a,strided,h1,5,20,-0.000750405072,-0.00312328339
a/strided/h1,a,strided,h1,5,21,0.00889463601,0.000874519348
a/strided/h1,a,strided,h1,5,22,0.0107378985,0.000874519348
a/strided/h1,a,strided,h1,5,23,0.00186668028,0.000874519348
a/strided/h1,a,strided,h1,5,24,0.0113323151,0.0038728714
a/strided/h1,a,strided,h1,5,25,0.00790494931,0.00187397003
a/strided/h1,a,strided,h1,5,26,0.00960632711,-0.00712108612
a/strided/h1,a,strided,h1,5,27,-0.028103486,0.00287342072
a/strided/h1,a,strided,h1,5,28,0.00846775779,0.000874519348
a/strided/h1,a,strided,h1,5,29,-0.00643383461,-0.00112438202
a/strided/h1,a,strided,h1,5,30,0.0126434606,-0.00312328339
a/strided/h1,a,strided,h1,5,31,0.0139649952,-0.0021238327
a/strided/h1,a,strided,h1,5,32,0.0102643619,-0.00712108612
a/strided/h1,a,strided,h1,5,33,-0.0733027396,-0.000124931335
a/strided/h1,a,strided,h1,5,34,0.0089392594,-0.000124931335
a/strided/h1,a,strided,h1,5,35,0.0140836082,-0.000124931335
a/strided/h1,a,strided,h1,5,36,0.0070190315,-0.00112438202
a/strided/h1,a,strided,h1,5,37,0.012297549,0.00687122345
a/strided/h1,a,strided,h1,5,38,0.0155016006,0.00187397003
a/strided/h1,a,strided,h1,5,39,0.0133168946,-0.000124931335
a/strided/h1,a,strided,h1,5,40,0.00781895564,0.00587177277
a/strided/h1,a,strided,h1,5,41,0.0143078106,0.00587177277
a/strided/h1,a,strided,h1,5,42,0.0137765079,0.00287342072
a/strided/h1,a,strided,h1,5,43,0.00109387533,0.000874519348
a/strided/h1,a,strided,h1,5,44,0.010052297,0.00187397003
a/strided/h1,a,strided,h1,5,45,0.00207056914,-0.000124931335
a/strided/h1,a,strided,h1,5,46,0.00540396635,-0.00112438202
a/strided/h1,a,strided,h1,5,47,-0.0012147029,-0.00112438202
a/strided/h1,a,strided,h1,5,48,0.007738474,-0.00312328339
a/strided/h1,a,strided,h1,5,49,0.0115622838,-0.00612163544
a/strided/h1,a,strided,h1,5,50,0.00264658936,-0.00312328339
a/strided/h1,a,strided,h1,5,51,0.0127756732,0.00187397003
a/strided/h1,a,strided,h1,5,52,0.011375765,-0.000124931335
a/strided/h1,a,strided,h1,5,53,0.00895707688,-0.00112438202
a/strided/h1,a,strided,h1,5,54,0.00651624118,-0.00312328339
a/strided/h1,a,strided,h1,5,55,0.0118651247,0.00687122345
a/strided/h1,a,strided,h1,5,56,0.00862547982,-0.0111188889
a/strided/h1,a,strided,h1,5,57,-0.0269461528,0.0038728714
a/strided/h1,a,strided,h1,5,58,0.00611572777,-0.00412273407
a/strided/h1,a,strided,h1,5,59,0.00938268419,-0.00312328339
a/strided/h1,a,strided,h1,5,60,0.000794727066,0.0038728714
a/strided/h1,a,strided,h1,5,61,3.72954546e-05,0.0038728714
a/strided/h1,a,strided,h1,5,62,-0.260521201,0.00287342072
a/strided/h1,a,strided,h1,5,63,0.0130793072,0.00287342072
a/strided/h1,a,strided,h1,6,0,0.00843579151,0.000858902931
a/strided/h1,a,strided,h1,6,1,0.0111042263,-0.00613725185
a/strided/h1,a,strided,h1,6,2,0.00444426217,-0.00513780117
a/strided/h1,a,strided,h1,6,3,0.0132102307,0.000858902931
a/strided/h1,a,strided,h1,6,4,0.00647549486,-0.0031388998
a/strided/h1,a,strided,h1,6,5,0.00828179546,-0.00513780117
a/strided/h1,a,strided,h1,6,6,0.00715791077,0.000858902931
a/strided/h1,a,strided,h1,6,7,0.00632569395,0.00185835361
a/strided/h1,a,strided,h1,6,8,0.011625318,0.00385725498
a/strided/h1,a,strided,h1,6,9,0.00787031852,0.00585615635
a/strided/h1,a,strided,h1,6,10,0.011892276,0.00785505772
a/strided/h1,a,strided,h1,6,11,-0.0887298936,-0.012133956
a/strided/h1,a,strided,h1,6,12,-0.00425124246,0.00385725498
a/strided/h1,a,strided,h1,6,13,0.0127766953,0.00485670567
a/strided/h1,a,strided,h1,6,14,0.00882245616,-0.000140547752
a/strided/h1,a,strided,h1,6,15,0.0101141987,0.0028578043
a/strided/h1,a,strided,h1,6,16,0.00867437587,0.00185835361
a/strided/h1,a,strided,h1,6,17,0.0104394044,-0.000140547752
a/strided/h1,a,strided,h1,6,18,0.00908447631,-0.000140547752
a/strided/h1,a,strided,h1,6,19,0.0027365835,0.000858902931
a/strided/h1,a,strided,h1,6,20,0.0117412304,0.00185835361
a/strided/h1,a,strided,h1,6,21,-0.0661045088,-0.00113999844
a/strided/h1,a,strided,h1,6,22,-0.0348134337,-0.000140547752
a/strided/h1,a,strided,h1,6,23,-0.00325203579,0.00585615635
a/strided/h1,a,strided,h1,6,24,0.00515270621,-0.000140547752
a/strided/h1,a,strided,h1,6,25,0.00945556691,0.00185835361
a/strided/h1,a,strided,h1,6,26,0.00581824376,0.00185835361
a/strided/h1,a,strided,h1,6,27,0.00727277311,0.00185835361
a/strided/h1,a,strided,h1,6,28,0.00924953182,0.000858902931
a/strided/h1,a,strided,h1,6,29,0.0132013561,0.000858902931
a/strided/h1,a,strided,h1,6,30,0.0127155368,0.00485670567
a/strided/h1,a,strided,h1,6,31,0.00751690116,0.000858902931
a/strided/h1,a,strided,h1,6,32,0.0112952424,-0.00213944912
a/strided/h1,a,strided,h1,6,33,0.00512644105,-0.00213944912
a/strided/h1,a,strided,h1,6,34,0.00677054577,-0.00213944912
a/strided/h1,a,strided,h1,6,35,0.00971035768,-0.00713670254
a/strided/h1,a,strided,h1,6,36,0.0070596134,-0.00413835049
a/strided/h1,a,strided,h1,6,37,-0.0197714025,0.0028578043
a/strided/h1,a,strided,h1,6,38,0.003668853,-0.0031388998
a/strided/h1,a,strided,h1,6,39,0.0104976428,0.00185835361
a/strided/h1,a,strided,h1,6,40,-0.00736344544,0.00185835361
a/strided/h1,a,strided,h1,6,41,0.00990317963,-0.000140547752
a/strided/h1,a,strided,h1,6,42,-0.0509092331,-0.00613725185
a/strided/h1,a,strided,h1,6,43,0.0080958299,0.00385725498
a/strided/h1,a,strided,h1,6,44,-0.00204722475,-0.00513780117
a/strided/h1,a,strided,h1,6,45,0.00612571106,-0.00213944912
a/strided/h1,a,strided,h1,6,46,0.0128662439,-0.00613725185
a/strided/h1,a,strided,h1,6,47,-0.00799514524,0.000858902931
a/strided/h1,a,strided,h1,6,48,0.00257394664,-0.00513780117
a/strided/h1,a,strided,h1,6,49,-0.00689315501,0.00485670567
a/strided/h1,a,strided,h1,6,50,0.00303578532,0.0028578043
a/strided/h1,a,strided,h1,6,51,0.01282659,0.0028578043
a/strided/h1,a,strided,h1,6,52,0.00360548116,0.0028578043
a/strided/h1,a,strided,h1,6,53,-0.0308980717,-0.0031388998
a/strided/h1,a,strided,h1,6,54,0.00460552067,0.00185835361
a/strided/h1,a,strided,h1,6,55,0.00056087986,-0.00413835049
a/strided/h1,a,strided,h1,6,56,0.0034662468,0.00685560703
a/strided/h1,a,strided,h1,6,57,0.00651153006,0.0028578043
a/strided/h1,a,strided,h1,6,58,0.00554706265,-0.00413835049
a/strided/h1,a,strided,h1,6,59,-0.0522040015,-0.00413835049
a/strided/h1,a,strided,h1,6,60,0.0105789128,0.00685560703
a/strided/h1,a,strided,h1,6,61,0.00988702678,-0.00413835049
a/strided/h1,a,strided,h1,6,62,-0.0289545779,0.000858902931
a/strided/h1,a,strided,h1,6,63,0.00827337351,-0.00213944912
a/strided/h1,a,strided,h1,7,0,0.00783386089,0.00683999062
a/strided/h1,a,strided,h1,7,1,0.00203484933,-0.00715231895
a/strided/h1,a,strided,h1,7,2,0.00790123952,0.00584053993
a/strided/h1,a,strided,h1,7,3,0.00382057212,-0.00715231895
a/strided/h1,a,strided,h1,7,4,-0.002995392,-0.00115561485
a/strided/h1,a,strided,h1,7,5,-0.0873898116,0.00484108925
a/strided/h1,a,strided,h1,7,6,-0.0174628682,-0.00115561485
a/strided/h1,a,strided,h1,7,7,0.00222651505,-0.010150671
a/strided/h1,a,strided,h1,7,8,0.00553729323,-0.0041539669
a/strided/h1,a,strided,h1,7,9,0.00721974888,0.00484108925
a/strided/h1,a,strided,h1,7,10,0.00518010215,0.00584053993
a/strided/h1,a,strided,h1,7,11,-0.00117537721,0.00584053993
a/strided/h1,a,strided,h1,7,12,0.00863004763,0.000843286514
a/strided/h1,a,strided,h1,7,13,0.0123724698,0.00883889198
a/strided/h1,a,strided,h1,7,14,0.0007675384,-0.000156164169
a/strided/h1,a,strided,h1,7,15,0.0127206911,0.00584053993
a/strided/h1,a,strided,h1,7,16,0.00526600339,-0.00315451622
a/strided/h1,a,strided,h1,7,17,0.00837039862,0.00284218788
a/strided/h1,a,strided,h1,7,18,-0.00301071435,-0.0041539669
a/strided/h1,a,strided,h1,7,19,0.00741812548,0.0078394413
a/strided/h1,a,strided,h1,7,20,0.00328887448,-0.00115561485
a/strided/h1,a,strided,h1,7,21,0.0103165964,0.00284218788
a/strided/h1,a,strided,h1,7,22,0.00646617294,-0.0111501217
a/strided/h1,a,strided,h1,7,23,0.00857819997,0.000843286514
a/strided/h1,a,strided,h1,7,24,0.00623035066,-0.010150671
a/strided/h1,a,strided,h1,7,25,-0.00334270663,-0.00315451622
a/strided/h1,a,strided,h1,7,26,0.00980849944,0.00484108925
a/strided/h1,a,strided,h1,7,27,0.00279675362,-0.00115561485
a/strided/h1,a,strided,h1,7,28,-0.0116631884,-0.0111501217
a/strided/h1,a,strided,h1,7,29,0.00645984368,-0.00715231895
a/strided/h1,a,strided,h1,7,30,0.00244105079,0.0018427372
a/strided/h1,a,strided,h1,7,31,0.009453405,-0.00115561485
a/strided/h1,a,strided,h1,7,32,-0.00113971431,-0.00615286827
a/strided/h1,a,strided,h1,7,33,0.00227449097,-0.00215506554
a/strided/h1,a,strided,h1,7,34,0.00662742214,-0.00215506554
a/strided/h1,a,strided,h1,7,35,0.00773167059,0.00484108925
a/strided/h1,a,strided,h1,7,36,-0.00341295071,-0.000156164169
a/strided/h1,a,strided,h1,7,37,0.00548302972,0.00384163857
a/strided/h1,a,strided,h1,7,38,0.00855986409,0.00384163857
a/strided/h1,a,strided,h1,7,39,0.00803797513,0.00484108925
a/strided/h1,a,strided,h1,7,40,0.00716075402,-0.000156164169
a/strided/h1,a,strided,h1,7,41,0.00607882192,-0.00215506554
a/strided/h1,a,strided,h1,7,42,0.0110793028,0.00683999062
a/strided/h1,a,strided,h1,7,43,0.0094306358,0.00384163857
a/strided/h1,a,strided,h1,7,44,0.00585962351,-0.0041539669
a/strided/h1,a,strided,h1,7,45,-0.0442679421,-0.00115561485
a/strided/h1,a,strided,h1,7,46,0.013262451,0.00284218788
a/strided/h1,a,strided,h1,7,47,0.0111729771,-0.00615286827
a/strided/h1,a,strided,h1,7,48,-0.00218297324,-0.00115561485
a/strided/h1,a,strided,h1,7,49,-0.0339195653,0.00284218788
a/strided/h1,a,strided,h1,7,50,0.00457354922,-0.00215506554
a/strided/h1,a,strided,h1,7,51,0.00958908729,0.0078394413
a/strided/h1,a,strided,h1,7,52,0.010841634,-0.00115561485
a/strided/h1,a,strided,h1,7,53,0.00077086718,-0.0041539669
a/strided/h1,a,strided,h1,7,54,0.00939289418,0.0018427372
a/strided/h1,a,strided,h1,7,55,0.00666202985,0.00484108925
a/strided/h1,a,strided,h1,7,56,-0.00714169225,0.00284218788
a/strided/h1,a,strided,h1,7,57,-0.0161156579,-0.00115561485
a/strided/h1,a,strided,h1,7,58,-0.0821526591,0.0018427372
a/strided/h1,a,strided,h1,7,59,0.00283203072,-0.00115561485
a/strided/h1,a,strided,h1,7,60,0.00629346732,-0.00215506554
a/strided/h1,a,strided,h1,7,61,0.00707922604,-0.00115561485
a/strided/h1,a,strided,h1,7,62,0.0129280448,0.0018427372
a/strided/h1,a,strided,h1,7,63,-0.0194878389,-0.00215506554
a/strided/h1,a,strided,h1,8,0,0.010266259,-0.00501286983
a/strided/h1,a,strided,h1,8,1,0.00225912977,-0.0070117712
a/strided/h1,a,strided,h1,8,2,0.00920233608,-0.00301396847
a/strided/h1,a,strided,h1,8,3,0.00587229163,-0.00901067257
a/strided/h1,a,strided,h1,8,4,0.00741034711,-0.0150073767
a/strided/h1,a,strided,h1,8,5,0.00917791028,-0.00501286983
a/strided/h1,a,strided,h1,8,6,0.0166183814,0.00797998905
a/strided/h1,a,strided,h1,8,7,0.00889719196,-0.00801122189
a/strided/h1,a,strided,h1,8,8,0.00268071063,-0.00301396847
a/strided/h1,a,strided,h1,8,9,0.00864100235,0.00398218632
a/strided/h1,a,strided,h1,8,10,0.011289233,0.00997889042
a/strided/h1,a,strided,h1,8,11,-0.00905432494,0.00398218632
a/strided/h1,a,strided,h1,8,12,0.00350857445,0.00198328495
a/strided/h1,a,strided,h1,8,13,0.0146553539,-1.56164169e-05
a/strided/h1,a,strided,h1,8,14,0.00921120599,0.00698053837
a/strided/h1,a,strided,h1,8,15,0.00223766558,-0.0010150671
a/strided/h1,a,strided,h1,8,16,0.0118784026,-0.0010150671
a/strided/h1,a,strided,h1,8,17,0.0101100687,-0.00301396847
a/strided/h1,a,strided,h1,8,18,-0.314979361,0.00198328495
a/strided/h1,a,strided,h1,8,19,0.00730193651,0.00398218632
a/strided/h1,a,strided,h1,8,20,0.0115568537,-0.00401341915
a/strided/h1,a,strided,h1,8,21,0.00920642272,0.00398218632
a/strided/h1,a,strided,h1,8,22,0.00436907227,-0.00601232052
a/strided/h1,a,strided,h1,8,23,0.00765957276,-0.00201451778
a/strided/h1,a,strided,h1,8,24,0.00915124884,-0.014007926
a/strided/h1,a,strided,h1,8,25,-0.00841648492,-0.00401341915
a/strided/h1,a,strided,h1,8,26,0.0110960199,0.00298273563
a/strided/h1,a,strided,h1,8,27,0.0080829967,-0.00501286983
a/strided/h1,a,strided,h1,8,28,0.0137179074,0.004981637
a/strided/h1,a,strided,h1,8,29,0.0105312845,0.004981637
a/strided/h1,a,strided,h1,8,30,0.0153079081,0.00897943974
a/strided/h1,a,strided,h1,8,31,0.00630787492,-0.0120090246
a/strided/h1,a,strided,h1,8,32,0.00868961739,0.00398218632
a/strided/h1,a,strided,h1,8,33,0.00910438749,-0.00201451778
a/strided/h1,a,strided,h1,8,34,0.00512627524,-0.0010150671
a/strided/h1,a,strided,h1,8,35,0.0110263746,0.00398218632
a/strided/h1,a,strided,h1,8,36,0.00629857054,-0.00301396847
a/strided/h1,a,strided,h1,8,37,0.0103063347,-1.56164169e-05
a/strided/h1,a,strided,h1,8,38,-0.0563521696,-1.56164169e-05
a/strided/h1,a,strided,h1,8,39,0.00992197089,0.004981637
a/strided/h1,a,strided,h1,8,40,0.0156708976,0.00598108768
a/strided/h1,a,strided,h1,8,41,0.0119595021,0.00398218632
a/strided/h1,a,strided,h1,8,42,0.0123880046,-0.00301396847
a/strided/h1,a,strided,h1,8,43,0.0067935508,-1.56164169e-05
a/strided/h1,a,strided,h1,8,44,0.0138733067,0.00298273563
a/strided/h1,a,strided,h1,8,45,0.00984266645,0.000983834267
a/strided/h1,a,strided,h1,8,46,0.0120630536,-0.00401341915
a/strided/h1,a,strided,h1,8,47,0.0150683183,-1.56164169e-05
a/strided/h1,a,strided,h1,8,48,-0.112685268,0.00598108768
a/strided/h1,a,strided,h1,8,49,-0.00688191724,0.00298273563
a/strided/h1,a,strided,h1,8,50,0.0130117798,-0.0070117712
a/strided/h1,a,strided,h1,8,51,0.000763420132,-1.56164169e-05
a/strided/h1,a,strided,h1,8,52,0.00407667237,0.00298273563
a/strided/h1,a,strided,h1,8,53,0.00859814568,0.00298273563
a/strided/h1,a,strided,h1,8,54,0.00848692434,0.00198328495
a/strided/h1,a,strided,h1,8,55,0.0117004035,0.00797998905
a/strided/h1,a,strided,h1,8,56,0.0132034702,-0.00401341915
a/strided/h1,a,strided,h1,8,57,0.0123899739,0.00698053837
a/strided/h1,a,strided,h1,8,58,-0.0165233625,-0.0010150671
a/strided/h1,a,strided,h1,8,59,0.000162967131,-0.00401341915
a/strided/h1,a,strided,h1,8,60,0.00409305806,0.00398218632
a/strided/h1,a,strided,h1,8,61,0.0127465642,-0.0010150671
a/strided/h1,a,strided,h1,8,62,0.0102948133,0.00598108768
a/strided/h1,a,strided,h1,8,63,0.00902670168,0.00198328495
a/strided/h1,a,strided,h1,9,0,-0.00801133314,0.00109314919
a/strided/h1,a,strided,h1,9,1,0.00340724991,-0.00990080833
a/strided/h1,a,strided,h1,9,2,0.00794506793,-0.00190520287
a/strided/h1,a,strided,h1,9,3,0.00898219992,0.00209259987
a/strided/h1,a,strided,h1,9,4,0.00383274046,-0.00490355492
a/strided/h1,a,strided,h1,9,5,0.00838873464,0.00409150124
a/strided/h1,a,strided,h1,9,6,-0.0349929666,-0.00390410423
a/strided/h1,a,strided,h1,9,7,-0.037050335,0.00908875465
a/strided/h1,a,strided,h1,9,8,0.00546462529,-0.00690245628
a/strided/h1,a,strided,h1,9,9,-0.0158498094,-0.00790190697
a/strided/h1,a,strided,h1,9,10,0.0100200355,0.00309205055
a/strided/h1,a,strided,h1,9,11,0.00710029083,-0.0128991604
a/strided/h1,a,strided,h1,9,12,0.00405274865,9.36985016e-05
a/strided/h1,a,strided,h1,9,13,-0.00286728076,0.00209259987
a/strided/h1,a,strided,h1,9,14,0.0113776352,-0.0059030056
a/strided/h1,a,strided,h1,9,15,0.00252763343,0.00209259987
a/strided/h1,a,strided,h1,9,16,-0.00555578924,0.00409150124
a/strided/h1,a,strided,h1,9,17,0.00984503956,0.0100882053
a/strided/h1,a,strided,h1,9,18,0.00534742347,-0.00690245628
a/strided/h1,a,strided,h1,9,19,0.00329788144,-0.0188958645
a/strided/h1,a,strided,h1,9,20,0.00892746423,-0.00190520287
a/strided/h1,a,strided,h1,9,21,0.00709109495,9.36985016e-05
a/strided/h1,a,strided,h1,9,22,0.00452296411,-0.00290465355
a/strided/h1,a,strided,h1,9,23,0.00257735115,0.00109314919
a/strided/h1,a,strided,h1,9,24,0.0104479117,0.00908875465
a/strided/h1,a,strided,h1,9,25,0.0127388777,0.0120871067
a/strided/h1,a,strided,h1,9,26,0.00906458099,0.00908875465
a/strided/h1,a,strided,h1,9,27,0.00774642334,0.00808930397
a/strided/h1,a,strided,h1,9,28,-0.0580359248,9.36985016e-05
a/strided/h1,a,strided,h1,9,29,0.0094057645,0.00309205055
a/strided/h1,a,strided,h1,9,30,-0.0299624943,0.00309205055
a/strided/h1,a,strided,h1,9,31,-0.00120797965,0.00209259987
a/strided/h1,a,strided,h1,9,32,0.00862081463,0.00309205055
a/strided/h1,a,strided,h1,9,33,-0.00194265067,-0.00190520287
a/strided/h1,a,strided,h1,9,34,0.010561696,-0.00490355492
a/strided/h1,a,strided,h1,9,35,0.00841155902,0.00209259987
a/strided/h1,a,strided,h1,9,36,-0.005171438,0.00109314919
a/strided/h1,a,strided,h1,9,37,0.0079927116,0.00109314919
a/strided/h1,a,strided,h1,9,38,0.00704163567,0.00309205055
a/strided/h1,a,strided,h1,9,39,0.00430271749,-0.00190520287
a/strided/h1,a,strided,h1,9,40,0.00905865406,-0.00190520287
a/strided/h1,a,strided,h1,9,41,-0.00928457293,0.00708985329
a/strided/h1,a,strided,h1,9,42,0.00190229316,0.00209259987
a/strided/h1,a,strided,h1,9,43,0.00616282013,-0.0059030056
a/strided/h1,a,strided,h1,9,44,0.0106333929,-0.00690245628
a/strided/h1,a,strided,h1,9,45,0.00320393381,-0.00290465355
a/strided/h1,a,strided,h1,9,46,0.00756888346,0.00509095192
a/strided/h1,a,strided,h1,9,47,-0.0157278043,0.00109314919
a/strided/h1,a,strided,h1,9,48,0.00881699634,0.00109314919
a/strided/h1,a,strided,h1,9,49,0.00826627177,0.00209259987
a/strided/h1,a,strided,h1,9,50,-0.0266201433,-0.00690245628
a/strided/h1,a,strided,h1,9,51,0.00843241134,0.0060904026
a/strided/h1,a,strided,h1,9,52,0.00605177668,-0.0158975124
a/strided/h1,a,strided,h1,9,53,0.00382100393,-0.00390410423
a/strided/h1,a,strided,h1,9,54,0.00910518759,-0.00390410423
a/strided/h1,a,strided,h1,9,55,0.00734197696,-0.000905752182
a/strided/h1,a,strided,h1,9,56,0.0107419209,0.00908875465
a/strided/h1,a,strided,h1,9,57,0.00252120172,0.00509095192
a/strided/h1,a,strided,h1,9,58,-0.0138678237,-0.0059030056
a/strided/h1,a,strided,h1,9,59,0.00454153934,0.00109314919
a/strided/h1,a,strided,h1,9,60,-0.00429321106,0.00309205055
a/strided/h1,a,strided,h1,9,61,0.00955921852,9.36985016e-05
a/strided/h1,a,strided,h1,9,62,-0.0412622581,0.00309205055
a/strided/h1,a,strided,h1,9,63,-0.0170685409,0.0060904026
a/strided/h2,a,strided,h2,2,0,0.008978826,0.00416958332
a/strided/h2,a,strided,h2,2,1,-0.0112520046,-0.00782382488
a/strided/h2,a,strided,h2,2,2,-0.0124827304,-0.00382602215
a/strided/h2,a,strided,h2,2,3,0.00422086101,0.00217068195
a/strided/h2,a,strided,h2,2,4,-0.00261788908,-0.00482547283
a/strided/h2,a,strided,h2,2,5,0.0142128719,0.00616848469
a/strided/h2,a,strided,h2,2,6,0.00765858544,-0.000827670097
a/strided/h2,a,strided,h2,2,7,-0.00373583543,-0.00382602215
a/strided/h2,a,strided,h2,2,8,0.0125778904,0.00716793537
a/strided/h2,a,strided,h2,2,9,0.00997972023,0.00217068195
a/strided/h2,a,strided,h2,2,10,0.0102510657,0.00416958332
a/strided/h2,a,strided,h2,2,11,-0.00496336794,-0.00582492352
a/strided/h2,a,strided,h2,2,12,0.00511660986,-0.00382602215
a/strided/h2,a,strided,h2,2,13,0.00995718781,0.005169034
a/strided/h2,a,strided,h2,2,14,0.00362293795,0.000171780586
a/strided/h2,a,strided,h2,2,15,0.000585001897,0.00117123127
a/strided/h2,a,strided,h2,2,16,-0.121220469,-0.0388067961
a/strided/h2,a,strided,h2,2,17,-0.00292458851,0.000171780586
a/strided/h2,a,strided,h2,2,18,0.00472183805,0.00217068195
a/strided/h2,a,strided,h2,2,19,0.00802867231,0.00616848469
a/strided/h2,a,strided,h2,2,20,0.00636496023,0.00716793537
a/strided/h2,a,strided,h2,2,21,-0.00797041366,-0.00882327557
a/strided/h2,a,strided,h2,2,22,-0.00013290159,0.00117123127
a/strided/h2,a,strided,h2,2,23,0.00426755194,0.000171780586
a/strided/h2,a,strided,h2,2,24,-0.000713170502,-0.00382602215
a/strided/h2,a,strided,h2,2,25,0.0118903266,0.00416958332
a/strided/h2,a,strided,h2,2,26,0.0127315819,0.00716793537
a/strided/h2,a,strided,h2,2,27,-0.0012571325,-0.00282657146
a/strided/h2,a,strided,h2,2,28,0.00534224534,0.00117123127
a/strided/h2,a,strided,h2,2,29,-0.000231664624,0.00416958332
a/strided/h2,a,strided,h2,2,30,-0.00187055673,-0.00182712078
a/strided/h2,a,strided,h2,2,31,-0.0153575372,-0.00282657146
a/strided/h2,a,strided,h2,2,32,0.00847518072,-0.000827670097
a/strided/h2,a,strided,h2,2,33,0.00480804546,-0.000827670097
a/strided/h2,a,strided,h2,2,34,0.0119119624,0.00317013264
a/strided/h2,a,strided,h2,2,35,-0.000636391338,0.00117123127
a/strided/h2,a,strided,h2,2,36,0.00116505777,0.000171780586
a/strided/h2,a,strided,h2,2,37,0.00351010077,0.00317013264
a/strided/h2,a,strided,h2,2,38,0.00176956598,-0.000827670097
a/strided/h2,a,strided,h2,2,39,0.0124059962,0.00117123127
a/strided/h2,a,strided,h2,2,40,0.00430583116,0.00416958332
a/strided/h2,a,strided,h2,2,41,-0.0237716562,-0.0068243742
a/strided/h2,a,strided,h2,2,42,0.0155714471,0.00816738605
a/strided/h2,a,strided,h2,2,43,-0.00795471947,-0.00582492352
a/strided/h2,a,strided,h2,2,44,-0.00381365558,0.00117123127
a/strided/h2,a,strided,h2,2,45,0.00363522582,-0.00182712078
a/strided/h2,a,strided,h2,2,46,0.0132577159,0.005169034
a/strided/h2,a,strided,h2,2,47,-0.0145358024,-0.00382602215
a/strided/h2,a,strided,h2,2,48,0.00259796437,-0.00182712078
a/strided/h2,a,strided,h2,2,49,-0.00416309433,-0.00182712078
a/strided/h2,a,strided,h2,2,50,0.0173551985,0.0101662874
a/strided/h2,a,strided,h2,2,51,-0.000837629657,0.00117123127
a/strided/h2,a,strided,h2,2,52,-0.00427563302,-0.00182712078
a/strided/h2,a,strided,h2,2,53,0.0101568096,0.00616848469
a/strided/h2,a,strided,h2,2,54,0.000642240284,0.000171780586
a/strided/h2,a,strided,h2,2,55,-0.00603481289,0.00117123127
a/strided/h2,a,strided,h2,2,56,0.0132776529,0.00416958332
a/strided/h2,a,strided,h2,2,57,0.00220465567,0.00217068195
a/strided/h2,a,strided,h2,2,58,-0.00740276277,-0.00982272625
a/strided/h2,a,strided,h2,2,59,-0.0141237555,-0.00382602215
a/strided/h2,a,strided,h2,2,60,0.00845591934,0.00317013264
a/strided/h2,a,strided,h2,2,61,0.005362737,0.005169034
a/strided/h2,a,strided,h2,2,62,-0.0112013898,-0.00282657146
a/strided/h2,a,strided,h2,2,63,0.00410352275,0.005169034
a/strided/h2,a,strided,h2,3,0,-0.00323558907,-0.00724601746
a/strided/h2,a,strided,h2,3,1,-0.0024039343,0.00374794006
a/strided/h2,a,strided,h2,3,2,-0.00103387032,0.0017490387
a/strided/h2,a,strided,h2,3,3,0.0110465462,0.000749588013
a/strided/h2,a,strided,h2,3,4,-0.00924249348,-0.00324821472
a/strided/h2,a,strided,h2,3,5,0.00299872849,-0.00224876404
a/strided/h2,a,strided,h2,3,6,-0.0042818131,0.000749588013
a/strided/h2,a,strided,h2,3,7,0.00869510341,0.0017490387
a/strided/h2,a,strided,h2,3,8,-0.00380492844,-0.00524711609
a/strided/h2,a,strided,h2,3,9,0.00130593469,0.0017490387
a/strided/h2,a,strided,h2,3,10,0.0107329718,0.00274848938
a/strided/h2,a,strided,h2,3,11,0.00983117958,0.00474739075
a/strided/h2,a,strided,h2,3,12,0.0095697103,0.0017490387
a/strided/h2,a,strided,h2,3,13,0.00453735068,0.000749588013
a/strided/h2,a,strided,h2,3,14,0.00529326936,0.0017490387
a/strided/h2,a,strided,h2,3,15,0.000116775926,0.000749588013
a/strided/h2,a,strided,h2,3,16,-0.00322254543,-0.00424766541
a/strided/h2,a,strided,h2,3,17,0.0123358529,0.00374794006
a/strided/h2,a,strided,h2,3,18,-0.00590190227,0.00274848938
a/strided/h2,a,strided,h2,3,19,0.00774817047,-0.00424766541
a/strided/h2,a,strided,h2,3,20,0.00868508424,0.00574684143
a/strided/h2,a,strided,h2,3,21,-0.0194228131,-0.0102443695
a/strided/h2,a,strided,h2,3,22,0.0103957748,0.00274848938
a/strided/h2,a,strided,h2,3,23,-0.00849858653,-0.00424766541
a/strided/h2,a,strided,h2,3,24,0.012683727,0.00874519348
a/strided/h2,a,strided,h2,3,25,0.0119272873,0.0077457428
a/strided/h2,a,strided,h2,3,26,-0.00529706786,0.0017490387
a/strided/h2,a,strided,h2,3,27,-0.00142497272,-0.000249862671
a/strided/h2,a,strided,h2,3,28,-0.0102198686,-0.00824546814
a/strided/h2,a,strided,h2,3,29,-0.00547413463,0.00274848938
a/strided/h2,a,strided,h2,3,30,-0.0103203755,0.0017490387
a/strided/h2,a,strided,h2,3,31,-0.00271515251,-0.000249862671
a/strided/h2,a,strided,h2,3,32,0.00638197287,-0.00424766541
a/strided/h2,a,strided,h2,3,33,0.00232796436,0.00474739075
a/strided/h2,a,strided,h2,3,34,-0.00892312807,-0.00224876404
a/strided/h2,a,strided,h2,3,35,0.0134481072,0.00674629211
a/strided/h2,a,strided,h2,3,36,0.00328209456,0.000749588013
a/strided/h2,a,strided,h2,3,37,0.0130489475,-0.00124931335
a/strided/h2,a,strided,h2,3,38,-0.0050504243,-0.00224876404
a/strided/h2,a,strided,h2,3,39,0.00365377143,-0.00124931335
a/strided/h2,a,strided,h2,3,40,0.00508312573,0.0017490387
a/strided/h2,a,strided,h2,3,41,-0.00465986114,-0.00324821472
a/strided/h2,a,strided,h2,3,42,-0.00742049031,-0.00824546814
a/strided/h2,a,strided,h2,3,43,0.0044862369,0.0017490387
a/strided/h2,a,strided,h2,3,44,-0.00419352325,0.000749588013
a/strided/h2,a,strided,h2,3,45,-0.0609800851,-0.0112438202
a/strided/h2,a,strided,h2,3,46,-0.00163762859,-0.0112438202
a/strided/h2,a,strided,h2,3,47,0.00836271345,0.00574684143
a/strided/h2,a,strided,h2,3,48,0.0148219719,0.00874519348
a/strided/h2,a,strided,h2,3,49,0.0130065658,0.0077457428
a/strided/h2,a,strided,h2,3,50,-0.00132094026,-0.00124931335
a/strided/h2,a,strided,h2,3,51,-0.00321388739,-0.00324821472
a/strided/h2,a,strided,h2,3,52,-0.0102618763,-0.00724601746
a/strided/h2,a,strided,h2,3,53,-0.0253664523,-0.00624656677
a/strided/h2,a,strided,h2,3,54,0.000899932529,0.0017490387
a/strided/h2,a,strided,h2,3,55,-7.85773664e-05,0.000749588013
a/strided/h2,a,strided,h2,3,56,0.00260661002,-0.00324821472
a/strided/h2,a,strided,h2,3,57,0.00375469606,0.0017490387
a/strided/h2,a,strided,h2,3,58,0.0046572715,0.00374794006
a/strided/h2,a,strided,h2,3,59,0.00401690108,0.000749588013
a/strided/h2,a,strided,h2,3,60,-0.00447710213,0.00274848938
a/strided/h2,a,strided,h2,3,61,-0.00592357647,0.000749588013
a/strided/h2,a,strided,h2,3,62,0.0130374024,0.00574684143
a/strided/h2,a,strided,h2,3,63,-0.00477215164,-0.00124931335
a/strided/h2,a,strided,h2,4,0,-0.00643469828,-0.00413835049
a/strided/h2,a,strided,h2,4,1,0.00963979897,0.000858902931
a/strided/h2,a,strided,h2,4,2,-0.003566757,0.00185835361
a/strided/h2,a,strided,h2,4,3,-0.0341513694,-0.00513780117
a/strided/h2,a,strided,h2,4,4,-0.00995131179,-0.000140547752
a/strided/h2,a,strided,h2,4,5,0.00519588946,-0.00513780117
a/strided/h2,a,strided,h2,4,6,0.00631815412,-0.00413835049
a/strided/h2,a,strided,h2,4,7,-0.00133198329,-0.00113999844
a/strided/h2,a,strided,h2,4,8,-0.00916525318,-0.00213944912
a/strided/h2,a,strided,h2,4,9,-0.00272071005,0.00385725498
a/strided/h2,a,strided,h2,4,10,-0.00359375837,-0.000140547752
a/strided/h2,a,strided,h2,4,11,0.0112688642,0.00485670567
a/strided/h2,a,strided,h2,4,12,0.00268188895,-0.000140547752
a/strided/h2,a,strided,h2,4,13,0.00533170982,0.0028578043
a/strided/h2,a,strided,h2,4,14,-0.00184963799,-0.00213944912
a/strided/h2,a,strided,h2,4,15,0.000439611569,-0.000140547752
a/strided/h2,a,strided,h2,4,16,-0.00288825172,-0.0031388998
a/strided/h2,a,strided,h2,4,17,0.00294172236,-0.00113999844
a/strided/h2,a,strided,h2,4,18,-0.00247809167,-0.0031388998
a/strided/h2,a,strided,h2,4,19,0.0049270781,0.00485670567
a/strided/h2,a,strided,h2,4,20,0.00328156569,0.000858902931
a/strided/h2,a,strided,h2,4,21,0.00596021705,0.00385725498
a/strided/h2,a,strided,h2,4,22,-0.00903089873,-0.00513780117
a/strided/h2,a,strided,h2,4,23,0.00383849985,-0.00113999844
a/strided/h2,a,strided,h2,4,24,-0.00332124361,-0.0031388998
a/strided/h2,a,strided,h2,4,25,-0.0105382303,-0.0031388998
a/strided/h2,a,strided,h2,4,26,0.00111261972,-0.00613725185
a/strided/h2,a,strided,h2,4,27,-0.00424878129,-0.000140547752
a/strided/h2,a,strided,h2,4,28,0.0139088741,0.00685560703
a/strided/h2,a,strided,h2,4,29,0.00249071729,-0.00413835049
a/strided/h2,a,strided,h2,4,30,-0.00311897944,0.000858902931
a/strided/h2,a,strided,h2,4,31,0.00743012207,-0.00413835049
a/strided/h2,a,strided,h2,4,32,0.00170582657,-0.00113999844
a/strided/h2,a,strided,h2,4,33,-0.0113554268,0.00385725498
a/strided/h2,a,strided,h2,4,34,0.00374905656,0.00585615635
a/strided/h2,a,strided,h2,4,35,0.000526761942,-0.00213944912
a/strided/h2,a,strided,h2,4,36,0.0144116546,0.0088545084
a/strided/h2,a,strided,h2,4,37,-0.00467034399,-0.00113999844
a/strided/h2,a,strided,h2,4,38,-0.0143660388,-0.00813615322
a/strided/h2,a,strided,h2,4,39,0.010441698,0.00785505772
a/strided/h2,a,strided,h2,4,40,-0.0047066367,-0.00113999844
a/strided/h2,a,strided,h2,4,41,0.00635568362,0.0028578043
a/strided/h2,a,strided,h2,4,42,-0.00405849206,-0.00213944912
a/strided/h2,a,strided,h2,4,43,-0.00259994731,-0.00113999844
a/strided/h2,a,strided,h2,4,44,0.0133664998,0.00785505772
a/strided/h2,a,strided,h2,4,45,0.0024624428,-0.000140547752
a/strided/h2,a,strided,h2,4,46,-0.00427130626,-0.00413835049
a/strided/h2,a,strided,h2,4,47,0.00162141708,-0.00213944912
a/strided/h2,a,strided,h2,4,48,-0.00716314295,0.000858902931
a/strided/h2,a,strided,h2,4,49,0.0105999488,0.00585615635
a/strided/h2,a,strided,h2,4,50,-0.00329373001,-0.0031388998
a/strided/h2,a,strided,h2,4,51,-0.00193181324,-0.00513780117
a/strided/h2,a,strided,h2,4,52,0.00640526165,0.00185835361
a/strided/h2,a,strided,h2,4,53,-0.00674002447,-0.0031388998
a/strided/h2,a,strided,h2,4,54,0.00447712031,-0.00113999844
a/strided/h2,a,strided,h2,4,55,0.00520045294,0.00185835361
a/strided/h2,a,strided,h2,4,56,0.00512179949,0.00485670567
a/strided/h2,a,strided,h2,4,57,0.010512858,0.00785505772
a/strided/h2,a,strided,h2,4,58,0.00771699411,-0.00113999844
a/strided/h2,a,strided,h2,4,59,0.0027248164,0.0028578043
a/strided/h2,a,strided,h2,4,60,-0.0162218769,0.000858902931
a/strided/h2,a,strided,h2,4,61,-0.00211360368,0.0028578043
a/strided/h2,a,strided,h2,4,62,0.0127974696,0.00385725498
a/strided/h2,a,strided,h2,4,63,-0.0150827562,-0.00613725185
a/strided/h2,a,strided,h2,5,0,0.00573550278,0.0038728714
a/strided/h2,a,strided,h2,5,1,-0.000335158347,0.000874519348
a/strided/h2,a,strided,h2,5,2,0.000963117895,0.000874519348
a/strided/h2,a,strided,h2,5,3,-0.00438977735,-0.00112438202
a/strided/h2,a,strided,h2,5,4,0.00279803245,-0.00112438202
a/strided/h2,a,strided,h2,5,5,-0.0019584345,-0.00112438202
a/strided/h2,a,strided,h2,5,6,0.00464784164,-0.000124931335
a/strided/h2,a,strided,h2,5,7,0.00571219713,0.0038728714
a/strided/h2,a,strided,h2,5,8,0.00249191137,-0.0021238327
a/strided/h2,a,strided,h2,5,9,-0.000804922111,-0.00112438202
a/strided/h2,a,strided,h2,5,10,0.00632454358,0.00487232208
a/strided/h2,a,strided,h2,5,11,0.0015826495,-0.000124931335
a/strided/h2,a,strided,h2,5,12,0.000923876152,0.00187397003
a/strided/h2,a,strided,h2,5,13,-0.0048709419,-0.00112438202
a/strided/h2,a,strided,h2,5,14,-0.0165431798,-0.00312328339
a/strided/h2,a,strided,h2,5,15,0.00230929811,-0.00412273407
a/strided/h2,a,strided,h2,5,16,0.0106225402,0.00187397003
a/strided/h2,a,strided,h2,5,17,-0.00120640782,-0.00412273407
a/strided/h2,a,strided,h2,5,18,0.00626835876,-0.00412273407
a/strided/h2,a,strided,h2,5,19,-0.00325139476,0.0038728714
a/strided/h2,a,strided,h2,5,20,0.0081398212,-0.00312328339
a/strided/h2,a,strided,h2,5,21,-0.0102984002,0.000874519348
a/strided/h2,a,strided,h2,5,22,0.0082992138,0.000874519348
a/strided/h2,a,strided,h2,5,23,0.00315931902,0.000874519348
a/strided/h2,a,strided,h2,5,24,0.00359442734,0.0038728714
a/strided/h2,a,strided,h2,5,25,0.00214285214,0.00187397003
a/strided/h2,a,strided,h2,5,26,-0.0166988541,-0.00712108612
a/strided/h2,a,strided,h2,5,27,0.00265855479,0.00287342072
a/strided/h2,a,strided,h2,5,28,0.00295486996,0.000874519348
a/strided/h2,a,strided,h2,5,29,-0.00890860151,-0.00112438202
a/strided/h2,a,strided,h2,5,30,-0.00795880336,-0.00312328339
a/strided/h2,a,strided,h2,5,31,-0.00390415316,-0.0021238327
a/strided/h2,a,strided,h2,5,32,-0.0131738596,-0.00712108612
a/strided/h2,a,strided,h2,5,33,-0.010405825,-0.000124931335
a/strided/h2,a,strided,h2,5,34,0.00581407264,-0.000124931335
a/strided/h2,a,strided,h2,5,35,-0.0224501591,-0.000124931335
a/strided/h2,a,strided,h2,5,36,0.00171552176,-0.00112438202
a/strided/h2,a,strided,h2,5,37,0.00864513774,0.00687122345
a/strided/h2,a,strided,h2,5,38,0.0066499584,0.00187397003
a/strided/h2,a,strided,h2,5,39,-0.0064230664,-0.000124931335
a/strided/h2,a,strided,h2,5,40,0.0095394286,0.00587177277
a/strided/h2,a,strided,h2,5,41,0.0126941814,0.00587177277
a/strided/h2,a,strided,h2,5,42,0.008055184,0.00287342072
a/strided/h2,a,strided,h2,5,43,0.000967845288,0.000874519348
a/strided/h2,a,strided,h2,5,44,0.0085306456,0.00187397003
a/strided/h2,a,strided,h2,5,45,0.00184327174,-0.000124931335
a/strided/h2,a,strided,h2,5,46,-0.00310413217,-0.00112438202
a/strided/h2,a,strided,h2,5,47,0.00831339319,-0.00112438202
a/strided/h2,a,strided,h2,5,48,-0.0093375929,-0.00312328339
a/strided/h2,a,strided,h2,5,49,-0.0168004502,-0.00612163544
a/strided/h2,a,strided,h2,5,50,-0.00124908568,-0.00312328339
a/strided/h2,a,strided,h2,5,51,0.000825528954,0.00187397003
a/strided/h2,a,strided,h2,5,52,0.00383444872,-0.000124931335
a/strided/h2,a,strided,h2,5,53,0.00506064665,-0.00112438202
a/strided/h2,a,strided,h2,5,54,-0.00522926546,-0.00312328339
a/strided/h2,a,strided,h2,5,55,0.011493586,0.00687122345
a/strided/h2,a,strided,h2,5,56,-0.0259736996,-0.0111188889
a/strided/h2,a,strided,h2,5,57,0.00869149805,0.0038728714
a/strided/h2,a,strided,h2,5,58,-0.000525674815,-0.00412273407
a/strided/h2,a,strided,h2,5,59,-0.000244742758,-0.00312328339
a/strided/h2,a,strided,h2,5,60,0.00122231102,0.0038728714
a/strided/h2,a,strided,h2,5,61,0.00275885916,0.0038728714
a/strided/h2,a,strided,h2,5,62,0.000264160302,0.00287342072
a/strided/h2,a,strided,h2,5,63,0.00779797553,0.00287342072
a/strided/h2,a,strided,h2,6,0,-0.00284482791,0.000858902931
a/strided/h2,a,strided,h2,6,1,-0.00900850185,-0.00613725185
a/strided/h2,a,strided,h2,6,2,-1.64443263e-05,-0.00513780117
a/strided/h2,a,strided,h2,6,3,0.00385025892,0.000858902931
a/strided/h2,a,strided,h2,6,4,-0.002436161,-0.0031388998
a/strided/h2,a,strided,h2,6,5,-0.0284329997,-0.00513780117
a/strided/h2,a,strided,h2,6,6,0.00679424479,0.000858902931
a/strided/h2,a,strided,h2,6,7,3.79754129e-05,0.00185835361
a/strided/h2,a,strided,h2,6,8,0.00876032728,0.00385725498
a/strided/h2,a,strided,h2,6,9,0.00742240999,0.00585615635
a/strided/h2,a,strided,h2,6,10,0.00628488212,0.00785505772
a/strided/h2,a,strided,h2,6,11,-0.0104280859,-0.012133956
a/strided/h2,a,strided,h2,6,12,-0.00983058285,0.00385725498
a/strided/h2,a,strided,h2,6,13,0.00934821487,0.00485670567
a/strided/h2,a,strided,h2,6,14,0.0112081513,-0.000140547752
a/strided/h2,a,strided,h2,6,15,0.00500271263,0.0028578043
a/strided/h2,a,strided,h2,6,16,-0.00538789105,0.00185835361
a/strided/h2,a,strided,h2,6,17,0.000543691254,-0.000140547752
a/strided/h2,a,strided,h2,6,18,0.00380295519,-0.000140547752
a/strided/h2,a,strided,h2,6,19,0.00625970567,0.000858902931
a/strided/h2,a,strided,h2,6,20,0.00748834134,0.00185835361
a/strided/h2,a,strided,h2,6,21,0.00530415148,-0.00113999844
a/strided/h2,a,strided,h2,6,22,8.16404718e-05,-0.000140547752
a/strided/h2,a,strided,h2,6,23,0.0104994316,0.00585615635
a/strided/h2,a,strided,h2,6,24,0.00584168293,-0.000140547752
a/strided/h2,a,strided,h2,6,25,0.00808191303,0.00185835361
a/strided/h2,a,strided,h2,6,26,0.0102902947,0.00185835361
a/strided/h2,a,strided,h2,6,27,0.00408006254,0.00185835361
a/strided/h2,a,strided,h2,6,28,-0.022209658,0.000858902931
a/strided/h2,a,strided,h2,6,29,0.00846328986,0.000858902931
a/strided/h2,a,strided,h2,6,30,0.00693635274,0.00485670567
a/strided/h2,a,strided,h2,6,31,-0.00526025538,0.000858902931
a/strided/h2,a,strided,h2,6,32,-0.00852492192,-0.00213944912
a/strided/h2,a,strided,h2,6,33,0.00118231893,-0.00213944912
a/strided/h2,a,strided,h2,6,34,0.000566381997,-0.00213944912
a/strided/h2,a,strided,h2,6,35,-0.0141020908,-0.00713670254
a/strided/h2,a,strided,h2,6,36,0.00567382135,-0.00413835049
a/strided/h2,a,strided,h2,6,37,0.0079971997,0.0028578043
a/strided/h2,a,strided,h2,6,38,0.00445724771,-0.0031388998
a/strided/h2,a,strided,h2,6,39,-0.00393530653,0.00185835361
a/strided/h2,a,strided,h2,6,40,0.00267087672,0.00185835361
a/strided/h2,a,strided,h2,6,41,0.00726005718,-0.000140547752
a/strided/h2,a,strided,h2,6,42,-0.0240354321,-0.00613725185
a/strided/h2,a,strided,h2,6,43,0.00858498368,0.00385725498
a/strided/h2,a,strided,h2,6,44,-0.0134662769,-0.00513780117
a/strided/h2,a,strided,h2,6,45,0.000337172103,-0.00213944912
a/strided/h2,a,strided,h2,6,46,-0.0170297697,-0.00613725185
a/strided/h2,a,strided,h2,6,47,0.00527852032,0.000858902931
a/strided/h2,a,strided,h2,6,48,-0.0346196983,-0.00513780117
a/strided/h2,a,strided,h2,6,49,0.00670387506,0.00485670567
a/strided/h2,a,strided,h2,6,50,0.0105655063,0.0028578043
a/strided/h2,a,strided,h2,6,51,0.0106919564,0.0028578043
a/strided/h2,a,strided,h2,6,52,0.00794606101,0.0028578043
a/strided/h2,a,strided,h2,6,53,-0.00632297896,-0.0031388998
a/strided/h2,a,strided,h2,6,54,0.0103553972,0.00185835361
a/strided/h2,a,strided,h2,6,55,-0.0136710172,-0.00413835049
a/strided/h2,a,strided,h2,6,56,0.0119822936,0.00685560703
a/strided/h2,a,strided,h2,6,57,0.00989211191,0.0028578043
a/strided/h2,a,strided,h2,6,58,-0.0113238531,-0.00413835049
a/strided/h2,a,strided,h2,6,59,-0.00954222187,-0.00413835049
a/strided/h2,a,strided,h2,6,60,0.00986598203,0.00685560703
a/strided/h2,a,strided,h2,6,61,-0.0101405969,-0.00413835049
a/strided/h2,a,strided,h2,6,62,0.00607870127,0.000858902931
a/strided/h2,a,strided,h2,6,63,-0.00190358233,-0.00213944912
a/strided/h2,a,strided,h2,7,0,0.0112128993,0.00683999062
a/strided/h2,a,strided,h2,7,1,-0.00297966463,-0.00715231895
a/strided/h2,a,strided,h2,7,2,0.0078921206,0.00584053993
a/strided/h2,a,strided,h2,7,3,-0.0135033178,-0.00715231895
a/strided/h2,a,strided,h2,7,4,0.00491442063,-0.00115561485
a/strided/h2,a,strided,h2,7,5,0.00782972851,0.00484108925
a/strided/h2,a,strided,h2,7,6,0.00267040121,-0.00115561485
a/strided/h2,a,strided,h2,7,7,-0.00819882195,-0.010150671
a/strided/h2,a,strided,h2,7,8,-0.0038785362,-0.0041539669
a/strided/h2,a,strided,h2,7,9,0.0134963435,0.00484108925
a/strided/h2,a,strided,h2,7,10,0.0116597954,0.00584053993
a/strided/h2,a,strided,h2,7,11,0.0107440352,0.00584053993
a/strided/h2,a,strided,h2,7,12,0.00927124123,0.000843286514
a/strided/h2,a,strided,h2,7,13,0.0122865101,0.00883889198
a/strided/h2,a,strided,h2,7,14,0.000492728752,-0.000156164169
a/strided/h2,a,strided,h2,7,15,0.012860883,0.00584053993
a/strided/h2,a,strided,h2,7,16,-0.0234532343,-0.00315451622
a/strided/h2,a,strided,h2,7,17,0.00606937331,0.00284218788
a/strided/h2,a,strided,h2,7,18,0.0049377789,-0.0041539669
a/strided/h2,a,strided,h2,7,19,0.0119944666,0.0078394413
a/strided/h2,a,strided,h2,7,20,-0.000870621792,-0.00115561485
a/strided/h2,a,strided,h2,7,21,0.000760819734,0.00284218788
a/strided/h2,a,strided,h2,7,22,-0.0177936652,-0.0111501217
a/strided/h2,a,strided,h2,7,23,0.00301709768,0.000843286514
a/strided/h2,a,strided,h2,7,24,-0.0128689022,-0.010150671
a/strided/h2,a,strided,h2,7,25,-0.0268166811,-0.00315451622
a/strided/h2,a,strided,h2,7,26,0.0070824525,0.00484108925
a/strided/h2,a,strided,h2,7,27,0.00380560753,-0.00115561485
a/strided/h2,a,strided,h2,7,28,-0.0150994161,-0.0111501217
a/strided/h2,a,strided,h2,7,29,-0.0315306578,-0.00715231895
a/strided/h2,a,strided,h2,7,30,0.00900198237,0.0018427372
a/strided/h2,a,strided,h2,7,31,-0.0197217828,-0.00115561485
a/strided/h2,a,strided,h2,7,32,-0.0103366319,-0.00615286827
a/strided/h2,a,strided,h2,7,33,0.00372144367,-0.00215506554
a/strided/h2,a,strided,h2,7,34,-0.01341666,-0.00215506554
a/strided/h2,a,strided,h2,7,35,-0.000445053476,0.00484108925
a/strided/h2,a,strided,h2,7,36,-0.00236923297,-0.000156164169
a/strided/h2,a,strided,h2,7,37,0.00879558871,0.00384163857
a/strided/h2,a,strided,h2,7,38,0.00746681538,0.00384163857
a/strided/h2,a,strided,h2,7,39,0.0106424007,0.00484108925
a/strided/h2,a,strided,h2,7,40,0.00716573183,-0.000156164169
a/strided/h2,a,strided,h2,7,41,0.00244798462,-0.00215506554
a/strided/h2,a,strided,h2,7,42,0.00813478648,0.00683999062
a/strided/h2,a,strided,h2,7,43,0.00697056946,0.00384163857
a/strided/h2,a,strided,h2,7,44,-0.00665149189,-0.0041539669
a/strided/h2,a,strided,h2,7,45,-0.00620216926,-0.00115561485
a/strided/h2,a,strided,h2,7,46,0.0124651435,0.00284218788
a/strided/h2,a,strided,h2,7,47,-0.0256146216,-0.00615286827
a/strided/h2,a,strided,h2,7,48,0.0018539149,-0.00115561485
a/strided/h2,a,strided,h2,7,49,0.00651670151,0.00284218788
a/strided/h2,a,strided,h2,7,50,-0.00179313126,-0.00215506554
a/strided/h2,a,strided,h2,7,51,0.0132802473,0.0078394413
a/strided/h2,a,strided,h2,7,52,-0.0017496832,-0.00115561485
a/strided/h2,a,strided,h2,7,53,-0.0127691687,-0.0041539669
a/strided/h2,a,strided,h2,7,54,0.00365240217,0.0018427372
a/strided/h2,a,strided,h2,7,55,0.0109934057,0.00484108925
a/strided/h2,a,strided,h2,7,56,0.00472840291,0.00284218788
a/strided/h2,a,strided,h2,7,57,0.00169684735,-0.00115561485
a/strided/h2,a,strided,h2,7,58,0.00681922302,0.0018427372
a/strided/h2,a,strided,h2,7,59,-0.00212476056,-0.00115561485
a/strided/h2,a,strided,h2,7,60,-0.0048558675,-0.00215506554
a/strided/h2,a,strided,h2,7,61,-0.00291387577,-0.00115561485
a/strided/h2,a,strided,h2,7,62,0.00826195345,0.0018427372
a/strided/h2,a,strided,h2,7,63,-0.00965659882,-0.00215506554
a/strided/h2,a,strided,h2,8,0,-0.0101764731,-0.00501286983
a/strided/h2,a,strided,h2,8,1,0.00402700598,-0.0070117712
a/strided/h2,a,strided,h2,8,2,-0.0190230899,-0.00301396847
a/strided/h2,a,strided,h2,8,3,-0.0171653933,-0.00901067257
a/strided/h2,a,strided,h2,8,4,-0.00114478474,-0.0150073767
a/strided/h2,a,strided,h2,8,5,-0.013719307,-0.00501286983
a/strided/h2,a,strided,h2,8,6,0.0112358907,0.00797998905
a/strided/h2,a,strided,h2,8,7,0.0017697087,-0.00801122189
a/strided/h2,a,strided,h2,8,8,0.00692948583,-0.00301396847
a/strided/h2,a,strided,h2,8,9,0.0104000696,0.00398218632
a/strided/h2,a,strided,h2,8,10,0.0107574614,0.00997889042
a/strided/h2,a,strided,h2,8,11,7.13586342e-05,0.00398218632
a/strided/h2,a,strided,h2,8,12,0.00746241515,0.00198328495
a/strided/h2,a,strided,h2,8,13,-0.00959089189,-1.56164169e-05
a/strided/h2,a,strided,h2,8,14,0.0117222134,0.00698053837
a/strided/h2,a,strided,h2,8,15,0.00525180134,-0.0010150671
a/strided/h2,a,strided,h2,8,16,0.00114358519,-0.0010150671
a/strided/h2,a,strided,h2,8,17,-0.0177710287,-0.00301396847
a/strided/h2,a,strided,h2,8,18,-0.00439855899,0.00198328495
a/strided/h2,a,strided,h2,8,19,0.00281099067,0.00398218632
a/strided/h2,a,strided,h2,8,20,-0.00251414697,-0.00401341915
a/strided/h2,a,strided,h2,8,21,0.00538032013,0.00398218632
a/strided/h2,a,strided,h2,8,22,-0.00894215959,-0.00601232052
a/strided/h2,a,strided,h2,8,23,-0.00181879266,-0.00201451778
a/strided/h2,a,strided,h2,8,24,-0.0253836892,-0.014007926
a/strided/h2,a,strided,h2,8,25,-0.0067079945,-0.00401341915
a/strided/h2,a,strided,h2,8,26,0.00437346031,0.00298273563
a/strided/h2,a,strided,h2,8,27,0.000212087063,-0.00501286983
a/strided/h2,a,strided,h2,8,28,0.00347265904,0.004981637
a/strided/h2,a,strided,h2,8,29,0.00910235313,0.004981637
a/strided/h2,a,strided,h2,8,30,0.00946278009,0.00897943974
a/strided/h2,a,strided,h2,8,31,-0.0284066296,-0.0120090246
a/strided/h2,a,strided,h2,8,32,0.0105444936,0.00398218632
a/strided/h2,a,strided,h2,8,33,-0.003052118,-0.00201451778
a/strided/h2,a,strided,h2,8,34,0.00734379818,-0.0010150671
a/strided/h2,a,strided,h2,8,35,0.00723645207,0.00398218632
a/strided/h2,a,strided,h2,8,36,-0.00902886386,-0.00301396847
a/strided/h2,a,strided,h2,8,37,-0.003200487,-1.56164169e-05
a/strided/h2,a,strided,h2,8,38,-0.00120425201,-1.56164169e-05
a/strided/h2,a,strided,h2,8,39,0.00872740825,0.004981637
a/strided/h2,a,strided,h2,8,40,0.0114919024,0.00598108768
a/strided/h2,a,strided,h2,8,41,0.0104876526,0.00398218632
a/strided/h2,a,strided,h2,8,42,-0.00113302632,-0.00301396847
a/strided/h2,a,strided,h2,8,43,0.00573854358,-1.56164169e-05
a/strided/h2,a,strided,h2,8,44,0.0043772778,0.00298273563
a/strided/h2,a,strided,h2,8,45,-0.00566312135,0.000983834267
a/strided/h2,a,strided,h2,8,46,-0.0120756279,-0.00401341915
a/strided/h2,a,strided,h2,8,47,0.000126393745,-1.56164169e-05
a/strided/h2,a,strided,h2,8,48,0.00418063835,0.00598108768
a/strided/h2,a,strided,h2,8,49,-0.00582238543,0.00298273563
a/strided/h2,a,strided,h2,8,50,-0.001868441,-0.0070117712
a/strided/h2,a,strided,h2,8,51,0.00561296032,-1.56164169e-05
a/strided/h2,a,strided,h2,8,52,-0.000666125445,0.00298273563
a/strided/h2,a,strided,h2,8,53,0.007156512,0.00298273563
a/strided/h2,a,strided,h2,8,54,0.00603832467,0.00198328495
a/strided/h2,a,strided,h2,8,55,0.00656293076,0.00797998905
a/strided/h2,a,strided,h2,8,56,-0.000939615769,-0.00401341915
a/strided/h2,a,strided,h2,8,57,0.00616348791,0.00698053837
a/strided/h2,a,strided,h2,8,58,0.00226220977,-0.0010150671
a/strided/h2,a,strided,h2,8,59,-0.00981728337,-0.00401341915
a/strided/h2,a,strided,h2,8,60,0.00836462784,0.00398218632
a/strided/h2,a,strided,h2,8,61,-0.00333338953,-0.0010150671
a/strided/h2,a,strided,h2,8,62,0.00821837899,0.00598108768
a/strided/h2,a,strided,h2,8,63,-0.00165196205,0.00198328495
a/strided/h2,a,strided,h2,9,0,0.00385822052,0.00109314919
a/strided/h2,a,strided,h2,9,1,0.000549545264,-0.00990080833
a/strided/h2,a,strided,h2,9,2,0.00378806538,-0.00190520287
a/strided/h2,a,strided,h2,9,3,-0.000625081608,0.00209259987
a/strided/h2,a,strided,h2,9,4,0.009748911,-0.00490355492
a/strided/h2,a,strided,h2,9,5,-4.25917242e-05,0.00409150124
a/strided/h2,a,strided,h2,9,6,-0.0103911846,-0.00390410423
a/strided/h2,a,strided,h2,9,7,0.0110225135,0.00908875465
a/strided/h2,a,strided,h2,9,8,0.00312512134,-0.00690245628
a/strided/h2,a,strided,h2,9,9,-0.0206890239,-0.00790190697
a/strided/h2,a,strided,h2,9,10,0.00228158523,0.00309205055
a/strided/h2,a,strided,h2,9,11,-0.0168566315,-0.0128991604
a/strided/h2,a,strided,h2,9,12,-0.0177943169,9.36985016e-05
a/strided/h2,a,strided,h2,9,13,0.0067632913,0.00209259987
a/strided/h2,a,strided,h2,9,14,0.00886120227,-0.0059030056
a/strided/h2,a,strided,h2,9,15,0.00522982281,0.00209259987
a/strided/h2,a,strided,h2,9,16,0.00740087846,0.00409150124
a/strided/h2,a,strided,h2,9,17,0.0129060314,0.0100882053
a/strided/h2,a,strided,h2,9,18,-0.00572000562,-0.00690245628
a/strided/h2,a,strided,h2,9,19,-0.0421963004,-0.0188958645
a/strided/h2,a,strided,h2,9,20,0.0113735122,-0.00190520287
a/strided/h2,a,strided,h2,9,21,0.000764554818,9.36985016e-05
a/strided/h2,a,strided,h2,9,22,0.0107127684,-0.00290465355
a/strided/h2,a,strided,h2,9,23,0.00865893693,0.00109314919
a/strided/h2,a,strided,h2,9,24,0.0076988607,0.00908875465
a/strided/h2,a,strided,h2,9,25,0.0147662288,0.0120871067
a/strided/h2,a,strided,h2,9,26,0.00868168262,0.00908875465
a/strided/h2,a,strided,h2,9,27,0.01155302,0.00808930397
a/strided/h2,a,strided,h2,9,28,0.0064126714,9.36985016e-05
a/strided/h2,a,strided,h2,9,29,0.00130581808,0.00309205055
a/strided/h2,a,strided,h2,9,30,0.00281096202,0.00309205055
a/strided/h2,a,strided,h2,9,31,0.00640604574,0.00209259987
a/strided/h2,a,strided,h2,9,32,0.00993540486,0.00309205055
a/strided/h2,a,strided,h2,9,33,-0.00246102481,-0.00190520287
a/strided/h2,a,strided,h2,9,34,-0.00381454501,-0.00490355492
a/strided/h2,a,strided,h2,9,35,-0.00377560152,0.00209259987
a/strided/h2,a,strided,h2,9,36,0.00567065597,0.00109314919
a/strided/h2,a,strided,h2,9,37,0.00782037502,0.00109314919
a/strided/h2,a,strided,h2,9,38,0.00221032438,0.00309205055
a/strided/h2,a,strided,h2,9,39,-0.00665022085,-0.00190520287
a/strided/h2,a,strided,h2,9,40,-0.011978389,-0.00190520287
a/strided/h2,a,strided,h2,9,41,0.0070916151,0.00708985329
a/strided/h2,a,strided,h2,9,42,0.00745595012,0.00209259987
a/strided/h2,a,strided,h2,9,43,-0.00675007912,-0.0059030056
a/strided/h2,a,strided,h2,9,44,-0.0583145211,-0.00690245628
a/strided/h2,a,strided,h2,9,45,0.00762930092,-0.00290465355
a/strided/h2,a,strided,h2,9,46,-0.00189382608,0.00509095192
a/strided/h2,a,strided,h2,9,47,-0.00154507464,0.00109314919
a/strided/h2,a,strided,h2,9,48,-0.00400883194,0.00109314919
a/strided/h2,a,strided,h2,9,49,0.0112942119,0.00209259987
a/strided/h2,a,strided,h2,9,50,-0.0432279599,-0.00690245628
a/strided/h2,a,strided,h2,9,51,0.0107277871,0.0060904026
a/strided/h2,a,strided,h2,9,52,-0.0259906866,-0.0158975124
a/strided/h2,a,strided,h2,9,53,0.00230634816,-0.00390410423
a/strided/h2,a,strided,h2,9,54,0.00489427311,-0.00390410423
a/strided/h2,a,strided,h2,9,55,0.00639304401,-0.000905752182
a/strided/h2,a,strided,h2,9,56,0.0111931558,0.00908875465
a/strided/h2,a,strided,h2,9,57,0.0089331963,0.00509095192
a/strided/h2,a,strided,h2,9,58,0.00361920217,-0.0059030056
a/strided/h2,a,strided,h2,9,59,0.00537567375,0.00109314919
a/strided/h2,a,strided,h2,9,60,0.0108898028,0.00309205055
a/strided/h2,a,strided,h2,9,61,-0.0116909996,9.36985016e-05
a/strided/h2,a,strided,h2,9,62,-0.00248398191,0.00309205055
a/strided/h2,a,strided,h2,9,63,0.00878030666,0.0060904026
a/tail/h1,a,tail,h1,2,0,-0.00537470486,0.00416958332
a/tail/h1,a,tail,h1,2,1,-0.00261577302,-0.00782382488
a/tail/h1,a,tail,h1,2,2,-0.00388893476,-0.00382602215
a/tail/h1,a,tail,h1,2,3,-0.00485905716,0.00217068195
a/tail/h1,a,tail,h1,2,4,-0.00529716294,-0.00482547283
a/tail/h1,a,tail,h1,2,5,0.0143760006,0.00616848469
a/tail/h1,a,tail,h1,2,6,0.0131039453,-0.000827670097
a/tail/h1,a,tail,h1,2,7,-0.00794580011,-0.00382602215
a/tail/h1,a,tail,h1,2,8,0.0141054747,0.00716793537
a/tail/h1,a,tail,h1,2,9,0.00763329687,0.00217068195
a/tail/h1,a,tail,h1,2,10,0.0049528732,0.00416958332
a/tail/h1,a,tail,h1,2,11,-5.74783408e-05,-0.00582492352
a/tail/h1,a,tail,h1,2,12,0.00845075222,-0.00382602215
a/tail/h1,a,tail,h1,2,13,0.0111517171,0.005169034
a/tail/h1,a,tail,h1,2,14,0.00847730888,0.000171780586
a/tail/h1,a,tail,h1,2,15,8.38032938e-05,0.00117123127
a/tail/h1,a,tail,h1,2,16,-0.142734291,-0.0388067961
a/tail/h1,a,tail,h1,2,17,0.00140941898,0.000171780586
a/tail/h1,a,tail,h1,2,18,0.00590148205,0.00217068195
a/tail/h1,a,tail,h1,2,19,0.0165494612,0.00616848469
a/tail/h1,a,tail,h1,2,20,0.00864970787,0.00716793537
a/tail/h1,a,tail,h1,2,21,0.000392725786,-0.00882327557
a/tail/h1,a,tail,h1,2,22,0.00209617717,0.00117123127
a/tail/h1,a,tail,h1,2,23,0.00566614336,0.000171780586
a/tail/h1,a,tail,h1,2,24,-0.00112369927,-0.00382602215
a/tail/h1,a,tail,h1,2,25,0.0127961599,0.00416958332
a/tail/h1,a,tail,h1,2,26,0.0133637787,0.00716793537
a/tail/h1,a,tail,h1,2,27,0.00183460498,-0.00282657146
a/tail/h1,a,tail,h1,2,28,0.00581444996,0.00117123127
a/tail/h1,a,tail,h1,2,29,-0.00429184865,0.00416958332
a/tail/h1,a,tail,h1,2,30,-0.0043856333,-0.00182712078
a/tail/h1,a,tail,h1,2,31,-0.00917578013,-0.00282657146
a/tail/h1,a,tail,h1,2,32,0.0121410332,-0.000827670097
a/tail/h1,a,tail,h1,2,33,0.00589519376,-0.000827670097
a/tail/h1,a,tail,h1,2,34,0.0136122807,0.00317013264
a/tail/h1,a,tail,h1,2,35,-0.0123639758,0.00117123127
a/tail/h1,a,tail,h1,2,36,0.00600494314,0.000171780586
a/tail/h1,a,tail,h1,2,37,0.00334778158,0.00317013264
a/tail/h1,a,tail,h1,2,38,0.0090123714,-0.000827670097
a/tail/h1,a,tail,h1,2,39,0.0162946662,0.00117123127
a/tail/h1,a,tail,h1,2,40,0.00820621951,0.00416958332
a/tail/h1,a,tail,h1,2,41,-0.0295440163,-0.0068243742
a/tail/h1,a,tail,h1,2,42,0.0165598924,0.00816738605
a/tail/h1,a,tail,h1,2,43,0.00419820156,-0.00582492352
a/tail/h1,a,tail,h1,2,44,-0.0027339085,0.00117123127
a/tail/h1,a,tail,h1,2,45,-0.0050600701,-0.00182712078
a/tail/h1,a,tail,h1,2,46,0.0123710214,0.005169034
a/tail/h1,a,tail,h1,2,47,-0.0232718428,-0.00382602215
a/tail/h1,a,tail,h1,2,48,0.00167614231,-0.00182712078
a/tail/h1,a,tail,h1,2,49,-0.00760334069,-0.00182712078
a/tail/h1,a,tail,h1,2,50,0.0181698353,0.0101662874
a/tail/h1,a,tail,h1,2,51,-0.00217867168,0.00117123127
a/tail/h1,a,tail,h1,2,52,-0.00532599622,-0.00182712078
a/tail/h1,a,tail,h1,2,53,0.00856246203,0.00616848469
a/tail/h1,a,tail,h1,2,54,0.00674452549,0.000171780586
a/tail/h1,a,tail,h1,2,55,0.00559542244,0.00117123127
a/tail/h1,a,tail,h1,2,56,0.01168803,0.00416958332
a/tail/h1,a,tail,h1,2,57,0.0038029599,0.00217068195
a/tail/h1,a,tail,h1,2,58,-0.0457953922,-0.00982272625
a/tail/h1,a,tail,h1,2,59,-0.0068056005,-0.00382602215
a/tail/h1,a,tail,h1,2,60,0.0113878083,0.00317013264
a/tail/h1,a,tail,h1,2,61,0.00674443934,0.005169034
a/tail/h1,a,tail,h1,2,62,-0.0137594248,-0.00282657146
a/tail/h1,a,tail,h1,2,63,0.00736789089,0.005169034
a/tail/h1,a,tail,h1,3,0,-0.00130663692,-0.00724601746
a/tail/h1,a,tail,h1,3,1,-0.00374777402,0.00374794006
a/tail/h1,a,tail,h1,3,2,0.0101348493,0.0017490387
a/tail/h1,a,tail,h1,3,3,0.00983265093,0.000749588013
a/tail/h1,a,tail,h1,3,4,-0.00503672725,-0.00324821472
a/tail/h1,a,tail,h1,3,5,-0.00131473221,-0.00224876404
a/tail/h1,a,tail,h1,3,6,-0.00313264849,0.000749588013
a/tail/h1,a,tail,h1,3,7,0.00716987931,0.0017490387
a/tail/h1,a,tail,h1,3,8,-0.00234099497,-0.00524711609
a/tail/h1,a,tail,h1,3,9,-0.00553003718,0.0017490387
a/tail/h1,a,tail,h1,3,10,0.00662705516,0.00274848938
a/tail/h1,a,tail,h1,3,11,0.00735715012,0.00474739075
a/tail/h1,a,tail,h1,3,12,0.00351807223,0.0017490387
a/tail/h1,a,tail,h1,3,13,0.00744053097,0.000749588013
a/tail/h1,a,tail,h1,3,14,0.00650313454,0.0017490387
a/tail/h1,a,tail,h1,3,15,0.00827083764,0.000749588013
a/tail/h1,a,tail,h1,3,16,0.00839102272,-0.00424766541
a/tail/h1,a,tail,h1,3,17,0.00894069885,0.00374794006
a/tail/h1,a,tail,h1,3,18,-0.00478050016,0.00274848938
a/tail/h1,a,tail,h1,3,19,0.0102408687,-0.00424766541
a/tail/h1,a,tail,h1,3,20,0.00765194026,0.00574684143
a/tail/h1,a,tail,h1,3,21,-0.00724936296,-0.0102443695
a/tail/h1,a,tail,h1,3,22,0.00998203623,0.00274848938
a/tail/h1,a,tail,h1,3,23,-0.016838348,-0.00424766541
a/tail/h1,a,tail,h1,3,24,0.0110381928,0.00874519348
a/tail/h1,a,tail,h1,3,25,0.00753125808,0.0077457428
a/tail/h1,a,tail,h1,3,26,1.57142458e-05,0.0017490387
a/tail/h1,a,tail,h1,3,27,-0.000273097499,-0.000249862671
a/tail/h1,a,tail,h1,3,28,-0.0149647302,-0.00824546814
a/tail/h1,a,tail,h1,3,29,-0.0143731944,0.00274848938
a/tail/h1,a,tail,h1,3,30,0.00848307977,0.0017490387
a/tail/h1,a,tail,h1,3,31,-0.000376308995,-0.000249862671
a/tail/h1,a,tail,h1,3,32,0.00795172997,-0.00424766541
a/tail/h1,a,tail,h1,3,33,0.000761043786,0.00474739075
a/tail/h1,a,tail,h1,3,34,-0.010167001,-0.00224876404
a/tail/h1,a,tail,h1,3,35,0.011239538,0.00674629211
a/tail/h1,a,tail,h1,3,36,0.00450212629,0.000749588013
a/tail/h1,a,tail,h1,3,37,0.0112283477,-0.00124931335
a/tail/h1,a,tail,h1,3,38,-0.0144810578,-0.00224876404
a/tail/h1,a,tail,h1,3,39,0.00150843271,-0.00124931335
a/tail/h1,a,tail,h1,3,40,-0.00660162462,0.0017490387
a/tail/h1,a,tail,h1,3,41,-0.0162238485,-0.00324821472
a/tail/h1,a,tail,h1,3,42,-0.0182336333,-0.00824546814
a/tail/h1,a,tail,h1,3,43,0.00222709686,0.0017490387
a/tail/h1,a,tail,h1,3,44,6.84338556e-05,0.000749588013
a/tail/h1,a,tail,h1,3,45,-0.024313586,-0.0112438202
a/tail/h1,a,tail,h1,3,46,-0.00135984896,-0.0112438202
a/tail/h1,a,tail,h1,3,47,0.00751115595,0.00574684143
a/tail/h1,a,tail,h1,3,48,0.011935503,0.00874519348
a/tail/h1,a,tail,h1,3,49,0.0075845011,0.0077457428
a/tail/h1,a,tail,h1,3,50,-0.00637854376,-0.00124931335
a/tail/h1,a,tail,h1,3,51,-0.000116134721,-0.00324821472
a/tail/h1,a,tail,h1,3,52,-0.0121655019,-0.00724601746
a/tail/h1,a,tail,h1,3,53,-0.00791673056,-0.00624656677
a/tail/h1,a,tail,h1,3,54,-0.000968415716,0.0017490387
a/tail/h1,a,tail,h1,3,55,-0.00786185517,0.000749588013
a/tail/h1,a,tail,h1,3,56,0.00499072978,-0.00324821472
a/tail/h1,a,tail,h1,3,57,0.00385177326,0.0017490387
a/tail/h1,a,tail,h1,3,58,0.00158050963,0.00374794006
a/tail/h1,a,tail,h1,3,59,0.00955962254,0.000749588013
a/tail/h1,a,tail,h1,3,60,-0.0105442016,0.00274848938
a/tail/h1,a,tail,h1,3,61,-0.0133155475,0.000749588013
a/tail/h1,a,tail,h1,3,62,0.00930462246,0.00574684143
a/tail/h1,a,tail,h1,3,63,-0.00302151447,-0.00124931335
a/tail/h1,a,tail,h1,4,0,-0.00728107206,-0.00413835049
a/tail/h1,a,tail,h1,4,1,0.00722359345,0.000858902931
a/tail/h1,a,tail,h1,4,2,-0.00402620141,0.00185835361
a/tail/h1,a,tail,h1,4,3,-0.00805473965,-0.00513780117
a/tail/h1,a,tail,h1,4,4,0.00243818704,-0.000140547752
a/tail/h1,a,tail,h1,4,5,0.00616840846,-0.00513780117
a/tail/h1,a,tail,h1,4,6,0.00605819901,-0.00413835049
a/tail/h1,a,tail,h1,4,7,-0.00277500376,-0.00113999844
a/tail/h1,a,tail,h1,4,8,-0.00132547375,-0.00213944912
a/tail/h1,a,tail,h1,4,9,-0.00291213658,0.00385725498
a/tail/h1,a,tail,h1,4,10,-0.0114130206,-0.000140547752
a/tail/h1,a,tail,h1,4,11,0.0094986592,0.00485670567
a/tail/h1,a,tail,h1,4,12,0.00384200658,-0.000140547752
a/tail/h1,a,tail,h1,4,13,0.00449509211,0.0028578043
a/tail/h1,a,tail,h1,4,14,0.0061011055,-0.00213944912
a/tail/h1,a,tail,h1,4,15,0.000867377177,-0.000140547752
a/tail/h1,a,tail,h1,4,16,0.00306425281,-0.0031388998
a/tail/h1,a,tail,h1,4,17,0.00221055923,-0.00113999844
a/tail/h1,a,tail,h1,4,18,0.0055865088,-0.0031388998
a/tail/h1,a,tail,h1,4,19,-0.00606395057,0.00485670567
a/tail/h1,a,tail,h1,4,20,0.0100995166,0.000858902931
a/tail/h1,a,tail,h1,4,21,0.00274597518,0.00385725498
a/tail/h1,a,tail,h1,4,22,-0.00142521933,-0.00513780117
a/tail/h1,a,tail,h1,4,23,0.00245167166,-0.00113999844
a/tail/h1,a,tail,h1,4,24,-0.00855035856,-0.0031388998
a/tail/h1,a,tail,h1,4,25,-0.014268291,-0.0031388998
a/tail/h1,a,tail,h1,4,26,-0.00810589022,-0.00613725185
a/tail/h1,a,tail,h1,4,27,-0.0158796782,-0.000140547752
a/tail/h1,a,tail,h1,4,28,0.0120641674,0.00685560703
a/tail/h1,a,tail,h1,4,29,0.00138411522,-0.00413835049
a/tail/h1,a,tail,h1,4,30,-0.0129615642,0.000858902931
a/tail/h1,a,tail,h1,4,31,0.00872115363,-0.00413835049
a/tail/h1,a,tail,h1,4,32,0.00131864278,-0.00113999844
a/tail/h1,a,tail,h1,4,33,0.0116940703,0.00385725498
a/tail/h1,a,tail,h1,4,34,-0.000320364579,0.00585615635
a/tail/h1,a,tail,h1,4,35,-0.00187400365,-0.00213944912
a/tail/h1,a,tail,h1,4,36,0.0116548058,0.0088545084
a/tail/h1,a,tail,h1,4,37,-0.00669516795,-0.00113999844
a/tail/h1,a,tail,h1,4,38,-0.00150740947,-0.00813615322
a/tail/h1,a,tail,h1,4,39,0.0120372075,0.00785505772
a/tail/h1,a,tail,h1,4,40,-0.00321035795,-0.00113999844
a/tail/h1,a,tail,h1,4,41,0.00371280373,0.0028578043
a/tail/h1,a,tail,h1,4,42,-0.00649854759,-0.00213944912
a/tail/h1,a,tail,h1,4,43,0.0006113417,-0.00113999844
a/tail/h1,a,tail,h1,4,44,0.0126086063,0.00785505772
a/tail/h1,a,tail,h1,4,45,0.00736714751,-0.000140547752
a/tail/h1,a,tail,h1,4,46,0.00463830601,-0.00413835049
a/tail/h1,a,tail,h1,4,47,0.00578213311,-0.00213944912
a/tail/h1,a,tail,h1,4,48,-0.00363440704,0.000858902931
a/tail/h1,a,tail,h1,4,49,0.00886557265,0.00585615635
a/tail/h1,a,tail,h1,4,50,-0.00852049826,-0.0031388998
a/tail/h1,a,tail,h1,4,51,0.000361306735,-0.00513780117
a/tail/h1,a,tail,h1,4,52,0.00108264401,0.00185835361
a/tail/h1,a,tail,h1,4,53,-0.0102035579,-0.0031388998
a/tail/h1,a,tail,h1,4,54,-0.00250999778,-0.00113999844
a/tail/h1,a,tail,h1,4,55,-0.0154762194,0.00185835361
a/tail/h1,a,tail,h1,4,56,0.00262140404,0.00485670567
a/tail/h1,a,tail,h1,4,57,0.0109642794,0.00785505772
a/tail/h1,a,tail,h1,4,58,0.00784738935,-0.00113999844
a/tail/h1,a,tail,h1,4,59,0.000978616907,0.0028578043
a/tail/h1,a,tail,h1,4,60,-0.00921182879,0.000858902931
a/tail/h1,a,tail,h1,4,61,-0.0234850346,0.0028578043
a/tail/h1,a,tail,h1,4,62,0.0106020285,0.00385725498
a/tail/h1,a,tail,h1,4,63,-0.0115788606,-0.00613725185
a/tail/h1,a,tail,h1,5,0,0.00650896601,0.0038728714
a/tail/h1,a,tail,h1,5,1,0.00149335506,0.000874519348
a/tail/h1,a,tail,h1,5,2,0.00212169023,0.000874519348
a/tail/h1,a,tail,h1,5,3,-0.00277271584,-0.00112438202
a/tail/h1,a,tail,h1,5,4,-0.00706913156,-0.00112438202
a/tail/h1,a,tail,h1,5,5,-0.00485033771,-0.00112438202
a/tail/h1,a,tail,h1,5,6,0.00362122202,-0.000124931335
a/tail/h1,a,tail,h1,5,7,0.0107310471,0.0038728714
a/tail/h1,a,tail,h1,5,8,0.00720600741,-0.0021238327
a/tail/h1,a,tail,h1,5,9,0.000225621541,-0.00112438202
a/tail/h1,a,tail,h1,5,10,0.00814236308,0.00487232208
a/tail/h1,a,tail,h1,5,11,-0.00348888195,-0.000124931335
a/tail/h1,a,tail,h1,5,12,0.00425273183,0.00187397003
a/tail/h1,a,tail,h1,5,13,0.00841612419,-0.00112438202
a/tail/h1,a,tail,h1,5,14,-0.0302367578,-0.00312328339
a/tail/h1,a,tail,h1,5,15,-0.00310940362,-0.00412273407
a/tail/h1,a,tail,h1,5,16,0.00663782054,0.00187397003
a/tail/h1,a,tail,h1,5,17,0.00257213464,-0.00412273407
a/tail/h1,a,tail,h1,5,18,0.00919796111,-0.00412273407
a/tail/h1,a,tail,h1,5,19,-0.00222016542,0.0038728714
a/tail/h1,a,tail,h1,5,20,0.009709799,-0.00312328339
a/tail/h1,a,tail,h1,5,21,0.00426327021,0.000874519348
a/tail/h1,a,tail,h1,5,22,0.00397769947,0.000874519348
a/tail/h1,a,tail,h1,5,23,0.00424285003,0.000874519348
a/tail/h1,a,tail,h1,5,24,0.00878360824,0.0038728714
a/tail/h1,a,tail,h1,5,25,0.001266941,0.00187397003
a/tail/h1,a,tail,h1,5,26,-0.0274326361,-0.00712108612
a/tail/h1,a,tail,h1,5,27,0.00805100825,0.00287342072
a/tail/h1,a,tail,h1,5,28,-0.00477990412,0.000874519348
a/tail/h1,a,tail,h1,5,29,0.00195477161,-0.00112438202
a/tail/h1,a,tail,h1,5,30,-0.0140278514,-0.00312328339
a/tail/h1,a,tail,h1,5,31,-0.0134172686,-0.0021238327
a/tail/h1,a,tail,h1,5,32,-0.0169940183,-0.00712108612
a/tail/h1,a,tail,h1,5,33,0.0022193529,-0.000124931335
a/tail/h1,a,tail,h1,5,34,0.00650284862,-0.000124931335
a/tail/h1,a,tail,h1,5,35,-0.00814643546,-0.000124931335
a/tail/h1,a,tail,h1,5,36,-0.00625701082,-0.00112438202
a/tail/h1,a,tail,h1,5,37,0.0102816881,0.00687122345
a/tail/h1,a,tail,h1,5,38,0.00246909753,0.00187397003
a/tail/h1,a,tail,h1,5,39,-0.00696834779,-0.000124931335
a/tail/h1,a,tail,h1,5,40,0.00659423045,0.00587177277
a/tail/h1,a,tail,h1,5,41,0.0121369574,0.00587177277
a/tail/h1,a,tail,h1,5,42,0.010183251,0.00287342072
a/tail/h1,a,tail,h1,5,43,-0.000489123831,0.000874519348
a/tail/h1,a,tail,h1,5,44,0.00806539439,0.00187397003
a/tail/h1,a,tail,h1,5,45,-0.00363728447,-0.000124931335
a/tail/h1,a,tail,h1,5,46,-0.00996429144,-0.00112438202
a/tail/h1,a,tail,h1,5,47,0.00873515595,-0.00112438202
a/tail/h1,a,tail,h1,5,48,-0.00369092307,-0.00312328339
a/tail/h1,a,tail,h1,5,49,-0.0197533862,-0.00612163544
a/tail/h1,a,tail,h1,5,50,0.00131699446,-0.00312328339
a/tail/h1,a,tail,h1,5,51,-0.00289310186,0.00187397003
a/tail/h1,a,tail,h1,5,52,0.00543080111,-0.000124931335
a/tail/h1,a,tail,h1,5,53,0.00276186856,-0.00112438202
a/tail/h1,a,tail,h1,5,54,-0.0106027671,-0.00312328339
a/tail/h1,a,tail,h1,5,55,0.0111147934,0.00687122345
a/tail/h1,a,tail,h1,5,56,-0.0342207399,-0.0111188889
a/tail/h1,a,tail,h1,5,57,0.0102188439,0.0038728714
a/tail/h1,a,tail,h1,5,58,-0.00499831533,-0.00412273407
a/tail/h1,a,tail,h1,5,59,-0.0025654025,-0.00312328339
a/tail/h1,a,tail,h1,5,60,0.00785674111,0.0038728714
a/tail/h1,a,tail,h1,5,61,0.00892264725,0.0038728714
a/tail/h1,a,tail,h1,5,62,0.0105467639,0.00287342072
a/tail/h1,a,tail,h1,5,63,0.00585177963,0.00287342072
a/tail/h1,a,tail,h1,6,0,0.00271501759,0.000858902931
a/tail/h1,a,tail,h1,6,1,-0.0182084712,-0.00613725185
a/tail/h1,a,tail,h1,6,2,-0.0122396425,-0.00513780117
a/tail/h1,a,tail,h1,6,3,-0.00652428163,0.000858902931
a/tail/h1,a,tail,h1,6,4,-0.0194700473,-0.0031388998
a/tail/h1,a,tail,h1,6,5,0.00129497139,-0.00513780117
a/tail/h1,a,tail,h1,6,6,0.00744638493,0.000858902931
a/tail/h1,a,tail,h1,6,7,-0.000886364898,0.00185835361
a/tail/h1,a,tail,h1,6,8,0.00897463685,0.00385725498
a/tail/h1,a,tail,h1,6,9,0.00596635597,0.00585615635
a/tail/h1,a,tail,h1,6,10,0.00849847303,0.00785505772
a/tail/h1,a,tail,h1,6,11,-0.00483997265,-0.012133956
a/tail/h1,a,tail,h1,6,12,0.0101231695,0.00385725498
a/tail/h1,a,tail,h1,6,13,0.010724802,0.00485670567
a/tail/h1,a,tail,h1,6,14,0.00933668477,-0.000140547752
a/tail/h1,a,tail,h1,6,15,0.00585435698,0.0028578043
a/tail/h1,a,tail,h1,6,16,-0.00168491161,0.00185835361
a/tail/h1,a,tail,h1,6,17,-0.00600907119,-0.000140547752
a/tail/h1,a,tail,h1,6,18,-0.00397446012,-0.000140547752
a/tail/h1,a,tail,h1,6,19,0.00736756803,0.000858902931
a/tail/h1,a,tail,h1,6,20,-0.00588135613,0.00185835361
a/tail/h1,a,tail,h1,6,21,0.0100196525,-0.00113999844
a/tail/h1,a,tail,h1,6,22,0.00453454437,-0.000140547752
a/tail/h1,a,tail,h1,6,23,0.0125203849,0.00585615635
a/tail/h1,a,tail,h1,6,24,0.0095791886,-0.000140547752
a/tail/h1,a,tail,h1,6,25,0.00634301914,0.00185835361
a/tail/h1,a,tail,h1,6,26,0.0108027048,0.00185835361
a/tail/h1,a,tail,h1,6,27,-0.0061505796,0.00185835361
a/tail/h1,a,tail,h1,6,28,-0.00955671311,0.000858902931
a/tail/h1,a,tail,h1,6,29,0.00574757665,0.000858902931
a/tail/h1,a,tail,h1,6,30,0.00843037287,0.00485670567
a/tail/h1,a,tail,h1,6,31,-0.00323056063,0.000858902931
a/tail/h1,a,tail,h1,6,32,-0.0196910445,-0.00213944912
a/tail/h1,a,tail,h1,6,33,-0.00652370468,-0.00213944912
a/tail/h1,a,tail,h1,6,34,0.00215804571,-0.00213944912
a/tail/h1,a,tail,h1,6,35,-0.0149288597,-0.00713670254
a/tail/h1,a,tail,h1,6,36,-0.00507373974,-0.00413835049
a/tail/h1,a,tail,h1,6,37,0.0095624532,0.0028578043
a/tail/h1,a,tail,h1,6,38,-0.00148462976,-0.0031388998
a/tail/h1,a,tail,h1,6,39,-0.0131888358,0.00185835361
a/tail/h1,a,tail,h1,6,40,0.00970068568,0.00185835361
a/tail/h1,a,tail,h1,6,41,0.00941133167,-0.000140547752
a/tail/h1,a,tail,h1,6,42,-0.0114567225,-0.00613725185
a/tail/h1,a,tail,h1,6,43,0.00959844462,0.00385725498
a/tail/h1,a,tail,h1,6,44,-0.0029702881,-0.00513780117
a/tail/h1,a,tail,h1,6,45,-0.0022826512,-0.00213944912
a/tail/h1,a,tail,h1,6,46,-0.0266305479,-0.00613725185
a/tail/h1,a,tail,h1,6,47,0.00629248837,0.000858902931
a/tail/h1,a,tail,h1,6,48,-0.0190588721,-0.00513780117
a/tail/h1,a,tail,h1,6,49,0.0108567224,0.00485670567
a/tail/h1,a,tail,h1,6,50,0.00687524671,0.0028578043
a/tail/h1,a,tail,h1,6,51,0.00668579334,0.0028578043
a/tail/h1,a,tail,h1,6,52,0.00573613954,0.0028578043
a/tail/h1,a,tail,h1,6,53,0.00142086804,-0.0031388998
a/tail/h1,a,tail,h1,6,54,0.0111713176,0.00185835361
a/tail/h1,a,tail,h1,6,55,-0.0170137049,-0.00413835049
a/tail/h1,a,tail,h1,6,56,0.0120434332,0.00685560703
a/tail/h1,a,tail,h1,6,57,0.010469391,0.0028578043
a/tail/h1,a,tail,h1,6,58,-0.0216308749,-0.00413835049
a/tail/h1,a,tail,h1,6,59,-0.00146100117,-0.00413835049
a/tail/h1,a,tail,h1,6,60,0.00349978352,0.00685560703
a/tail/h1,a,tail,h1,6,61,-0.0114162583,-0.00413835049
a/tail/h1,a,tail,h1,6,62,0.0100561641,0.000858902931
a/tail/h1,a,tail,h1,6,63,0.00164999434,-0.00213944912
a/tail/h1,a,tail,h1,7,0,0.0100938249,0.00683999062
a/tail/h1,a,tail,h1,7,1,-0.0249069464,-0.00715231895
a/tail/h1,a,tail,h1,7,2,0.011231597,0.00584053993
a/tail/h1,a,tail,h1,7,3,-0.0479776115,-0.00715231895
a/tail/h1,a,tail,h1,7,4,0.0103206541,-0.00115561485
a/tail/h1,a,tail,h1,7,5,0.0111857717,0.00484108925
a/tail/h1,a,tail,h1,7,6,0.00399590094,-0.00115561485
a/tail/h1,a,tail,h1,7,7,-0.0483520632,-0.010150671
a/tail/h1,a,tail,h1,7,8,-0.0029122569,-0.0041539669
a/tail/h1,a,tail,h1,7,9,0.0148096019,0.00484108925
a/tail/h1,a,tail,h1,7,10,0.0142694083,0.00584053993
a/tail/h1,a,tail,h1,7,11,0.0129512627,0.00584053993
a/tail/h1,a,tail,h1,7,12,0.00153424634,0.000843286514
a/tail/h1,a,tail,h1,7,13,0.0114484219,0.00883889198
a/tail/h1,a,tail,h1,7,14,0.000716179107,-0.000156164169
a/tail/h1,a,tail,h1,7,15,0.0118604609,0.00584053993
a/tail/h1,a,tail,h1,7,16,-0.00213065468,-0.00315451622
a/tail/h1,a,tail,h1,7,17,0.00963631362,0.00284218788
a/tail/h1,a,tail,h1,7,18,-0.00118309915,-0.0041539669
a/tail/h1,a,tail,h1,7,19,0.0135347927,0.0078394413
a/tail/h1,a,tail,h1,7,20,-0.00242048506,-0.00115561485
a/tail/h1,a,tail,h1,7,21,0.00126905549,0.00284218788
a/tail/h1,a,tail,h1,7,22,-0.0332203387,-0.0111501217
a/tail/h1,a,tail,h1,7,23,0.00547240112,0.000843286514
a/tail/h1,a,tail,h1,7,24,-0.0201013396,-0.010150671
a/tail/h1,a,tail,h1,7,25,-0.017345489,-0.00315451622
a/tail/h1,a,tail,h1,7,26,0.00205846686,0.00484108925
a/tail/h1,a,tail,h1,7,27,0.00640911698,-0.00115561485
a/tail/h1,a,tail,h1,7,28,-0.0131366803,-0.0111501217
a/tail/h1,a,tail,h1,7,29,-0.0108048097,-0.00715231895
a/tail/h1,a,tail,h1,7,30,0.00932883561,0.0018427372
a/tail/h1,a,tail,h1,7,31,-0.00920347966,-0.00115561485
a/tail/h1,a,tail,h1,7,32,-0.0128395534,-0.00615286827
a/tail/h1,a,tail,h1,7,33,-0.00474449623,-0.00215506554
a/tail/h1,a,tail,h1,7,34,-0.00990709945,-0.00215506554
a/tail/h1,a,tail,h1,7,35,0.00784901712,0.00484108925
a/tail/h1,a,tail,h1,7,36,0.000227866658,-0.000156164169
a/tail/h1,a,tail,h1,7,37,0.0125110582,0.00384163857
a/tail/h1,a,tail,h1,7,38,0.00926934831,0.00384163857
a/tail/h1,a,tail,h1,7,39,0.0137121491,0.00484108925
a/tail/h1,a,tail,h1,7,40,0.00479267161,-0.000156164169
a/tail/h1,a,tail,h1,7,41,-0.00913229821,-0.00215506554
a/tail/h1,a,tail,h1,7,42,0.00441425011,0.00683999062
a/tail/h1,a,tail,h1,7,43,0.00333538741,0.00384163857
a/tail/h1,a,tail,h1,7,44,-0.018811862,-0.0041539669
a/tail/h1,a,tail,h1,7,45,0.00483238973,-0.00115561485
a/tail/h1,a,tail,h1,7,46,0.00474043466,0.00284218788
a/tail/h1,a,tail,h1,7,47,-0.0173738869,-0.00615286827
a/tail/h1,a,tail,h1,7,48,0.00966627613,-0.00115561485
a/tail/h1,a,tail,h1,7,49,0.0106415702,0.00284218788
a/tail/h1,a,tail,h1,7,50,-0.00126790352,-0.00215506554
a/tail/h1,a,tail,h1,7,51,0.0140795791,0.0078394413
a/tail/h1,a,tail,h1,7,52,-0.0131122219,-0.00115561485
a/tail/h1,a,tail,h1,7,53,0.00823761892,-0.0041539669
a/tail/h1,a,tail,h1,7,54,0.00380003588,0.0018427372
a/tail/h1,a,tail,h1,7,55,0.0126760387,0.00484108925
a/tail/h1,a,tail,h1,7,56,0.0108089894,0.00284218788
a/tail/h1,a,tail,h1,7,57,0.0108798174,-0.00115561485
a/tail/h1,a,tail,h1,7,58,0.00925483318,0.0018427372
a/tail/h1,a,tail,h1,7,59,0.00364913415,-0.00115561485
a/tail/h1,a,tail,h1,7,60,-0.00317045631,-0.00215506554
a/tail/h1,a,tail,h1,7,61,-0.0095954426,-0.00115561485
a/tail/h1,a,tail,h1,7,62,0.00473611426,0.0018427372
a/tail/h1,a,tail,h1,7,63,0.00740958188,-0.00215506554
a/tail/h1,a,tail,h1,8,0,-0.0116798945,-0.00501286983
a/tail/h1,a,tail,h1,8,1,0.00353019849,-0.0070117712
a/tail/h1,a,tail,h1,8,2,-0.00717581085,-0.00301396847
a/tail/h1,a,tail,h1,8,3,-0.00797728098,-0.00901067257
a/tail/h1,a,tail,h1,8,4,-0.0433853401,-0.0150073767
a/tail/h1,a,tail,h1,8,5,-0.015606723,-0.00501286983
a/tail/h1,a,tail,h1,8,6,0.00749266033,0.00797998905
a/tail/h1,a,tail,h1,8,7,-0.010903436,-0.00801122189
a/tail/h1,a,tail,h1,8,8,0.00503087488,-0.00301396847
a/tail/h1,a,tail,h1,8,9,0.0128644516,0.00398218632
a/tail/h1,a,tail,h1,8,10,0.0153464514,0.00997889042
a/tail/h1,a,tail,h1,8,11,0.00860310511,0.00398218632
a/tail/h1,a,tail,h1,8,12,0.0102320796,0.00198328495
a/tail/h1,a,tail,h1,8,13,0.00211169782,-1.56164169e-05
a/tail/h1,a,tail,h1,8,14,0.0143377336,0.00698053837
a/tail/h1,a,tail,h1,8,15,0.0098888667,-0.0010150671
a/tail/h1,a,tail,h1,8,16,-0.00352469853,-0.0010150671
a/tail/h1,a,tail,h1,8,17,-0.00572293925,-0.00301396847
a/tail/h1,a,tail,h1,8,18,0.0118568761,0.00198328495
a/tail/h1,a,tail,h1,8,19,0.00618319937,0.00398218632
a/tail/h1,a,tail,h1,8,20,-0.00743259325,-0.00401341915
a/tail/h1,a,tail,h1,8,21,0.00761204541,0.00398218632
a/tail/h1,a,tail,h1,8,22,-0.0145991391,-0.00601232052
a/tail/h1,a,tail,h1,8,23,-0.0114344603,-0.00201451778
a/tail/h1,a,tail,h1,8,24,-0.0289925432,-0.014007926
a/tail/h1,a,tail,h1,8,25,0.0034702304,-0.00401341915
a/tail/h1,a,tail,h1,8,26,9.24595588e-06,0.00298273563
a/tail/h1,a,tail,h1,8,27,-0.00246064014,-0.00501286983
a/tail/h1,a,tail,h1,8,28,0.00340456773,0.004981637
a/tail/h1,a,tail,h1,8,29,0.0121820576,0.004981637
a/tail/h1,a,tail,h1,8,30,0.00924892283,0.00897943974
a/tail/h1,a,tail,h1,8,31,-0.0294231404,-0.0120090246
a/tail/h1,a,tail,h1,8,32,0.013897707,0.00398218632
a/tail/h1,a,tail,h1,8,33,-0.0152392715,-0.00201451778
a/tail/h1,a,tail,h1,8,34,0.0128970302,-0.0010150671
a/tail/h1,a,tail,h1,8,35,0.00946614032,0.00398218632
a/tail/h1,a,tail,h1,8,36,-0.00451284668,-0.00301396847
a/tail/h1,a,tail,h1,8,37,-0.014803312,-1.56164169e-05
a/tail/h1,a,tail,h1,8,38,0.0106227955,-1.56164169e-05
a/tail/h1,a,tail,h1,8,39,0.00464484866,0.004981637
a/tail/h1,a,tail,h1,8,40,0.0109446987,0.00598108768
a/tail/h1,a,tail,h1,8,41,0.00863748488,0.00398218632
a/tail/h1,a,tail,h1,8,42,-0.021416248,-0.00301396847
a/tail/h1,a,tail,h1,8,43,0.00644990594,-1.56164169e-05
a/tail/h1,a,tail,h1,8,44,0.00478151605,0.00298273563
a/tail/h1,a,tail,h1,8,45,-0.0117406568,0.000983834267
a/tail/h1,a,tail,h1,8,46,-0.00359501292,-0.00401341915
a/tail/h1,a,tail,h1,8,47,-0.0115493669,-1.56164169e-05
a/tail/h1,a,tail,h1,8,48,0.0117832448,0.00598108768
a/tail/h1,a,tail,h1,8,49,0.00749664732,0.00298273563
a/tail/h1,a,tail,h1,8,50,-0.0176470515,-0.0070117712
a/tail/h1,a,tail,h1,8,51,0.0103323197,-1.56164169e-05
a/tail/h1,a,tail,h1,8,52,0.00636581124,0.00298273563
a/tail/h1,a,tail,h1,8,53,0.0118131393,0.00298273563
a/tail/h1,a,tail,h1,8,54,0.00807519794,0.00198328495
a/tail/h1,a,tail,h1,8,55,0.0107760371,0.00797998905
a/tail/h1,a,tail,h1,8,56,-0.0200957611,-0.00401341915
a/tail/h1,a,tail,h1,8,57,0.0118680296,0.00698053837
a/tail/h1,a,tail,h1,8,58,0.010184462,-0.0010150671
a/tail/h1,a,tail,h1,8,59,-0.00338651867,-0.00401341915
a/tail/h1,a,tail,h1,8,60,0.00864282136,0.00398218632
a/tail/h1,a,tail,h1,8,61,-0.00576552211,-0.0010150671
a/tail/h1,a,tail,h1,8,62,0.0132093306,0.00598108768
a/tail/h1,a,tail,h1,8,63,-0.00622422549,0.00198328495
a/tail/h1,a,tail,h1,9,0,0.0078061487,0.00109314919
a/tail/h1,a,tail,h1,9,1,-0.0103307007,-0.00990080833
a/tail/h1,a,tail,h1,9,2,-0.00632107598,-0.00190520287
a/tail/h1,a,tail,h1,9,3,-0.000308260234,0.00209259987
a/tail/h1,a,tail,h1,9,4,-0.00416386305,-0.00490355492
a/tail/h1,a,tail,h1,9,5,0.00437499754,0.00409150124
a/tail/h1,a,tail,h1,9,6,-0.0011387066,-0.00390410423
a/tail/h1,a,tail,h1,9,7,0.0158791268,0.00908875465
a/tail/h1,a,tail,h1,9,8,-0.0026902183,-0.00690245628
a/tail/h1,a,tail,h1,9,9,-0.00842737398,-0.00790190697
a/tail/h1,a,tail,h1,9,10,0.000161482341,0.00309205055
a/tail/h1,a,tail,h1,9,11,-0.0313285959,-0.0128991604
a/tail/h1,a,tail,h1,9,12,-0.00932151443,9.36985016e-05
a/tail/h1,a,tail,h1,9,13,0.00650127194,0.00209259987
a/tail/h1,a,tail,h1,9,14,-0.0148285203,-0.0059030056
a/tail/h1,a,tail,h1,9,15,0.00444555478,0.00209259987
a/tail/h1,a,tail,h1,9,16,0.0112309878,0.00409150124
a/tail/h1,a,tail,h1,9,17,0.0167076073,0.0100882053
a/tail/h1,a,tail,h1,9,18,-0.0310243896,-0.00690245628
a/tail/h1,a,tail,h1,9,19,-0.0660253043,-0.0188958645
a/tail/h1,a,tail,h1,9,20,0.010279598,-0.00190520287
a/tail/h1,a,tail,h1,9,21,-0.000171491323,9.36985016e-05
a/tail/h1,a,tail,h1,9,22,0.0148774074,-0.00290465355
a/tail/h1,a,tail,h1,9,23,0.0133986167,0.00109314919
a/tail/h1,a,tail,h1,9,24,0.00863918624,0.00908875465
a/tail/h1,a,tail,h1,9,25,0.0159673799,0.0120871067
a/tail/h1,a,tail,h1,9,26,0.0144674426,0.00908875465
a/tail/h1,a,tail,h1,9,27,0.0171249016,0.00808930397
a/tail/h1,a,tail,h1,9,28,0.0136585595,9.36985016e-05
a/tail/h1,a,tail,h1,9,29,-0.00232110676,0.00309205055
a/tail/h1,a,tail,h1,9,30,0.0110159373,0.00309205055
a/tail/h1,a,tail,h1,9,31,0.0114778989,0.00209259987
a/tail/h1,a,tail,h1,9,32,0.00662013105,0.00309205055
a/tail/h1,a,tail,h1,9,33,-0.00687122115,-0.00190520287
a/tail/h1,a,tail,h1,9,34,-0.0176126553,-0.00490355492
a/tail/h1,a,tail,h1,9,35,-0.00248269961,0.00209259987
a/tail/h1,a,tail,h1,9,36,0.0121104816,0.00109314919
a/tail/h1,a,tail,h1,9,37,-0.0119282267,0.00109314919
a/tail/h1,a,tail,h1,9,38,0.00447338642,0.00309205055
a/tail/h1,a,tail,h1,9,39,-0.0180118314,-0.00190520287
a/tail/h1,a,tail,h1,9,40,-0.0252830697,-0.00190520287
a/tail/h1,a,tail,h1,9,41,0.0142750122,0.00708985329
a/tail/h1,a,tail,h1,9,42,0.0122209427,0.00209259987
a/tail/h1,a,tail,h1,9,43,-0.0179569217,-0.0059030056
a/tail/h1,a,tail,h1,9,44,-0.0187183692,-0.00690245628
a/tail/h1,a,tail,h1,9,45,0.0136764302,-0.00290465355
a/tail/h1,a,tail,h1,9,46,0.00571825969,0.00509095192
a/tail/h1,a,tail,h1,9,47,0.00293323034,0.00109314919
a/tail/h1,a,tail,h1,9,48,0.00118394507,0.00109314919
a/tail/h1,a,tail,h1,9,49,0.00567315295,0.00209259987
a/tail/h1,a,tail,h1,9,50,-0.00455939901,-0.00690245628
a/tail/h1,a,tail,h1,9,51,0.0116708098,0.0060904026
a/tail/h1,a,tail,h1,9,52,-0.038422618,-0.0158975124
a/tail/h1,a,tail,h1,9,53,0.00408461163,-0.00390410423
a/tail/h1,a,tail,h1,9,54,-0.019432028,-0.00390410423
a/tail/h1,a,tail,h1,9,55,-0.00303330962,-0.000905752182
a/tail/h1,a,tail,h1,9,56,0.0153902449,0.00908875465
a/tail/h1,a,tail,h1,9,57,0.0154802674,0.00509095192
a/tail/h1,a,tail,h1,9,58,0.00954081523,-0.0059030056
a/tail/h1,a,tail,h1,9,59,0.00929175093,0.00109314919
a/tail/h1,a,tail,h1,9,60,0.0139994671,0.00309205055
a/tail/h1,a,tail,h1,9,61,-0.00953405575,9.36985016e-05
a/tail/h1,a,tail,h1,9,62,0.0101475069,0.00309205055
a/tail/h1,a,tail,h1,9,63,0.015742975,0.0060904026
b/strided/h1,b,strided,h1,2,0,0.0149906865,0.00360739231
b/strided/h1,b,strided,h1,2,1,-0.0456951493,-0.00738656521
b/strided/h1,b,strided,h1,2,2,0.0021789186,-0.00138986111
b/strided/h1,b,strided,h1,2,3,0.00572933166,0.00160849094
b/strided/h1,b,strided,h1,2,4,-0.00899587429,-0.00738656521
b/strided/h1,b,strided,h1,2,5,0.010584485,0.00460684299
b/strided/h1,b,strided,h1,2,6,0.00079776955,-0.00438821316
b/strided/h1,b,strided,h1,2,7,0.00478235914,-0.00638711452
b/strided/h1,b,strided,h1,2,8,0.0103734839,0.00760519505
b/strided/h1,b,strided,h1,2,9,0.0101914259,0.00160849094
b/strided/h1,b,strided,h1,2,10,0.0127696926,0.00660574436
b/strided/h1,b,strided,h1,2,11,-0.0451177759,-0.00138986111
b/strided/h1,b,strided,h1,2,12,-0.000347051275,-0.00538766384
b/strided/h1,b,strided,h1,2,13,0.00430054826,0.00260794163
b/strided/h1,b,strided,h1,2,14,-0.0187227786,-0.000390410423
b/strided/h1,b,strided,h1,2,15,0.00498317325,0.00160849094
b/strided/h1,b,strided,h1,2,16,-0.00798119928,-0.0263761282
b/strided/h1,b,strided,h1,2,17,0.000731283362,0.00160849094
b/strided/h1,b,strided,h1,2,18,0.0123843802,0.00160849094
b/strided/h1,b,strided,h1,2,19,-0.0345977409,0.00460684299
b/strided/h1,b,strided,h1,2,20,0.0164283724,0.00860464573
b/strided/h1,b,strided,h1,2,21,-0.0268003284,-0.00838601589
b/strided/h1,b,strided,h1,2,22,-0.0620151381,-0.00338876247
b/strided/h1,b,strided,h1,2,23,0.00304700018,-0.00238931179
b/strided/h1,b,strided,h1,2,24,-0.00762798401,-0.00638711452
b/strided/h1,b,strided,h1,2,25,0.0159829692,0.00560629368
b/strided/h1,b,strided,h1,2,26,0.0144354157,0.00560629368
b/strided/h1,b,strided,h1,2,27,-0.0181501363,-0.00338876247
b/strided/h1,b,strided,h1,2,28,0.000938134763,-0.000390410423
b/strided/h1,b,strided,h1,2,29,0.0089948769,0.00060904026
b/strided/h1,b,strided,h1,2,30,0.0124515309,0.00160849094
b/strided/h1,b,strided,h1,2,31,0.000436781935,-0.00138986111
b/strided/h1,b,strided,h1,2,32,-5.73578e-05,-0.00138986111
b/strided/h1,b,strided,h1,2,33,0.00716830886,0.00160849094
b/strided/h1,b,strided,h1,2,34,0.0169592896,0.00560629368
b/strided/h1,b,strided,h1,2,35,0.00956515133,0.00360739231
b/strided/h1,b,strided,h1,2,36,-0.00701116628,0.00160849094
b/strided/h1,b,strided,h1,2,37,0.00999995464,0.00560629368
b/strided/h1,b,strided,h1,2,38,-0.00287765588,-0.00338876247
b/strided/h1,b,strided,h1,2,39,-0.0126900696,-0.00338876247
b/strided/h1,b,strided,h1,2,40,0.00435904649,0.00360739231
b/strided/h1,b,strided,h1,2,41,0.00347812989,-0.00738656521
b/strided/h1,b,strided,h1,2,42,0.0148384008,0.00960409641
b/strided/h1,b,strided,h1,2,43,-0.0234847115,-0.00438821316
b/strided/h1,b,strided,h1,2,44,0.00725719103,-0.000390410423
b/strided/h1,b,strided,h1,2,45,0.00677083389,-0.00138986111
b/strided/h1,b,strided,h1,2,46,0.0170608596,0.00960409641
b/strided/h1,b,strided,h1,2,47,0.00914491576,-0.00338876247
b/strided/h1,b,strided,h1,2,48,0.00791853297,-0.000390410423
b/strided/h1,b,strided,h1,2,49,0.0130084516,0.00060904026
b/strided/h1,b,strided,h1,2,50,0.0147225885,0.0106035471
b/strided/h1,b,strided,h1,2,51,0.00645725385,-0.00438821316
b/strided/h1,b,strided,h1,2,52,0.010791942,0.00160849094
b/strided/h1,b,strided,h1,2,53,0.00589712945,0.00460684299
b/strided/h1,b,strided,h1,2,54,-0.021771959,-0.000390410423
b/strided/h1,b,strided,h1,2,55,-0.0160714662,0.00060904026
b/strided/h1,b,strided,h1,2,56,0.0103565804,0.00360739231
b/strided/h1,b,strided,h1,2,57,0.000564777787,0.00260794163
b/strided/h1,b,strided,h1,2,58,0.00100516112,-0.00638711452
b/strided/h1,b,strided,h1,2,59,-0.00588212765,-0.00938546658
b/strided/h1,b,strided,h1,2,60,-0.000638304715,0.00060904026
b/strided/h1,b,strided,h1,2,61,0.01603289,0.00660574436
b/strided/h1,b,strided,h1,2,62,-0.00393406439,-0.00338876247
b/strided/h1,b,strided,h1,2,63,0.00960002982,0.00360739231
b/strided/h1,b,strided,h1,3,0,-0.00820242655,-0.00579369068
b/strided/h1,b,strided,h1,3,1,0.00589592527,-0.00379478931
b/strided/h1,b,strided,h1,3,2,-0.0641890338,0.00020301342
b/strided/h1,b,strided,h1,3,3,-0.0172001095,0.00220191479
b/strided/h1,b,strided,h1,3,4,-0.0063428231,-0.00379478931
b/strided/h1,b,strided,h1,3,5,0.00793686212,0.00020301342
b/strided/h1,b,strided,h1,3,6,0.00234012614,0.0012024641
b/strided/h1,b,strided,h1,3,7,0.0126271209,0.00220191479
b/strided/h1,b,strided,h1,3,8,-0.00854180539,-0.00479424
b/strided/h1,b,strided,h1,3,9,0.00646154285,-0.00179588795
b/strided/h1,b,strided,h1,3,10,0.00312348018,0.00220191479
b/strided/h1,b,strided,h1,3,11,0.00513787107,0.00320136547
b/strided/h1,b,strided,h1,3,12,0.0122925691,0.00420081615
b/strided/h1,b,strided,h1,3,13,-0.000962357917,-0.00179588795
b/strided/h1,b,strided,h1,3,14,0.00189285824,0.00520026684
b/strided/h1,b,strided,h1,3,15,-0.0184638304,0.00220191479
b/strided/h1,b,strided,h1,3,16,-0.0444854164,-0.00679314137
b/strided/h1,b,strided,h1,3,17,0.0129832577,0.00619971752
b/strided/h1,b,strided,h1,3,18,0.0148778735,0.00220191479
b/strided/h1,b,strided,h1,3,19,0.00245844159,-0.00379478931
b/strided/h1,b,strided,h1,3,20,0.0103920808,0.00420081615
b/strided/h1,b,strided,h1,3,21,-0.0120316126,-0.00779259205
b/strided/h1,b,strided,h1,3,22,0.00508898758,0.00020301342
b/strided/h1,b,strided,h1,3,23,0.00852649245,-0.00279533863
b/strided/h1,b,strided,h1,3,24,0.0128153682,0.00919806957
b/strided/h1,b,strided,h1,3,25,0.00806371803,0.00520026684
b/strided/h1,b,strided,h1,3,26,0.0143380371,0.00320136547
b/strided/h1,b,strided,h1,3,27,-0.00348917972,0.00020301342
b/strided/h1,b,strided,h1,3,28,-0.0146275125,-0.0117903948
b/strided/h1,b,strided,h1,3,29,0.01064732,0.00320136547
b/strided/h1,b,strided,h1,3,30,-0.0501796377,0.00420081615
b/strided/h1,b,strided,h1,3,31,0.00922626309,-0.000796437263
b/strided/h1,b,strided,h1,3,32,-0.00368507644,-0.00579369068
b/strided/h1,b,strided,h1,3,33,0.00188724655,0.00520026684
b/strided/h1,b,strided,h1,3,34,0.000698234006,-0.00179588795
b/strided/h1,b,strided,h1,3,35,0.0124642479,0.00520026684
b/strided/h1,b,strided,h1,3,36,-0.00811314461,0.0012024641
b/strided/h1,b,strided,h1,3,37,0.00672580051,-0.00179588795
b/strided/h1,b,strided,h1,3,38,0.0103041165,0.00020301342
b/strided/h1,b,strided,h1,3,39,0.00867305678,-0.00179588795
b/strided/h1,b,strided,h1,3,40,0.00719477544,-0.00179588795
b/strided/h1,b,strided,h1,3,41,0.00160780158,-0.00279533863
b/strided/h1,b,strided,h1,3,42,-0.00313139562,-0.00379478931
b/strided/h1,b,strided,h1,3,43,0.0129147734,0.00420081615
b/strided/h1,b,strided,h1,3,44,-0.00294653251,0.00020301342
b/strided/h1,b,strided,h1,3,45,-0.00841393945,-0.00579369068
b/strided/h1,b,strided,h1,3,46,2.05096367e-05,-0.00879204273
b/strided/h1,b,strided,h1,3,47,0.00391222076,0.00220191479
b/strided/h1,b,strided,h1,3,48,0.00550463521,0.00719916821
b/strided/h1,b,strided,h1,3,49,0.0144779215,0.00719916821
b/strided/h1,b,strided,h1,3,50,0.00301409704,-0.00279533863
b/strided/h1,b,strided,h1,3,51,-0.00853594876,-0.00279533863
b/strided/h1,b,strided,h1,3,52,0.000300007225,-0.00679314137
b/strided/h1,b,strided,h1,3,53,-0.0088162899,-0.00279533863
b/strided/h1,b,strided,h1,3,54,0.0086301894,0.00220191479
b/strided/h1,b,strided,h1,3,55,0.00852434785,0.0012024641
b/strided/h1,b,strided,h1,3,56,-0.0104936705,-0.000796437263
b/strided/h1,b,strided,h1,3,57,-0.0236406417,-0.000796437263
b/strided/h1,b,strided,h1,3,58,0.00935744406,-0.000796437263
b/strided/h1,b,strided,h1,3,59,-0.00283075748,0.00320136547
b/strided/h1,b,strided,h1,3,60,0.0148714618,0.00020301342
b/strided/h1,b,strided,h1,3,61,0.00908546481,-0.00179588795
b/strided/h1,b,strided,h1,3,62,0.0136548987,0.00819861889
b/strided/h1,b,strided,h1,3,63,0.00837369618,0.00020301342
b/strided/h1,b,strided,h1,4,0,0.0029107501,-0.00299835205
b/strided/h1,b,strided,h1,4,1,0.00240230316,0.00199890137
b/strided/h1,b,strided,h1,4,2,0.0119234045,0.00199890137
b/strided/h1,b,strided,h1,4,3,-0.00491458585,-0.0129928589
b/strided/h1,b,strided,h1,4,4,0.00204515399,0.000999450684
b/strided/h1,b,strided,h1,4,5,-0.0140056213,-0.00799560547
b/strided/h1,b,strided,h1,4,6,0.00503911136,0
b/strided/h1,b,strided,h1,4,7,-0.00312568282,-0.00199890137
b/strided/h1,b,strided,h1,4,8,0.00824188406,-0.00199890137
b/strided/h1,b,strided,h1,4,9,0.00730954029,0.00299835205
b/strided/h1,b,strided,h1,4,10,0.0128402623,-0.00199890137
b/strided/h1,b,strided,h1,4,11,0.00321146438,0.00399780273
b/strided/h1,b,strided,h1,4,12,0.00596068555,0.00399780273
b/strided/h1,b,strided,h1,4,13,0.0132550631,0.00499725342
b/strided/h1,b,strided,h1,4,14,-0.00454555487,-0.00299835205
b/strided/h1,b,strided,h1,4,15,0.00521082932,0.00399780273
b/strided/h1,b,strided,h1,4,16,-0.000303516048,-0.00499725342
b/strided/h1,b,strided,h1,4,17,0.00970010587,-0.000999450684
b/strided/h1,b,strided,h1,4,18,0.00390990137,0
b/strided/h1,b,strided,h1,4,19,0.014408002,0
b/strided/h1,b,strided,h1,4,20,-0.00991306396,-0.00199890137
b/strided/h1,b,strided,h1,4,21,0.00949302467,0.00199890137
b/strided/h1,b,strided,h1,4,22,-0.061216551,-0.00499725342
b/strided/h1,b,strided,h1,4,23,0.00922989601,0.000999450684
b/strided/h1,b,strided,h1,4,24,0.00684376119,-0.00199890137
b/strided/h1,b,strided,h1,4,25,0.0087299986,0.00199890137
b/strided/h1,b,strided,h1,4,26,0.0110512708,-0.00299835205
b/strided/h1,b,strided,h1,4,27,0.00808811525,-0.00199890137
b/strided/h1,b,strided,h1,4,28,0.0107919822,0.00799560547
b/strided/h1,b,strided,h1,4,29,0.00558697328,-0.000999450684
b/strided/h1,b,strided,h1,4,30,0.0129333982,0.00199890137
b/strided/h1,b,strided,h1,4,31,-0.0113352375,-0.00399780273
b/strided/h1,b,strided,h1,4,32,-0.00157154014,0.000999450684
b/strided/h1,b,strided,h1,4,33,-0.130022399,0.00399780273
b/strided/h1,b,strided,h1,4,34,0.0104634982,0.00499725342
b/strided/h1,b,strided,h1,4,35,-0.00581908284,0
b/strided/h1,b,strided,h1,4,36,0.0148636416,0.00899505615
b/strided/h1,b,strided,h1,4,37,0.00266064948,-0.00199890137
b/strided/h1,b,strided,h1,4,38,-0.000624366454,-0.00799560547
b/strided/h1,b,strided,h1,4,39,0.00540162215,0.00799560547
b/strided/h1,b,strided,h1,4,40,0.00393577421,-0.00199890137
b/strided/h1,b,strided,h1,4,41,0.0101742292,0.00399780273
b/strided/h1,b,strided,h1,4,42,0.00410143717,-0.00799560547
b/strided/h1,b,strided,h1,4,43,0.0139929078,0.00299835205
b/strided/h1,b,strided,h1,4,44,0.0142433132,0.00799560547
b/strided/h1,b,strided,h1,4,45,-0.0197165426,-0.00199890137
b/strided/h1,b,strided,h1,4,46,-0.120623992,-0.000999450684
b/strided/h1,b,strided,h1,4,47,-0.00407685002,0.000999450684
b/strided/h1,b,strided,h1,4,48,0.0139599858,0
b/strided/h1,b,strided,h1,4,49,0.00465762743,0.0059967041
b/strided/h1,b,strided,h1,4,50,0.00391336309,-0.00499725342
b/strided/h1,b,strided,h1,4,51,0.000141306897,-0.00399780273
b/strided/h1,b,strided,h1,4,52,0.0101432885,-0.00199890137
b/strided/h1,b,strided,h1,4,53,0.00871372188,-0.00299835205
b/strided/h1,b,strided,h1,4,54,0.0121737778,-0.00299835205
b/strided/h1,b,strided,h1,4,55,0.0145390105,0.00199890137
b/strided/h1,b,strided,h1,4,56,0.00737765024,0.00399780273
b/strided/h1,b,strided,h1,4,57,0.00791749696,0.00699615479
b/strided/h1,b,strided,h1,4,58,-0.00466541981,0
b/strided/h1,b,strided,h1,4,59,0.0104208315,-0.00199890137
b/strided/h1,b,strided,h1,4,60,0.0102575308,-0.000999450684
b/strided/h1,b,strided,h1,4,61,0.00563356152,0
b/strided/h1,b,strided,h1,4,62,0.00842598954,0.00499725342
b/strided/h1,b,strided,h1,4,63,0.00725090934,-0.0059967041
b/strided/h1,b,strided,h1,5,0,0.0132240236,0.0050753355
b/strided/h1,b,strided,h1,5,1,0.0136073914,0.00207698345
b/strided/h1,b,strided,h1,5,2,0.00934334358,7.80820847e-05
b/strided/h1,b,strided,h1,5,3,0.00794984845,7.80820847e-05
b/strided/h1,b,strided,h1,5,4,0.00783053159,-0.00491917133
b/strided/h1,b,strided,h1,5,5,0.0106229519,-0.000921368599
b/strided/h1,b,strided,h1,5,6,0.00514831932,0.00107753277
b/strided/h1,b,strided,h1,5,7,0.00768924297,0.00207698345
b/strided/h1,b,strided,h1,5,8,-0.00768803361,7.80820847e-05
b/strided/h1,b,strided,h1,5,9,0.00923503262,-0.00192081928
b/strided/h1,b,strided,h1,5,10,0.00359380457,0.00407588482
b/strided/h1,b,strided,h1,5,11,0.00837481839,0.00107753277
b/strided/h1,b,strided,h1,5,12,0.00883006982,0.00407588482
b/strided/h1,b,strided,h1,5,13,-0.0399459752,-0.00192081928
b/strided/h1,b,strided,h1,5,14,0.00508657263,-0.00292026997
b/strided/h1,b,strided,h1,5,15,-0.00194797034,-0.00292026997
b/strided/h1,b,strided,h1,5,16,0.0116271486,0.00107753277
b/strided/h1,b,strided,h1,5,17,0.0132311811,-0.000921368599
b/strided/h1,b,strided,h1,5,18,0.000383468832,-0.00391972065
b/strided/h1,b,strided,h1,5,19,0.0109750645,-0.00292026997
b/strided/h1,b,strided,h1,5,20,0.00129872493,-0.00292026997
b/strided/h1,b,strided,h1,5,21,0.00998564695,0.00107753277
b/strided/h1,b,strided,h1,5,22,-0.000770841005,0.00307643414
b/strided/h1,b,strided,h1,5,23,0.00798991441,0.00307643414
b/strided/h1,b,strided,h1,5,24,0.0110284321,0.0050753355
b/strided/h1,b,strided,h1,5,25,-0.0024211949,7.80820847e-05
b/strided/h1,b,strided,h1,5,26,0.00789191041,-0.0069180727
b/strided/h1,b,strided,h1,5,27,0.00406840702,-0.00192081928
b/strided/h1,b,strided,h1,5,28,0.0102345215,0.00107753277
b/strided/h1,b,strided,h1,5,29,0.00447332791,-0.00192081928
b/strided/h1,b,strided,h1,5,30,0.0104654187,-0.00591862202
b/strided/h1,b,strided,h1,5,31,0.0135571554,-0.00192081928
b/strided/h1,b,strided,h1,5,32,0.0129691547,-0.00591862202
b/strided/h1,b,strided,h1,5,33,-0.0928239983,7.80820847e-05
b/strided/h1,b,strided,h1,5,34,0.0105911128,0.00307643414
b/strided/h1,b,strided,h1,5,35,0.0143752515,0.00207698345
b/strided/h1,b,strided,h1,5,36,0.00650370007,-0.00192081928
b/strided/h1,b,strided,h1,5,37,0.0129070592,0.00707423687
b/strided/h1,b,strided,h1,5,38,0.0120437739,-0.00192081928
b/strided/h1,b,strided,h1,5,39,0.0120218781,-0.00292026997
b/strided/h1,b,strided,h1,5,40,0.00755628457,0.0050753355
b/strided/h1,b,strided,h1,5,41,0.0134006103,0.00307643414
b/strided/h1,b,strided,h1,5,42,0.0123757215,0.00307643414
b/strided/h1,b,strided,h1,5,43,0.00205027663,0.00107753277
b/strided/h1,b,strided,h1,5,44,0.012234621,-0.00192081928
b/strided/h1,b,strided,h1,5,45,0.0082267055,-0.000921368599
b/strided/h1,b,strided,h1,5,46,0.00866509813,0.00107753277
b/strided/h1,b,strided,h1,5,47,-0.00145552422,7.80820847e-05
b/strided/h1,b,strided,h1,5,48,0.00534601908,-0.00292026997
b/strided/h1,b,strided,h1,5,49,0.00627545153,-0.00891697407
b/strided/h1,b,strided,h1,5,50,0.000972933856,-0.00292026997
b/strided/h1,b,strided,h1,5,51,0.013656108,0.00107753277
b/strided/h1,b,strided,h1,5,52,0.0123605,0.00207698345
b/strided/h1,b,strided,h1,5,53,0.0109778831,0.00207698345
b/strided/h1,b,strided,h1,5,54,0.00675894904,-0.000921368599
b/strided/h1,b,strided,h1,5,55,0.0098358996,0.00307643414
b/strided/h1,b,strided,h1,5,56,0.0128905566,-0.00791752338
b/strided/h1,b,strided,h1,5,57,-0.0189344941,0.00407588482
b/strided/h1,b,strided,h1,5,58,0.00550006123,-0.00491917133
b/strided/h1,b,strided,h1,5,59,0.0097266834,-0.00192081928
b/strided/h1,b,strided,h1,5,60,-0.00836302734,0.00407588482
b/strided/h1,b,strided,h1,5,61,0.00275262378,0.00407588482
b/strided/h1,b,strided,h1,5,62,-0.308850165,0.00607478619
b/strided/h1,b,strided,h1,5,63,0.0124800334,0.00407588482
b/strided/h1,b,strided,h1,6,0,0.00659648244,0.00357615948
b/strided/h1,b,strided,h1,6,1,0.0111834193,-0.0114156008
b/strided/h1,b,strided,h1,6,2,0.00452845179,-0.00441944599
b/strided/h1,b,strided,h1,6,3,0.00655707631,-0.00441944599
b/strided/h1,b,strided,h1,6,4,0.00738441765,-0.00341999531
b/strided/h1,b,strided,h1,6,5,0.00672474045,0.000577807426
b/strided/h1,b,strided,h1,6,6,0.00835713309,0.000577807426
b/strided/h1,b,strided,h1,6,7,0.00729834762,0.00457561016
b/strided/h1,b,strided,h1,6,8,0.00511926234,0.00357615948
b/strided/h1,b,strided,h1,6,9,0.00495236351,0.00257670879
b/strided/h1,b,strided,h1,6,10,0.0119896488,0.00757396221
b/strided/h1,b,strided,h1,6,11,-0.0531072886,-0.00741779804
b/strided/h1,b,strided,h1,6,12,0.00600091282,0.00357615948
b/strided/h1,b,strided,h1,6,13,0.0100367594,0.000577807426
b/strided/h1,b,strided,h1,6,14,0.00737863787,-0.000421643257
b/strided/h1,b,strided,h1,6,15,0.00575611469,0.00257670879
b/strided/h1,b,strided,h1,6,16,0.00997384645,0.00157725811
b/strided/h1,b,strided,h1,6,17,0.00825142309,-0.000421643257
b/strided/h1,b,strided,h1,6,18,0.005985302,-0.00641834736
b/strided/h1,b,strided,h1,6,19,-0.00165237199,0.000577807426
b/strided/h1,b,strided,h1,6,20,0.00997495007,0.00157725811
b/strided/h1,b,strided,h1,6,21,-0.0483698369,-0.000421643257
b/strided/h1,b,strided,h1,6,22,-0.0119379611,-0.00242054462
b/strided/h1,b,strided,h1,6,23,-0.0130752415,0.00357615948
b/strided/h1,b,strided,h1,6,24,-0.000537724856,-0.000421643257
b/strided/h1,b,strided,h1,6,25,0.0051714341,-0.000421643257
b/strided/h1,b,strided,h1,6,26,0.00300523088,0.00357615948
b/strided/h1,b,strided,h1,6,27,0.00331385255,-0.00741779804
b/strided/h1,b,strided,h1,6,28,0.00902425715,0.00157725811
b/strided/h1,b,strided,h1,6,29,0.0122927083,0.00357615948
b/strided/h1,b,strided,h1,6,30,0.00452000562,-0.00341999531
b/strided/h1,b,strided,h1,6,31,0.00694964182,0.00157725811
b/strided/h1,b,strided,h1,6,32,0.00936068788,-0.00142109394
b/strided/h1,b,strided,h1,6,33,0.00487302065,0.000577807426
b/strided/h1,b,strided,h1,6,34,0.00538970258,-0.00142109394
b/strided/h1,b,strided,h1,6,35,0.00843548969,-0.00242054462
b/strided/h1,b,strided,h1,6,36,0.00498982527,-0.00242054462
b/strided/h1,b,strided,h1,6,37,-0.0346327607,0.00157725811
b/strided/h1,b,strided,h1,6,38,0.00768926747,0.00257670879
b/strided/h1,b,strided,h1,6,39,0.011318137,0.00257670879
b/strided/h1,b,strided,h1,6,40,0.00179349732,0.00157725811
b/strided/h1,b,strided,h1,6,41,-0.00182071693,-0.000421643257
b/strided/h1,b,strided,h1,6,42,-0.0126806327,-0.00242054462
b/strided/h1,b,strided,h1,6,43,0.00668915089,0.00257670879
b/strided/h1,b,strided,h1,6,44,0.00517787419,-0.00242054462
b/strided/h1,b,strided,h1,6,45,0.000739166589,0.000577807426
b/strided/h1,b,strided,h1,6,46,0.0116097702,-0.00341999531
b/strided/h1,b,strided,h1,6,47,-0.00308762274,0.00357615948
b/strided/h1,b,strided,h1,6,48,0.00391060215,-0.00242054462
b/strided/h1,b,strided,h1,6,49,0.000393899234,0.00557506084
b/strided/h1,b,strided,h1,6,50,0.00555694577,0.00357615948
b/strided/h1,b,strided,h1,6,51,0.00554818761,-0.00242054462
b/strided/h1,b,strided,h1,6,52,-0.00104572337,-0.000421643257
b/strided/h1,b,strided,h1,6,53,-0.070120477,-0.00341999531
b/strided/h1,b,strided,h1,6,54,0.00723819629,0.00257670879
b/strided/h1,b,strided,h1,6,55,0.00236018475,-0.00541889668
b/strided/h1,b,strided,h1,6,56,0.00901817072,0.00457561016
b/strided/h1,b,strided,h1,6,57,0.00417907637,0.00157725811
b/strided/h1,b,strided,h1,6,58,0.0057045399,-0.00142109394
b/strided/h1,b,strided,h1,6,59,-0.0538007151,-0.00541889668
b/strided/h1,b,strided,h1,6,60,0.01068006,0.0085734129
b/strided/h1,b,strided,h1,6,61,0.011783955,0.00157725811
b/strided/h1,b,strided,h1,6,62,-0.0343281179,0.000577807426
b/strided/h1,b,strided,h1,6,63,0.00743136376,-0.00142109394
b/strided/h1,b,strided,h1,7,0,0.00943020294,0.00788629055
b/strided/h1,b,strided,h1,7,1,0.00252375594,-0.00510656834
b/strided/h1,b,strided,h1,7,2,0.00791972811,0.0048879385
b/strided/h1,b,strided,h1,7,3,0.00325507513,-0.0071054697
b/strided/h1,b,strided,h1,7,4,-0.00254593435,-0.00310766697
b/strided/h1,b,strided,h1,7,5,-0.0933739352,0.0048879385
b/strided/h1,b,strided,h1,7,6,-0.016793702,0.00188958645
b/strided/h1,b,strided,h1,7,7,0.00146433088,-0.00510656834
b/strided/h1,b,strided,h1,7,8,0.00681842776,-0.0011087656
b/strided/h1,b,strided,h1,7,9,0.0022582715,0.00288903713
b/strided/h1,b,strided,h1,7,10,0.005426399,0.00588738918
b/strided/h1,b,strided,h1,7,11,-0.00455350284,0.0048879385
b/strided/h1,b,strided,h1,7,12,0.00675372621,0.00288903713
b/strided/h1,b,strided,h1,7,13,0.0110628892,0.00188958645
b/strided/h1,b,strided,h1,7,14,-0.00268936012,-0.0011087656
b/strided/h1,b,strided,h1,7,15,0.00785385799,0.00188958645
b/strided/h1,b,strided,h1,7,16,0.0043084892,-0.00610601902
b/strided/h1,b,strided,h1,7,17,-0.0125459318,-0.00210821629
b/strided/h1,b,strided,h1,7,18,-0.0016962911,-0.00510656834
b/strided/h1,b,strided,h1,7,19,0.00703153322,0.0048879385
b/strided/h1,b,strided,h1,7,20,0.0054856218,-0.000109314919
b/strided/h1,b,strided,h1,7,21,0.0106787032,0.00188958645
b/strided/h1,b,strided,h1,7,22,0.00157163414,-0.00810492039
b/strided/h1,b,strided,h1,7,23,0.0104480612,0.00288903713
b/strided/h1,b,strided,h1,7,24,0.00887642457,-0.0071054697
b/strided/h1,b,strided,h1,7,25,-0.000292620338,-0.0011087656
b/strided/h1,b,strided,h1,7,26,0.00970667163,0.00288903713
b/strided/h1,b,strided,h1,7,27,0.00433076667,0.00188958645
b/strided/h1,b,strided,h1,7,28,-0.0117151984,-0.0071054697
b/strided/h1,b,strided,h1,7,29,0.00732312962,-0.00410711765
b/strided/h1,b,strided,h1,7,30,0.00143960822,-0.000109314919
b/strided/h1,b,strided,h1,7,31,0.00504745967,-0.0071054697
b/strided/h1,b,strided,h1,7,32,-0.000506179589,-0.00610601902
b/strided/h1,b,strided,h1,7,33,-2.76588326e-05,-0.0011087656
b/strided/h1,b,strided,h1,7,34,0.00499252351,-0.00510656834
b/strided/h1,b,strided,h1,7,35,0.00937403045,0.00588738918
b/strided/h1,b,strided,h1,7,36,-0.00224805455,-0.0011087656
b/strided/h1,b,strided,h1,7,37,0.00759404321,0.0048879385
b/strided/h1,b,strided,h1,7,38,0.00752428389,0.00388848782
b/strided/h1,b,strided,h1,7,39,0.00780244247,0.00288903713
b/strided/h1,b,strided,h1,7,40,0.00958440807,0.00188958645
b/strided/h1,b,strided,h1,7,41,0.00748590059,-0.00210821629
b/strided/h1,b,strided,h1,7,42,0.011703417,0.0048879385
b/strided/h1,b,strided,h1,7,43,0.00842834316,0.00388848782
b/strided/h1,b,strided,h1,7,44,0.00264362484,-0.00310766697
b/strided/h1,b,strided,h1,7,45,-0.0576997695,-0.00210821629
b/strided/h1,b,strided,h1,7,46,0.01325227,0.00188958645
b/strided/h1,b,strided,h1,7,47,0.010889248,-0.00510656834
b/strided/h1,b,strided,h1,7,48,0.00219624518,0.000890135765
b/strided/h1,b,strided,h1,7,49,-0.0127989447,0.000890135765
b/strided/h1,b,strided,h1,7,50,0.00115530501,-0.000109314919
b/strided/h1,b,strided,h1,7,51,0.0097398514,0.00588738918
b/strided/h1,b,strided,h1,7,52,0.0109633995,0.000890135765
b/strided/h1,b,strided,h1,7,53,0.00150762457,-0.00410711765
b/strided/h1,b,strided,h1,7,54,0.0078194412,0.00188958645
b/strided/h1,b,strided,h1,7,55,0.00545602879,0.00588738918
b/strided/h1,b,strided,h1,7,56,-0.00244769984,0.000890135765
b/strided/h1,b,strided,h1,7,57,-0.0152760467,-0.000109314919
b/strided/h1,b,strided,h1,7,58,-0.0287065214,-0.000109314919
b/strided/h1,b,strided,h1,7,59,-0.000666616201,0.0048879385
b/strided/h1,b,strided,h1,7,60,0.00325930869,-0.00410711765
b/strided/h1,b,strided,h1,7,61,0.0108874019,0.00388848782
b/strided/h1,b,strided,h1,7,62,0.0110018773,0.000890135765
b/strided/h1,b,strided,h1,7,63,-0.0396918193,-0.00610601902
b/strided/h1,b,strided,h1,8,0,0.0129638745,-0.00409150124
b/strided/h1,b,strided,h1,8,1,0.00282037052,-0.00309205055
b/strided/h1,b,strided,h1,8,2,0.0119782409,-0.00409150124
b/strided/h1,b,strided,h1,8,3,-0.000788826695,-0.0170843601
b/strided/h1,b,strided,h1,8,4,0.00998948262,-0.0130865574
b/strided/h1,b,strided,h1,8,5,0.00877109942,-0.00409150124
b/strided/h1,b,strided,h1,8,6,0.0183651385,0.00890135765
b/strided/h1,b,strided,h1,8,7,0.00515166976,-0.00509095192
b/strided/h1,b,strided,h1,8,8,0.0043105048,-0.00109314919
b/strided/h1,b,strided,h1,8,9,0.01097101,0.0059030056
b/strided/h1,b,strided,h1,8,10,0.0113753521,0.00790190697
b/strided/h1,b,strided,h1,8,11,0.0066228968,0.0059030056
b/strided/h1,b,strided,h1,8,12,0.00282548907,0.000905752182
b/strided/h1,b,strided,h1,8,13,0.0166520709,0.00190520287
b/strided/h1,b,strided,h1,8,14,0.0115688506,0.00890135765
b/strided/h1,b,strided,h1,8,15,0.00347714618,0.00290465355
b/strided/h1,b,strided,h1,8,16,0.0125433479,-0.00109314919
b/strided/h1,b,strided,h1,8,17,0.0137419089,-0.00409150124
b/strided/h1,b,strided,h1,8,18,-0.372124972,0.00190520287
b/strided/h1,b,strided,h1,8,19,0.0105335245,0.00490355492
b/strided/h1,b,strided,h1,8,20,0.012119008,-0.0060904026
b/strided/h1,b,strided,h1,8,21,0.0118794411,0.00190520287
b/strided/h1,b,strided,h1,8,22,0.00865180258,-0.0060904026
b/strided/h1,b,strided,h1,8,23,0.00908647132,0.00190520287
b/strided/h1,b,strided,h1,8,24,0.0148489399,-0.00509095192
b/strided/h1,b,strided,h1,8,25,-0.00277363715,-0.00708985329
b/strided/h1,b,strided,h1,8,26,0.0138353634,0.00490355492
b/strided/h1,b,strided,h1,8,27,0.00969380586,-0.00309205055
b/strided/h1,b,strided,h1,8,28,0.0161259806,0.00690245628
b/strided/h1,b,strided,h1,8,29,0.0131629703,0.0059030056
b/strided/h1,b,strided,h1,8,30,0.0141270252,0.00690245628
b/strided/h1,b,strided,h1,8,31,0.0120314595,-0.011087656
b/strided/h1,b,strided,h1,8,32,0.012308602,0.0059030056
b/strided/h1,b,strided,h1,8,33,0.00634608351,-0.0060904026
b/strided/h1,b,strided,h1,8,34,0.00926627688,-9.36985016e-05
b/strided/h1,b,strided,h1,8,35,0.00929420608,-0.00309205055
b/strided/h1,b,strided,h1,8,36,0.00430452291,-0.00209259987
b/strided/h1,b,strided,h1,8,37,0.0110885592,0.000905752182
b/strided/h1,b,strided,h1,8,38,-0.0330600312,0.000905752182
b/strided/h1,b,strided,h1,8,39,0.010830039,0.0059030056
b/strided/h1,b,strided,h1,8,40,0.0159077419,0.0059030056
b/strided/h1,b,strided,h1,8,41,0.0142716572,0.00290465355
b/strided/h1,b,strided,h1,8,42,0.0113572448,-0.00509095192
b/strided/h1,b,strided,h1,8,43,0.00791938955,-9.36985016e-05
b/strided/h1,b,strided,h1,8,44,0.0148294566,-9.36985016e-05
b/strided/h1,b,strided,h1,8,45,0.00584568156,-0.00309205055
b/strided/h1,b,strided,h1,8,46,0.0130998895,-0.00309205055
b/strided/h1,b,strided,h1,8,47,0.0162854644,-9.36985016e-05
b/strided/h1,b,strided,h1,8,48,-0.167171573,0.00490355492
b/strided/h1,b,strided,h1,8,49,0.00452337673,-0.00109314919
b/strided/h1,b,strided,h1,8,50,0.0142036088,-0.00808930397
b/strided/h1,b,strided,h1,8,51,0.00411948402,0.000905752182
b/strided/h1,b,strided,h1,8,52,0.00306074488,0.000905752182
b/strided/h1,b,strided,h1,8,53,0.0105296176,-0.00409150124
b/strided/h1,b,strided,h1,8,54,0.00808189231,-9.36985016e-05
b/strided/h1,b,strided,h1,8,55,0.0142903116,0.00990080833
b/strided/h1,b,strided,h1,8,56,0.0144888324,0.000905752182
b/strided/h1,b,strided,h1,8,57,0.012572279,0.00790190697
b/strided/h1,b,strided,h1,8,58,-0.0337509161,0.00190520287
b/strided/h1,b,strided,h1,8,59,0.00462124197,-0.00209259987
b/strided/h1,b,strided,h1,8,60,0.00863384179,0.0059030056
b/strided/h1,b,strided,h1,8,61,0.011793019,-0.00808930397
b/strided/h1,b,strided,h1,8,62,0.0125863606,0.00790190697
b/strided/h1,b,strided,h1,8,63,0.0129862845,-9.36985016e-05
b/strided/h1,b,strided,h1,9,0,-0.00118786477,0.00156164169
b/strided/h1,b,strided,h1,9,1,0.0051203821,-0.00743341446
b/strided/h1,b,strided,h1,9,2,0.00758301645,0.00356054306
b/strided/h1,b,strided,h1,9,3,0.00945880349,-0.00643396378
b/strided/h1,b,strided,h1,9,4,0.00622955795,-0.00343561172
b/strided/h1,b,strided,h1,9,5,0.00678945511,0.00356054306
b/strided/h1,b,strided,h1,9,6,-0.00932210645,-0.0104317665
b/strided/h1,b,strided,h1,9,7,-0.0513050129,0.00955724716
b/strided/h1,b,strided,h1,9,8,0.00497572209,-0.0124306679
b/strided/h1,b,strided,h1,9,9,0.00256536101,-0.00643396378
b/strided/h1,b,strided,h1,9,10,0.00755906376,-0.00343561172
b/strided/h1,b,strided,h1,9,11,0.00620224226,0.00555944443
b/strided/h1,b,strided,h1,9,12,0.00561547644,-0.000437259674
b/strided/h1,b,strided,h1,9,13,-0.0118147932,0.00256109238
b/strided/h1,b,strided,h1,9,14,0.0107713835,-0.00443506241
b/strided/h1,b,strided,h1,9,15,0.00492946237,0.00256109238
b/strided/h1,b,strided,h1,9,16,-0.013309314,0.00655889511
b/strided/h1,b,strided,h1,9,17,0.0118105429,0.0115561485
b/strided/h1,b,strided,h1,9,18,0.00762162396,-0.00443506241
b/strided/h1,b,strided,h1,9,19,0.00182916495,-0.021425724
b/strided/h1,b,strided,h1,9,20,0.00821186128,-0.000437259674
b/strided/h1,b,strided,h1,9,21,0.00783772759,0.00755834579
b/strided/h1,b,strided,h1,9,22,0.00369168158,-0.00243616104
b/strided/h1,b,strided,h1,9,23,0.00422159109,0.00056219101
b/strided/h1,b,strided,h1,9,24,0.0116446586,0.00955724716
b/strided/h1,b,strided,h1,9,25,0.00845287639,-0.00843286514
b/strided/h1,b,strided,h1,9,26,0.00909655021,0.00555944443
b/strided/h1,b,strided,h1,9,27,0.0086229629,0.00955724716
b/strided/h1,b,strided,h1,9,28,-0.058140006,0.00256109238
b/strided/h1,b,strided,h1,9,29,0.00921414924,-0.000437259674
b/strided/h1,b,strided,h1,9,30,-0.0178078921,0.00356054306
b/strided/h1,b,strided,h1,9,31,0.00130255792,0.00356054306
b/strided/h1,b,strided,h1,9,32,0.00803181149,0.00256109238
b/strided/h1,b,strided,h1,9,33,-0.00192645573,-0.00443506241
b/strided/h1,b,strided,h1,9,34,0.0113026629,-0.00643396378
b/strided/h1,b,strided,h1,9,35,0.00982691992,-0.000437259674
b/strided/h1,b,strided,h1,9,36,0.00291020322,-0.00443506241
b/strided/h1,b,strided,h1,9,37,0.00867711279,0.00455999374
b/strided/h1,b,strided,h1,9,38,0.00625810485,0.00156164169
b/strided/h1,b,strided,h1,9,39,0.00329888977,0.00156164169
b/strided/h1,b,strided,h1,9,40,0.00763271927,-0.00243616104
b/strided/h1,b,strided,h1,9,41,-0.00500527451,0.00555944443
b/strided/h1,b,strided,h1,9,42,0.00165509192,0.00455999374
b/strided/h1,b,strided,h1,9,43,0.0052883126,-0.00643396378
b/strided/h1,b,strided,h1,9,44,0.00642041202,0.00256109238
b/strided/h1,b,strided,h1,9,45,0.00712963372,0.00156164169
b/strided/h1,b,strided,h1,9,46,0.00653934284,0.00256109238
b/strided/h1,b,strided,h1,9,47,-0.0411367128,0.00056219101
b/strided/h1,b,strided,h1,9,48,0.00930455133,-0.00343561172
b/strided/h1,b,strided,h1,9,49,0.00758307559,-0.000437259674
b/strided/h1,b,strided,h1,9,50,-0.00929757868,-0.0144295692
b/strided/h1,b,strided,h1,9,51,0.000606222929,0.00655889511
b/strided/h1,b,strided,h1,9,52,0.00769109364,-0.00943231583
b/strided/h1,b,strided,h1,9,53,0.00749718576,0.00455999374
b/strided/h1,b,strided,h1,9,54,0.00991529311,-0.00343561172
b/strided/h1,b,strided,h1,9,55,0.00727169254,-0.00243616104
b/strided/h1,b,strided,h1,9,56,0.0112342852,0.00855779648
b/strided/h1,b,strided,h1,9,57,0.00408496933,0.00655889511
b/strided/h1,b,strided,h1,9,58,-0.0163581661,-0.00743341446
b/strided/h1,b,strided,h1,9,59,0.00594779515,0.00156164169
b/strided/h1,b,strided,h1,9,60,-0.0333645317,0.00356054306
b/strided/h1,b,strided,h1,9,61,0.010133353,0.00156164169
b/strided/h1,b,strided,h1,9,62,-0.0554446663,0.00056219101
b/strided/h1,b,strided,h1,9,63,-0.0121782348,0.00755834579
b/strided/h2,b,strided,h2,2,0,0.0105686073,0.00360739231
b/strided/h2,b,strided,h2,2,1,-0.0203747943,-0.00738656521
b/strided/h2,b,strided,h2,2,2,-0.00820558873,-0.00138986111
b/strided/h2,b,strided,h2,2,3,-0.000702063837,0.00160849094
b/strided/h2,b,strided,h2,2,4,-0.00755354744,-0.00738656521
b/strided/h2,b,strided,h2,2,5,0.0127397889,0.00460684299
b/strided/h2,b,strided,h2,2,6,0.00755959022,-0.00438821316
b/strided/h2,b,strided,h2,2,7,-0.00295711291,-0.00638711452
b/strided/h2,b,strided,h2,2,8,0.0129581505,0.00760519505
b/strided/h2,b,strided,h2,2,9,0.00795299578,0.00160849094
b/strided/h2,b,strided,h2,2,10,0.0125338325,0.00660574436
b/strided/h2,b,strided,h2,2,11,0.000851744036,-0.00138986111
b/strided/h2,b,strided,h2,2,12,0.00356230204,-0.00538766384
b/strided/h2,b,strided,h2,2,13,0.00749490056,0.00260794163
b/strided/h2,b,strided,h2,2,14,0.00194860687,-0.000390410423
b/strided/h2,b,strided,h2,2,15,-0.00151158851,0.00160849094
b/strided/h2,b,strided,h2,2,16,-0.105797197,-0.0263761282
b/strided/h2,b,strided,h2,2,17,0.00171645283,0.00160849094
b/strided/h2,b,strided,h2,2,18,0.00346145052,0.00160849094
b/strided/h2,b,strided,h2,2,19,0.00207978133,0.00460684299
b/strided/h2,b,strided,h2,2,20,0.0084061685,0.00860464573
b/strided/h2,b,strided,h2,2,21,-0.00530216126,-0.00838601589
b/strided/h2,b,strided,h2,2,22,-0.00664893613,-0.00338876247
b/strided/h2,b,strided,h2,2,23,0.00103907957,-0.00238931179
b/strided/h2,b,strided,h2,2,24,-0.00466104253,-0.00638711452
b/strided/h2,b,strided,h2,2,25,0.0135818312,0.00560629368
b/strided/h2,b,strided,h2,2,26,0.0096243212,0.00560629368
b/strided/h2,b,strided,h2,2,27,-0.00018474814,-0.00338876247
b/strided/h2,b,strided,h2,2,28,0.00317382086,-0.000390410423
b/strided/h2,b,strided,h2,2,29,-0.00639419612,0.00060904026
b/strided/h2,b,strided,h2,2,30,0.0080170135,0.00160849094
b/strided/h2,b,strided,h2,2,31,-0.00810642522,-0.00138986111
b/strided/h2,b,strided,h2,2,32,0.00847072126,-0.00138986111
b/strided/h2,b,strided,h2,2,33,0.00400655642,0.00160849094
b/strided/h2,b,strided,h2,2,34,0.013758802,0.00560629368
b/strided/h2,b,strided,h2,2,35,0.00541952457,0.00360739231
b/strided/h2,b,strided,h2,2,36,-0.000172565044,0.00160849094
b/strided/h2,b,strided,h2,2,37,0.00895563578,0.00560629368
b/strided/h2,b,strided,h2,2,38,0.00364959072,-0.00338876247
b/strided/h2,b,strided,h2,2,39,0.0103651022,-0.00338876247
b/strided/h2,b,strided,h2,2,40,0.00463128481,0.00360739231
b/strided/h2,b,strided,h2,2,41,-0.0255669363,-0.00738656521
b/strided/h2,b,strided,h2,2,42,0.0165902243,0.00960409641
b/strided/h2,b,strided,h2,2,43,-0.00696211663,-0.00438821316
b/strided/h2,b,strided,h2,2,44,-0.00908118049,-0.000390410423
b/strided/h2,b,strided,h2,2,45,0.00398840215,-0.00138986111
b/strided/h2,b,strided,h2,2,46,0.0185733449,0.00960409641
b/strided/h2,b,strided,h2,2,47,-0.0108780496,-0.00338876247
b/strided/h2,b,strided,h2,2,48,0.00226691942,-0.000390410423
b/strided/h2,b,strided,h2,2,49,7.01292374e-05,0.00060904026
b/strided/h2,b,strided,h2,2,50,0.0173402696,0.0106035471
b/strided/h2,b,strided,h2,2,51,-0.0170032045,-0.00438821316
b/strided/h2,b,strided,h2,2,52,0.00297110127,0.00160849094
b/strided/h2,b,strided,h2,2,53,0.00810920652,0.00460684299
b/strided/h2,b,strided,h2,2,54,0.00109674427,-0.000390410423
b/strided/h2,b,strided,h2,2,55,-0.0023184361,0.00060904026
b/strided/h2,b,strided,h2,2,56,0.0147879819,0.00360739231
b/strided/h2,b,strided,h2,2,57,0.000726390812,0.00260794163
b/strided/h2,b,strided,h2,2,58,-0.00696552108,-0.00638711452
b/strided/h2,b,strided,h2,2,59,-0.0218339197,-0.00938546658
b/strided/h2,b,strided,h2,2,60,0.00652183611,0.00060904026
b/strided/h2,b,strided,h2,2,61,0.00614527538,0.00660574436
b/strided/h2,b,strided,h2,2,62,-0.00929894653,-0.00338876247
b/strided/h2,b,strided,h2,2,63,0.000764796692,0.00360739231
b/strided/h2,b,strided,h2,3,0,-0.00037699418,-0.00579369068
b/strided/h2,b,strided,h2,3,1,-0.0124072055,-0.00379478931
b/strided/h2,b,strided,h2,3,2,-0.00317551048,0.00020301342
b/strided/h2,b,strided,h2,3,3,0.0109582269,0.00220191479
b/strided/h2,b,strided,h2,3,4,-0.00611338384,-0.00379478931
b/strided/h2,b,strided,h2,3,5,0.00394151973,0.00020301342
b/strided/h2,b,strided,h2,3,6,-0.00146861134,0.0012024641
b/strided/h2,b,strided,h2,3,7,0.00868410485,0.00220191479
b/strided/h2,b,strided,h2,3,8,-0.0016524153,-0.00479424
b/strided/h2,b,strided,h2,3,9,0.000133603422,-0.00179588795
b/strided/h2,b,strided,h2,3,10,0.0103247274,0.00220191479
b/strided/h2,b,strided,h2,3,11,0.0090556681,0.00320136547
b/strided/h2,b,strided,h2,3,12,0.0103173261,0.00420081615
b/strided/h2,b,strided,h2,3,13,0.000598369708,-0.00179588795
b/strided/h2,b,strided,h2,3,14,0.00784201229,0.00520026684
b/strided/h2,b,strided,h2,3,15,0.001322229,0.00220191479
b/strided/h2,b,strided,h2,3,16,-0.0025790496,-0.00679314137
b/strided/h2,b,strided,h2,3,17,0.0118552508,0.00619971752
b/strided/h2,b,strided,h2,3,18,-0.00545714183,0.00220191479
b/strided/h2,b,strided,h2,3,19,0.00509593457,-0.00379478931
b/strided/h2,b,strided,h2,3,20,0.00567702072,0.00420081615
b/strided/h2,b,strided,h2,3,21,-0.0233424757,-0.00779259205
b/strided/h2,b,strided,h2,3,22,0.00872851404,0.00020301342
b/strided/h2,b,strided,h2,3,23,-0.00688048444,-0.00279533863
b/strided/h2,b,strided,h2,3,24,0.0121809361,0.00919806957
b/strided/h2,b,strided,h2,3,25,0.0067369459,0.00520026684
b/strided/h2,b,strided,h2,3,26,0.00172455942,0.00320136547
b/strided/h2,b,strided,h2,3,27,-0.00273754393,0.00020301342
b/strided/h2,b,strided,h2,3,28,-0.0230602505,-0.0117903948
b/strided/h2,b,strided,h2,3,29,-0.00570363683,0.00320136547
b/strided/h2,b,strided,h2,3,30,-0.00733323714,0.00420081615
b/strided/h2,b,strided,h2,3,31,-0.00223475827,-0.000796437263
b/strided/h2,b,strided,h2,3,32,0.00577230061,-0.00579369068
b/strided/h2,b,strided,h2,3,33,0.00421932394,0.00520026684
b/strided/h2,b,strided,h2,3,34,-0.00339876061,-0.00179588795
b/strided/h2,b,strided,h2,3,35,0.0125244992,0.00520026684
b/strided/h2,b,strided,h2,3,36,0.00363256836,0.0012024641
b/strided/h2,b,strided,h2,3,37,0.012882514,-0.00179588795
b/strided/h2,b,strided,h2,3,38,0.0001127092,0.00020301342
b/strided/h2,b,strided,h2,3,39,0.00419359895,-0.00179588795
b/strided/h2,b,strided,h2,3,40,-0.000682391383,-0.00179588795
b/strided/h2,b,strided,h2,3,41,-0.00747644288,-0.00279533863
b/strided/h2,b,strided,h2,3,42,-0.00240658728,-0.00379478931
b/strided/h2,b,strided,h2,3,43,0.003606523,0.00420081615
b/strided/h2,b,strided,h2,3,44,-0.00671937356,0.00020301342
b/strided/h2,b,strided,h2,3,45,-0.0409547588,-0.00579369068
b/strided/h2,b,strided,h2,3,46,-0.00208866449,-0.00879204273
b/strided/h2,b,strided,h2,3,47,0.00581044944,0.00220191479
b/strided/h2,b,strided,h2,3,48,0.0143034147,0.00719916821
b/strided/h2,b,strided,h2,3,49,0.0127384505,0.00719916821
b/strided/h2,b,strided,h2,3,50,-0.0012919618,-0.00279533863
b/strided/h2,b,strided,h2,3,51,-0.002949431,-0.00279533863
b/strided/h2,b,strided,h2,3,52,-0.00746347701,-0.00679314137
b/strided/h2,b,strided,h2,3,53,-0.0166867584,-0.00279533863
b/strided/h2,b,strided,h2,3,54,0.00215261297,0.00220191479
b/strided/h2,b,strided,h2,3,55,0.00355627069,0.0012024641
b/strided/h2,b,strided,h2,3,56,0.00220521594,-0.000796437263
b/strided/h2,b,strided,h2,3,57,-0.00015728494,-0.000796437263
b/strided/h2,b,strided,h2,3,58,-0.00568175262,-0.000796437263
b/strided/h2,b,strided,h2,3,59,0.0072438564,0.00320136547
b/strided/h2,b,strided,h2,3,60,-0.00717405362,0.00020301342
b/strided/h2,b,strided,h2,3,61,-0.00844447819,-0.00179588795
b/strided/h2,b,strided,h2,3,62,0.0113158027,0.00819861889
b/strided/h2,b,strided,h2,3,63,-0.00334818421,0.00020301342
b/strided/h2,b,strided,h2,4,0,-0.00529096856,-0.00299835205
b/strided/h2,b,strided,h2,4,1,0.0120231132,0.00199890137
b/strided/h2,b,strided,h2,4,2,0.0014801908,0.00199890137
b/strided/h2,b,strided,h2,4,3,-0.0317338903,-0.0129928589
b/strided/h2,b,strided,h2,4,4,-0.0118888125,0.000999450684
b/strided/h2,b,strided,h2,4,5,0.000113809263,-0.00799560547
b/strided/h2,b,strided,h2,4,6,0.00481731795,0
b/strided/h2,b,strided,h2,4,7,-0.0036381923,-0.00199890137
b/strided/h2,b,strided,h2,4,8,-0.00582410883,-0.00199890137
b/strided/h2,b,strided,h2,4,9,0.00186554228,0.00299835205
b/strided/h2,b,strided,h2,4,10,3.81719001e-05,-0.00199890137
b/strided/h2,b,strided,h2,4,11,0.0112257369,0.00399780273
b/strided/h2,b,strided,h2,4,12,0.00675236505,0.00399780273
b/strided/h2,b,strided,h2,4,13,0.00593001281,0.00499725342
b/strided/h2,b,strided,h2,4,14,0.00133239363,-0.00299835205
b/strided/h2,b,strided,h2,4,15,0.00773734298,0.00399780273
b/strided/h2,b,strided,h2,4,16,-0.00575348664,-0.00499725342
b/strided/h2,b,strided,h2,4,17,0.00332928241,-0.000999450684
b/strided/h2,b,strided,h2,4,18,-0.00506401922,0
b/strided/h2,b,strided,h2,4,19,-0.0106759008,0
b/strided/h2,b,strided,h2,4,20,0.00144964528,-0.00199890137
b/strided/h2,b,strided,h2,4,21,0.00160813124,0.00199890137
b/strided/h2,b,strided,h2,4,22,-0.00419864173,-0.00499725342
b/strided/h2,b,strided,h2,4,23,0.0022454213,0.000999450684
b/strided/h2,b,strided,h2,4,24,-0.00337555002,-0.00199890137
b/strided/h2,b,strided,h2,4,25,-0.00118154682,0.00199890137
b/strided/h2,b,strided,h2,4,26,-0.00351871106,-0.00299835205
b/strided/h2,b,strided,h2,4,27,-0.00877808708,-0.00199890137
b/strided/h2,b,strided,h2,4,28,0.0146224236,0.00799560547
b/strided/h2,b,strided,h2,4,29,0.00648076438,-0.000999450684
b/strided/h2,b,strided,h2,4,30,-0.00162494996,0.00199890137
b/strided/h2,b,strided,h2,4,31,0.00650058665,-0.00399780273
b/strided/h2,b,strided,h2,4,32,0.00162444335,0.000999450684
b/strided/h2,b,strided,h2,4,33,-0.0117602993,0.00399780273
b/strided/h2,b,strided,h2,4,34,0.00314445586,0.00499725342
b/strided/h2,b,strided,h2,4,35,0.000987256659,0
b/strided/h2,b,strided,h2,4,36,0.0151613567,0.00899505615
b/strided/h2,b,strided,h2,4,37,-0.00502662848,-0.00199890137
b/strided/h2,b,strided,h2,4,38,-0.00940635915,-0.00799560547
b/strided/h2,b,strided,h2,4,39,0.0110733637,0.00799560547
b/strided/h2,b,strided,h2,4,40,-0.00339346622,-0.00199890137
b/strided/h2,b,strided,h2,4,41,0.00839564182,0.00399780273
b/strided/h2,b,strided,h2,4,42,-0.0164224116,-0.00799560547
b/strided/h2,b,strided,h2,4,43,0.00550102421,0.00299835205
b/strided/h2,b,strided,h2,4,44,0.0148127217,0.00799560547
b/strided/h2,b,strided,h2,4,45,0.000505591524,-0.00199890137
b/strided/h2,b,strided,h2,4,46,-0.0108737752,-0.000999450684
b/strided/h2,b,strided,h2,4,47,0.00602803078,0.000999450684
b/strided/h2,b,strided,h2,4,48,-0.0100098264,0
b/strided/h2,b,strided,h2,4,49,0.0106679134,0.0059967041
b/strided/h2,b,strided,h2,4,50,-0.00419044738,-0.00499725342
b/strided/h2,b,strided,h2,4,51,-0.00352985247,-0.00399780273
b/strided/h2,b,strided,h2,4,52,0.0040673453,-0.00199890137
b/strided/h2,b,strided,h2,4,53,-0.00619802832,-0.00299835205
b/strided/h2,b,strided,h2,4,54,0.00599170548,-0.00299835205
b/strided/h2,b,strided,h2,4,55,0.00796313376,0.00199890137
b/strided/h2,b,strided,h2,4,56,0.00635721233,0.00399780273
b/strided/h2,b,strided,h2,4,57,0.0102502087,0.00699615479
b/strided/h2,b,strided,h2,4,58,0.00835246198,0
b/strided/h2,b,strided,h2,4,59,-0.00643018376,-0.00199890137
b/strided/h2,b,strided,h2,4,60,-0.0161501367,-0.000999450684
b/strided/h2,b,strided,h2,4,61,-0.00139721039,0
b/strided/h2,b,strided,h2,4,62,0.00929388755,0.00499725342
b/strided/h2,b,strided,h2,4,63,-0.0123945151,-0.0059967041
b/strided/h2,b,strided,h2,5,0,0.00768818364,0.0050753355
b/strided/h2,b,strided,h2,5,1,0.000693137597,0.00207698345
b/strided/h2,b,strided,h2,5,2,0.00312037098,7.80820847e-05
b/strided/h2,b,strided,h2,5,3,-0.00251490499,7.80820847e-05
b/strided/h2,b,strided,h2,5,4,-0.000248881683,-0.00491917133
b/strided/h2,b,strided,h2,5,5,0.000710993379,-0.000921368599
b/strided/h2,b,strided,h2,5,6,0.00780298778,0.00107753277
b/strided/h2,b,strided,h2,5,7,0.00323112153,0.00207698345
b/strided/h2,b,strided,h2,5,8,0.00249110565,7.80820847e-05
b/strided/h2,b,strided,h2,5,9,-0.00109018448,-0.00192081928
b/strided/h2,b,strided,h2,5,10,0.0086767616,0.00407588482
b/strided/h2,b,strided,h2,5,11,0.000897218313,0.00107753277
b/strided/h2,b,strided,h2,5,12,0.00477596356,0.00407588482
b/strided/h2,b,strided,h2,5,13,-0.00673394201,-0.00192081928
b/strided/h2,b,strided,h2,5,14,-0.0125986828,-0.00292026997
b/strided/h2,b,strided,h2,5,15,0.00359286026,-0.00292026997
b/strided/h2,b,strided,h2,5,16,0.00917447901,0.00107753277
b/strided/h2,b,strided,h2,5,17,-0.00255998799,-0.000921368599
b/strided/h2,b,strided,h2,5,18,0.00573286724,-0.00391972065
b/strided/h2,b,strided,h2,5,19,-0.0138019148,-0.00292026997
b/strided/h2,b,strided,h2,5,20,0.00807832817,-0.00292026997
b/strided/h2,b,strided,h2,5,21,-0.00586922529,0.00107753277
b/strided/h2,b,strided,h2,5,22,0.00178849122,0.00307643414
b/strided/h2,b,strided,h2,5,23,0.00618625556,0.00307643414
b/strided/h2,b,strided,h2,5,24,0.00682625717,0.0050753355
b/strided/h2,b,strided,h2,5,25,-0.00121774028,7.80820847e-05
b/strided/h2,b,strided,h2,5,26,-0.0152529834,-0.0069180727
b/strided/h2,b,strided,h2,5,27,-0.00126097414,-0.00192081928
b/strided/h2,b,strided,h2,5,28,0.00088006242,0.00107753277
b/strided/h2,b,strided,h2,5,29,-0.00168278038,-0.00192081928
b/strided/h2,b,strided,h2,5,30,-0.0114100642,-0.00591862202
b/strided/h2,b,strided,h2,5,31,0.00635767107,-0.00192081928
b/strided/h2,b,strided,h2,5,32,-0.0085468373,-0.00591862202
b/strided/h2,b,strided,h2,5,33,-0.00629364948,7.80820847e-05
b/strided/h2,b,strided,h2,5,34,0.00831488131,0.00307643414
b/strided/h2,b,strided,h2,5,35,-0.00865071423,0.00207698345
b/strided/h2,b,strided,h2,5,36,-0.00225721921,-0.00192081928
b/strided/h2,b,strided,h2,5,37,0.0107541199,0.00707423687
b/strided/h2,b,strided,h2,5,38,-0.0024048222,-0.00192081928
b/strided/h2,b,strided,h2,5,39,-0.0161355456,-0.00292026997
b/strided/h2,b,strided,h2,5,40,0.00835636987,0.0050753355
b/strided/h2,b,strided,h2,5,41,0.0104093769,0.00307643414
b/strided/h2,b,strided,h2,5,42,0.00742913115,0.00307643414
b/strided/h2,b,strided,h2,5,43,0.00298229589,0.00107753277
b/strided/h2,b,strided,h2,5,44,0.00563719853,-0.00192081928
b/strided/h2,b,strided,h2,5,45,0.00420318714,-0.000921368599
b/strided/h2,b,strided,h2,5,46,-0.0015571105,0.00107753277
b/strided/h2,b,strided,h2,5,47,0.00861594391,7.80820847e-05
b/strided/h2,b,strided,h2,5,48,-0.00851239932,-0.00292026997
b/strided/h2,b,strided,h2,5,49,-0.0296808883,-0.00891697407
b/strided/h2,b,strided,h2,5,50,-0.00513140734,-0.00292026997
b/strided/h2,b,strided,h2,5,51,-0.00473889119,0.00107753277
b/strided/h2,b,strided,h2,5,52,0.00748559444,0.00207698345
b/strided/h2,b,strided,h2,5,53,0.00759690239,0.00207698345
b/strided/h2,b,strided,h2,5,54,-0.00441296647,-0.000921368599
b/strided/h2,b,strided,h2,5,55,0.00909412264,0.00307643414
b/strided/h2,b,strided,h2,5,56,-0.0234088476,-0.00791752338
b/strided/h2,b,strided,h2,5,57,0.00791885082,0.00407588482
b/strided/h2,b,strided,h2,5,58,-0.00238884256,-0.00491917133
b/strided/h2,b,strided,h2,5,59,0.00337077428,-0.00192081928
b/strided/h2,b,strided,h2,5,60,-0.00072121869,0.00407588482
b/strided/h2,b,strided,h2,5,61,0.00401147718,0.00407588482
b/strided/h2,b,strided,h2,5,62,-0.000485620156,0.00607478619
b/strided/h2,b,strided,h2,5,63,0.00668390405,0.00407588482
b/strided/h2,b,strided,h2,6,0,0.0031911675,0.00357615948
b/strided/h2,b,strided,h2,6,1,-0.0215021316,-0.0114156008
b/strided/h2,b,strided,h2,6,2,-0.00529146519,-0.00441944599
b/strided/h2,b,strided,h2,6,3,-0.0124611044,-0.00441944599
b/strided/h2,b,strided,h2,6,4,-0.0041477233,-0.00341999531
b/strided/h2,b,strided,h2,6,5,-0.0169771947,0.000577807426
b/strided/h2,b,strided,h2,6,6,0.00766301995,0.000577807426
b/strided/h2,b,strided,h2,6,7,0.00463937131,0.00457561016
b/strided/h2,b,strided,h2,6,8,0.00621655771,0.00357615948
b/strided/h2,b,strided,h2,6,9,0.00532788599,0.00257670879
b/strided/h2,b,strided,h2,6,10,0.0053076828,0.00757396221
b/strided/h2,b,strided,h2,6,11,-0.00957110709,-0.00741779804
b/strided/h2,b,strided,h2,6,12,-0.000304639325,0.00357615948
b/strided/h2,b,strided,h2,6,13,0.00594135189,0.000577807426
b/strided/h2,b,strided,h2,6,14,0.0100986352,-0.000421643257
b/strided/h2,b,strided,h2,6,15,0.000713051311,0.00257670879
b/strided/h2,b,strided,h2,6,16,-0.0037144455,0.00157725811
b/strided/h2,b,strided,h2,6,17,-0.00192047095,-0.000421643257
b/strided/h2,b,strided,h2,6,18,-0.0170446168,-0.00641834736
b/strided/h2,b,strided,h2,6,19,0.00615487622,0.000577807426
b/strided/h2,b,strided,h2,6,20,0.00727012662,0.00157725811
b/strided/h2,b,strided,h2,6,21,0.00333843056,-0.000421643257
b/strided/h2,b,strided,h2,6,22,0.00318196045,-0.00242054462
b/strided/h2,b,strided,h2,6,23,0.00988603571,0.00357615948
b/strided/h2,b,strided,h2,6,24,0.00376187918,-0.000421643257
b/strided/h2,b,strided,h2,6,25,0.00598535502,-0.000421643257
b/strided/h2,b,strided,h2,6,26,0.0102670435,0.00357615948
b/strided/h2,b,strided,h2,6,27,-0.00302915087,-0.00741779804
b/strided/h2,b,strided,h2,6,28,-0.0157687534,0.00157725811
b/strided/h2,b,strided,h2,6,29,0.0121080279,0.00357615948
b/strided/h2,b,strided,h2,6,30,-0.00443997791,-0.00341999531
b/strided/h2,b,strided,h2,6,31,-0.00353410187,0.00157725811
b/strided/h2,b,strided,h2,6,32,-0.00571036896,-0.00142109394
b/strided/h2,b,strided,h2,6,33,0.00245341939,0.000577807426
b/strided/h2,b,strided,h2,6,34,0.000580224223,-0.00142109394
b/strided/h2,b,strided,h2,6,35,-0.00850387475,-0.00242054462
b/strided/h2,b,strided,h2,6,36,0.00625339152,-0.00242054462
b/strided/h2,b,strided,h2,6,37,0.00260859357,0.00157725811
b/strided/h2,b,strided,h2,6,38,0.00715225843,0.00257670879
b/strided/h2,b,strided,h2,6,39,0.00446393808,0.00257670879
b/strided/h2,b,strided,h2,6,40,0.00478243084,0.00157725811
b/strided/h2,b,strided,h2,6,41,0.00817332046,-0.000421643257
b/strided/h2,b,strided,h2,6,42,-0.0151838986,-0.00242054462
b/strided/h2,b,strided,h2,6,43,0.00774967206,0.00257670879
b/strided/h2,b,strided,h2,6,44,-0.00538372806,-0.00242054462
b/strided/h2,b,strided,h2,6,45,-0.000684401006,0.000577807426
b/strided/h2,b,strided,h2,6,46,-0.0171650713,-0.00341999531
b/strided/h2,b,strided,h2,6,47,0.00675369009,0.00357615948
b/strided/h2,b,strided,h2,6,48,-0.0251973979,-0.00242054462
b/strided/h2,b,strided,h2,6,49,0.00599820913,0.00557506084
b/strided/h2,b,strided,h2,6,50,0.0117807272,0.00357615948
b/strided/h2,b,strided,h2,6,51,0.00500085765,-0.00242054462
b/strided/h2,b,strided,h2,6,52,0.00409165958,-0.000421643257
b/strided/h2,b,strided,h2,6,53,-0.00759286525,-0.00341999531
b/strided/h2,b,strided,h2,6,54,0.0108059887,0.00257670879
b/strided/h2,b,strided,h2,6,55,-0.0185399335,-0.00541889668
b/strided/h2,b,strided,h2,6,56,0.0102628218,0.00457561016
b/strided/h2,b,strided,h2,6,57,0.00943701017,0.00157725811
b/strided/h2,b,strided,h2,6,58,0.000103259474,-0.00142109394
b/strided/h2,b,strided,h2,6,59,-0.0120088532,-0.00541889668
b/strided/h2,b,strided,h2,6,60,0.0114296116,0.0085734129
b/strided/h2,b,strided,h2,6,61,0.00397523122,0.00157725811
b/strided/h2,b,strided,h2,6,62,0.00455478953,0.000577807426
b/strided/h2,b,strided,h2,6,63,-0.00378628819,-0.00142109394
b/strided/h2,b,strided,h2,7,0,0.012479201,0.00788629055
b/strided/h2,b,strided,h2,7,1,0.000147229985,-0.00510656834
b/strided/h2,b,strided,h2,7,2,0.0108526044,0.0048879385
b/strided/h2,b,strided,h2,7,3,-0.00883928105,-0.0071054697
b/strided/h2,b,strided,h2,7,4,0.00489725521,-0.00310766697
b/strided/h2,b,strided,h2,7,5,0.00830172281,0.0048879385
b/strided/h2,b,strided,h2,7,6,0.00811702944,0.00188958645
b/strided/h2,b,strided,h2,7,7,0.00082322512,-0.00510656834
b/strided/h2,b,strided,h2,7,8,0.00439613242,-0.0011087656
b/strided/h2,b,strided,h2,7,9,0.0124516683,0.00288903713
b/strided/h2,b,strided,h2,7,10,0.00955162313,0.00588738918
b/strided/h2,b,strided,h2,7,11,0.0106549365,0.0048879385
b/strided/h2,b,strided,h2,7,12,0.00898920302,0.00288903713
b/strided/h2,b,strided,h2,7,13,0.0102288353,0.00188958645
b/strided/h2,b,strided,h2,7,14,-0.00111030392,-0.0011087656
b/strided/h2,b,strided,h2,7,15,-0.00123710838,0.00188958645
b/strided/h2,b,strided,h2,7,16,-0.0432886414,-0.00610601902
b/strided/h2,b,strided,h2,7,17,0.00353376869,-0.00210821629
b/strided/h2,b,strided,h2,7,18,0.00266569782,-0.00510656834
b/strided/h2,b,strided,h2,7,19,0.00959251192,0.0048879385
b/strided/h2,b,strided,h2,7,20,0.00094735156,-0.000109314919
b/strided/h2,b,strided,h2,7,21,0.00323148467,0.00188958645
b/strided/h2,b,strided,h2,7,22,-0.0527245828,-0.00810492039
b/strided/h2,b,strided,h2,7,23,0.00331417587,0.00288903713
b/strided/h2,b,strided,h2,7,24,-0.00536153559,-0.0071054697
b/strided/h2,b,strided,h2,7,25,-0.00418190542,-0.0011087656
b/strided/h2,b,strided,h2,7,26,0.00660255388,0.00288903713
b/strided/h2,b,strided,h2,7,27,0.00748207908,0.00188958645
b/strided/h2,b,strided,h2,7,28,-0.00381430425,-0.0071054697
b/strided/h2,b,strided,h2,7,29,-0.0151083774,-0.00410711765
b/strided/h2,b,strided,h2,7,30,0.0067102902,-0.000109314919
b/strided/h2,b,strided,h2,7,31,-0.0279874809,-0.0071054697
b/strided/h2,b,strided,h2,7,32,-0.00678355154,-0.00610601902
b/strided/h2,b,strided,h2,7,33,0.00300390203,-0.0011087656
b/strided/h2,b,strided,h2,7,34,-0.0199769072,-0.00510656834
b/strided/h2,b,strided,h2,7,35,-0.00318224054,0.00588738918
b/strided/h2,b,strided,h2,7,36,-0.00351293828,-0.0011087656
b/strided/h2,b,strided,h2,7,37,0.00805537891,0.0048879385
b/strided/h2,b,strided,h2,7,38,0.00965791847,0.00388848782
b/strided/h2,b,strided,h2,7,39,0.0115514782,0.00288903713
b/strided/h2,b,strided,h2,7,40,0.00943680293,0.00188958645
b/strided/h2,b,strided,h2,7,41,0.00134428869,-0.00210821629
b/strided/h2,b,strided,h2,7,42,0.00843392708,0.0048879385
b/strided/h2,b,strided,h2,7,43,0.00586115848,0.00388848782
b/strided/h2,b,strided,h2,7,44,-0.00619057264,-0.00310766697
b/strided/h2,b,strided,h2,7,45,-0.011192817,-0.00210821629
b/strided/h2,b,strided,h2,7,46,0.0131014429,0.00188958645
b/strided/h2,b,strided,h2,7,47,-0.0120617217,-0.00510656834
b/strided/h2,b,strided,h2,7,48,0.00166411627,0.000890135765
b/strided/h2,b,strided,h2,7,49,0.00500101898,0.000890135765
b/strided/h2,b,strided,h2,7,50,-0.00257346221,-0.000109314919
b/strided/h2,b,strided,h2,7,51,0.013018097,0.00588738918
b/strided/h2,b,strided,h2,7,52,0.00497733824,0.000890135765
b/strided/h2,b,strided,h2,7,53,-0.0102140706,-0.00410711765
b/strided/h2,b,strided,h2,7,54,-0.0121179984,0.00188958645
b/strided/h2,b,strided,h2,7,55,0.0116831663,0.00588738918
b/strided/h2,b,strided,h2,7,56,0.00358583312,0.000890135765
b/strided/h2,b,strided,h2,7,57,0.00142480898,-0.000109314919
b/strided/h2,b,strided,h2,7,58,0.00808329158,-0.000109314919
b/strided/h2,b,strided,h2,7,59,0.00437240232,0.0048879385
b/strided/h2,b,strided,h2,7,60,-0.0156029752,-0.00410711765
b/strided/h2,b,strided,h2,7,61,0.00512179475,0.00388848782
b/strided/h2,b,strided,h2,7,62,0.00725973886,0.000890135765
b/strided/h2,b,strided,h2,7,63,-0.0155457079,-0.00610601902
b/strided/h2,b,strided,h2,8,0,-0.00996622863,-0.00409150124
b/strided/h2,b,strided,h2,8,1,0.00126077746,-0.00309205055
b/strided/h2,b,strided,h2,8,2,-0.019179055,-0.00409150124
b/strided/h2,b,strided,h2,8,3,-0.0264693047,-0.0170843601
b/strided/h2,b,strided,h2,8,4,0.000230527943,-0.0130865574
b/strided/h2,b,strided,h2,8,5,-0.00998870144,-0.00409150124
b/strided/h2,b,strided,h2,8,6,0.0105983945,0.00890135765
b/strided/h2,b,strided,h2,8,7,-0.00217778842,-0.00509095192
b/strided/h2,b,strided,h2,8,8,0.00803956715,-0.00109314919
b/strided/h2,b,strided,h2,8,9,0.0118979835,0.0059030056
b/strided/h2,b,strided,h2,8,10,0.010968708,0.00790190697
b/strided/h2,b,strided,h2,8,11,0.00354440463,0.0059030056
b/strided/h2,b,strided,h2,8,12,0.00683216936,0.000905752182
b/strided/h2,b,strided,h2,8,13,-0.00623168471,0.00190520287
b/strided/h2,b,strided,h2,8,14,0.0128349843,0.00890135765
b/strided/h2,b,strided,h2,8,15,0.00309268897,0.00290465355
b/strided/h2,b,strided,h2,8,16,-0.00382728549,-0.00109314919
b/strided/h2,b,strided,h2,8,17,-0.0219939756,-0.00409150124
b/strided/h2,b,strided,h2,8,18,-0.00786255207,0.00190520287
b/strided/h2,b,strided,h2,8,19,-0.000410637358,0.00490355492
b/strided/h2,b,strided,h2,8,20,0.00054061552,-0.0060904026
b/strided/h2,b,strided,h2,8,21,0.00545460497,0.00190520287
b/strided/h2,b,strided,h2,8,22,-0.004637565,-0.0060904026
b/strided/h2,b,strided,h2,8,23,0.00122915906,0.00190520287
b/strided/h2,b,strided,h2,8,24,-0.00111741433,-0.00509095192
b/strided/h2,b,strided,h2,8,25,-0.000563661108,-0.00708985329
b/strided/h2,b,strided,h2,8,26,0.00638928683,0.00490355492
b/strided/h2,b,strided,h2,8,27,0.00205877469,-0.00309205055
b/strided/h2,b,strided,h2,8,28,0.00725719053,0.00690245628
b/strided/h2,b,strided,h2,8,29,0.0103513487,0.0059030056
b/strided/h2,b,strided,h2,8,30,0.00871688639,0.00690245628
b/strided/h2,b,strided,h2,8,31,-0.0194296916,-0.011087656
b/strided/h2,b,strided,h2,8,32,0.011450334,0.0059030056
b/strided/h2,b,strided,h2,8,33,-0.0131398062,-0.0060904026
b/strided/h2,b,strided,h2,8,34,0.00864186463,-9.36985016e-05
b/strided/h2,b,strided,h2,8,35,0.00158723955,-0.00309205055
b/strided/h2,b,strided,h2,8,36,-0.00197506929,-0.00209259987
b/strided/h2,b,strided,h2,8,37,0.00131273595,0.000905752182
b/strided/h2,b,strided,h2,8,38,-0.00161993679,0.000905752182
b/strided/h2,b,strided,h2,8,39,0.0102334125,0.0059030056
b/strided/h2,b,strided,h2,8,40,0.0116801257,0.0059030056
b/strided/h2,b,strided,h2,8,41,0.0105478964,0.00290465355
b/strided/h2,b,strided,h2,8,42,-0.00583246956,-0.00509095192
b/strided/h2,b,strided,h2,8,43,0.00583608401,-9.36985016e-05
b/strided/h2,b,strided,h2,8,44,-0.00996851316,-9.36985016e-05
b/strided/h2,b,strided,h2,8,45,0.0020101536,-0.00309205055
b/strided/h2,b,strided,h2,8,46,-0.00734844152,-0.00309205055
b/strided/h2,b,strided,h2,8,47,-0.00068560802,-9.36985016e-05
b/strided/h2,b,strided,h2,8,48,0.000503775193,0.00490355492
b/strided/h2,b,strided,h2,8,49,-0.0176794543,-0.00109314919
b/strided/h2,b,strided,h2,8,50,-0.00991021703,-0.00808930397
b/strided/h2,b,strided,h2,8,51,0.00674517964,0.000905752182
b/strided/h2,b,strided,h2,8,52,0.00310154585,0.000905752182
b/strided/h2,b,strided,h2,8,53,-0.00624066545,-0.00409150124
b/strided/h2,b,strided,h2,8,54,0.00442425673,-9.36985016e-05
b/strided/h2,b,strided,h2,8,55,0.00839501945,0.00990080833
b/strided/h2,b,strided,h2,8,56,0.00391873728,0.000905752182
b/strided/h2,b,strided,h2,8,57,0.00907328817,0.00790190697
b/strided/h2,b,strided,h2,8,58,0.00106556387,0.00190520287
b/strided/h2,b,strided,h2,8,59,-0.0084540234,-0.00209259987
b/strided/h2,b,strided,h2,8,60,0.0115003884,0.0059030056
b/strided/h2,b,strided,h2,8,61,-0.0067396951,-0.00808930397
b/strided/h2,b,strided,h2,8,62,0.00981657672,0.00790190697
b/strided/h2,b,strided,h2,8,63,-0.00969280478,-9.36985016e-05
b/strided/h2,b,strided,h2,9,0,0.00514827275,0.00156164169
b/strided/h2,b,strided,h2,9,1,0.000473298158,-0.00743341446
b/strided/h2,b,strided,h2,9,2,0.00602182632,0.00356054306
b/strided/h2,b,strided,h2,9,3,-0.0174670333,-0.00643396378
b/strided/h2,b,strided,h2,9,4,0.00875542409,-0.00343561172
b/strided/h2,b,strided,h2,9,5,-0.00190729645,0.00356054306
b/strided/h2,b,strided,h2,9,6,-0.0158266148,-0.0104317665
b/strided/h2,b,strided,h2,9,7,0.00919240087,0.00955724716
b/strided/h2,b,strided,h2,9,8,0.00139825794,-0.0124306679
b/strided/h2,b,strided,h2,9,9,-0.0152311707,-0.00643396378
b/strided/h2,b,strided,h2,9,10,-0.00542688297,-0.00343561172
b/strided/h2,b,strided,h2,9,11,0.00323543467,0.00555944443
b/strided/h2,b,strided,h2,9,12,-0.015433182,-0.000437259674
b/strided/h2,b,strided,h2,9,13,0.00414262808,0.00256109238
b/strided/h2,b,strided,h2,9,14,0.00805064084,-0.00443506241
b/strided/h2,b,strided,h2,9,15,0.0057860201,0.00256109238
b/strided/h2,b,strided,h2,9,16,0.00641484654,0.00655889511
b/strided/h2,b,strided,h2,9,17,0.0136289259,0.0115561485
b/strided/h2,b,strided,h2,9,18,-0.00350115632,-0.00443506241
b/strided/h2,b,strided,h2,9,19,-0.0402893105,-0.021425724
b/strided/h2,b,strided,h2,9,20,0.010917757,-0.000437259674
b/strided/h2,b,strided,h2,9,21,0.008146395,0.00755834579
b/strided/h2,b,strided,h2,9,22,0.00987291059,-0.00243616104
b/strided/h2,b,strided,h2,9,23,0.0092164113,0.00056219101
b/strided/h2,b,strided,h2,9,24,0.00961490327,0.00955724716
b/strided/h2,b,strided,h2,9,25,-0.0088767288,-0.00843286514
b/strided/h2,b,strided,h2,9,26,0.00426855569,0.00555944443
b/strided/h2,b,strided,h2,9,27,0.0115109189,0.00955724716
b/strided/h2,b,strided,h2,9,28,0.00436137154,0.00256109238
b/strided/h2,b,strided,h2,9,29,0.000650604281,-0.000437259674
b/strided/h2,b,strided,h2,9,30,0.00546049772,0.00356054306
b/strided/h2,b,strided,h2,9,31,0.00580276342,0.00356054306
b/strided/h2,b,strided,h2,9,32,0.00794796648,0.00256109238
b/strided/h2,b,strided,h2,9,33,-0.00356841294,-0.00443506241
b/strided/h2,b,strided,h2,9,34,-0.0090416006,-0.00643396378
b/strided/h2,b,strided,h2,9,35,-0.00866244731,-0.000437259674
b/strided/h2,b,strided,h2,9,36,-0.000340852861,-0.00443506241
b/strided/h2,b,strided,h2,9,37,0.008167299,0.00455999374
b/strided/h2,b,strided,h2,9,38,0.00318846016,0.00156164169
b/strided/h2,b,strided,h2,9,39,0.00220867924,0.00156164169
b/strided/h2,b,strided,h2,9,40,-0.0213205227,-0.00243616104
b/strided/h2,b,strided,h2,9,41,0.00412091406,0.00555944443
b/strided/h2,b,strided,h2,9,42,0.00724970738,0.00455999374
b/strided/h2,b,strided,h2,9,43,-0.00296948848,-0.00643396378
b/strided/h2,b,strided,h2,9,44,-0.000918623966,0.00256109238
b/strided/h2,b,strided,h2,9,45,0.00953800886,0.00156164169
b/strided/h2,b,strided,h2,9,46,-0.0112011649,0.00256109238
b/strided/h2,b,strided,h2,9,47,-0.0125597398,0.00056219101
b/strided/h2,b,strided,h2,9,48,-0.00906439589,-0.00343561172
b/strided/h2,b,strided,h2,9,49,0.0103845659,-0.000437259674
b/strided/h2,b,strided,h2,9,50,-0.0591631569,-0.0144295692
b/strided/h2,b,strided,h2,9,51,0.00836408513,0.00655889511
b/strided/h2,b,strided,h2,9,52,-0.0143358791,-0.00943231583
b/strided/h2,b,strided,h2,9,53,0.0106628901,0.00455999374
b/strided/h2,b,strided,h2,9,54,0.00526138002,-0.00343561172
b/strided/h2,b,strided,h2,9,55,0.00379756445,-0.00243616104
b/strided/h2,b,strided,h2,9,56,0.010716944,0.00855779648
b/strided/h2,b,strided,h2,9,57,0.00855430917,0.00655889511
b/strided/h2,b,strided,h2,9,58,0.00272981173,-0.00743341446
b/strided/h2,b,strided,h2,9,59,0.00833805071,0.00156164169
b/strided/h2,b,strided,h2,9,60,0.00725844994,0.00356054306
b/strided/h2,b,strided,h2,9,61,-0.00716131923,0.00156164169
b/strided/h2,b,strided,h2,9,62,0.0032282295,0.00056219101
b/strided/h2,b,strided,h2,9,63,0.0104785997,0.00755834579
b/tail/h1,b,tail,h1,2,0,-0.00620268584,0.00360739231
b/tail/h1,b,tail,h1,2,1,-0.00536358271,-0.00738656521
b/tail/h1,b,tail,h1,2,2,4.62223961e-05,-0.00138986111
b/tail/h1,b,tail,h1,2,3,-0.00883798961,0.00160849094
b/tail/h1,b,tail,h1,2,4,-0.0134611848,-0.00738656521
b/tail/h1,b,tail,h1,2,5,0.0117257404,0.00460684299
b/tail/h1,b,tail,h1,2,6,0.0102679831,-0.00438821316
b/tail/h1,b,tail,h1,2,7,-0.0107797413,-0.00638711452
b/tail/h1,b,tail,h1,2,8,0.0143427545,0.00760519505
b/tail/h1,b,tail,h1,2,9,0.00452574428,0.00160849094
b/tail/h1,b,tail,h1,2,10,0.00985004093,0.00660574436
b/tail/h1,b,tail,h1,2,11,0.00356910091,-0.00138986111
b/tail/h1,b,tail,h1,2,12,0.00949476978,-0.00538766384
b/tail/h1,b,tail,h1,2,13,0.00683789879,0.00260794163
b/tail/h1,b,tail,h1,2,14,0.00866218509,-0.000390410423
b/tail/h1,b,tail,h1,2,15,0.00230225354,0.00160849094
b/tail/h1,b,tail,h1,2,16,-0.109269637,-0.0263761282
b/tail/h1,b,tail,h1,2,17,0.00576797586,0.00160849094
b/tail/h1,b,tail,h1,2,18,0.00647930933,0.00160849094
b/tail/h1,b,tail,h1,2,19,0.0173561288,0.00460684299
b/tail/h1,b,tail,h1,2,20,0.00841677461,0.00860464573
b/tail/h1,b,tail,h1,2,21,0.00493866663,-0.00838601589
b/tail/h1,b,tail,h1,2,22,-5.96379869e-06,-0.00338876247
b/tail/h1,b,tail,h1,2,23,0.00135924008,-0.00238931179
b/tail/h1,b,tail,h1,2,24,-0.000860964023,-0.00638711452
b/tail/h1,b,tail,h1,2,25,0.014531467,0.00560629368
b/tail/h1,b,tail,h1,2,26,0.00631252483,0.00560629368
b/tail/h1,b,tail,h1,2,27,0.00262822948,-0.00338876247
b/tail/h1,b,tail,h1,2,28,-0.000609597266,-0.000390410423
b/tail/h1,b,tail,h1,2,29,-0.0101081814,0.00060904026
b/tail/h1,b,tail,h1,2,30,0.00381283734,0.00160849094
b/tail/h1,b,tail,h1,2,31,-0.00696992602,-0.00138986111
b/tail/h1,b,tail,h1,2,32,0.0103525398,-0.00138986111
b/tail/h1,b,tail,h1,2,33,0.00673535924,0.00160849094
b/tail/h1,b,tail,h1,2,34,0.0142934452,0.00560629368
b/tail/h1,b,tail,h1,2,35,-0.00424188523,0.00360739231
b/tail/h1,b,tail,h1,2,36,0.00426516209,0.00160849094
b/tail/h1,b,tail,h1,2,37,0.00720976844,0.00560629368
b/tail/h1,b,tail,h1,2,38,0.00813841999,-0.00338876247
b/tail/h1,b,tail,h1,2,39,0.0156462386,-0.00338876247
b/tail/h1,b,tail,h1,2,40,0.00503095977,0.00360739231
b/tail/h1,b,tail,h1,2,41,-0.024535975,-0.00738656521
b/tail/h1,b,tail,h1,2,42,0.0169259635,0.00960409641
b/tail/h1,b,tail,h1,2,43,0.00419529799,-0.00438821316
b/tail/h1,b,tail,h1,2,44,-0.00855166752,-0.000390410423
b/tail/h1,b,tail,h1,2,45,-0.00362826426,-0.00138986111
b/tail/h1,b,tail,h1,2,46,0.018368686,0.00960409641
b/tail/h1,b,tail,h1,2,47,-0.0295257518,-0.00338876247
b/tail/h1,b,tail,h1,2,48,0.00310029909,-0.000390410423
b/tail/h1,b,tail,h1,2,49,-0.00224286232,0.00060904026
b/tail/h1,b,tail,h1,2,50,0.0169034125,0.0106035471
b/tail/h1,b,tail,h1,2,51,-0.0128868321,-0.00438821316
b/tail/h1,b,tail,h1,2,52,-0.00449724503,0.00160849094
b/tail/h1,b,tail,h1,2,53,0.00501812708,0.00460684299
b/tail/h1,b,tail,h1,2,54,0.00728092708,-0.000390410423
b/tail/h1,b,tail,h1,2,55,0.00617060803,0.00060904026
b/tail/h1,b,tail,h1,2,56,0.0112538868,0.00360739231
b/tail/h1,b,tail,h1,2,57,0.00249526735,0.00260794163
b/tail/h1,b,tail,h1,2,58,-0.0424481687,-0.00638711452
b/tail/h1,b,tail,h1,2,59,-0.0180220316,-0.00938546658
b/tail/h1,b,tail,h1,2,60,0.00950731609,0.00060904026
b/tail/h1,b,tail,h1,2,61,0.00516981345,0.00660574436
b/tail/h1,b,tail,h1,2,62,-0.0132519222,-0.00338876247
b/tail/h1,b,tail,h1,2,63,0.0050127133,0.00360739231
b/tail/h1,b,tail,h1,3,0,0.00250215778,-0.00579369068
b/tail/h1,b,tail,h1,3,1,-0.0106991846,-0.00379478931
b/tail/h1,b,tail,h1,3,2,0.00943074558,0.00020301342
b/tail/h1,b,tail,h1,3,3,0.00923555713,0.00220191479
b/tail/h1,b,tail,h1,3,4,-0.00260780383,-0.00379478931
b/tail/h1,b,tail,h1,3,5,-0.00123421106,0.00020301342
b/tail/h1,b,tail,h1,3,6,-0.00236900713,0.0012024641
b/tail/h1,b,tail,h1,3,7,0.00725563053,0.00220191479
b/tail/h1,b,tail,h1,3,8,-0.00310408328,-0.00479424
b/tail/h1,b,tail,h1,3,9,-0.00575268458,-0.00179588795
b/tail/h1,b,tail,h1,3,10,0.0073161963,0.00220191479
b/tail/h1,b,tail,h1,3,11,0.00545166802,0.00320136547
b/tail/h1,b,tail,h1,3,12,0.0044400673,0.00420081615
b/tail/h1,b,tail,h1,3,13,0.00787315514,-0.00179588795
b/tail/h1,b,tail,h1,3,14,0.0110941678,0.00520026684
b/tail/h1,b,tail,h1,3,15,0.00872061957,0.00220191479
b/tail/h1,b,tail,h1,3,16,0.00812119056,-0.00679314137
b/tail/h1,b,tail,h1,3,17,0.0106277205,0.00619971752
b/tail/h1,b,tail,h1,3,18,-0.00483380448,0.00220191479
b/tail/h1,b,tail,h1,3,19,0.00982053388,-0.00379478931
b/tail/h1,b,tail,h1,3,20,0.00444845665,0.00420081615
b/tail/h1,b,tail,h1,3,21,-0.00635948595,-0.00779259205
b/tail/h1,b,tail,h1,3,22,0.00816025116,0.00020301342
b/tail/h1,b,tail,h1,3,23,-0.0129504465,-0.00279533863
b/tail/h1,b,tail,h1,3,24,0.0112036187,0.00919806957
b/tail/h1,b,tail,h1,3,25,0.00365719941,0.00520026684
b/tail/h1,b,tail,h1,3,26,0.00505307034,0.00320136547
b/tail/h1,b,tail,h1,3,27,-0.00275636747,0.00020301342
b/tail/h1,b,tail,h1,3,28,-0.0226208559,-0.0117903948
b/tail/h1,b,tail,h1,3,29,-0.0145848357,0.00320136547
b/tail/h1,b,tail,h1,3,30,0.00844554506,0.00420081615
b/tail/h1,b,tail,h1,3,31,-0.00161091894,-0.000796437263
b/tail/h1,b,tail,h1,3,32,0.00933465358,-0.00579369068
b/tail/h1,b,tail,h1,3,33,0.00457957197,0.00520026684
b/tail/h1,b,tail,h1,3,34,-0.00797987919,-0.00179588795
b/tail/h1,b,tail,h1,3,35,0.0100663555,0.00520026684
b/tail/h1,b,tail,h1,3,36,0.00590316016,0.0012024641
b/tail/h1,b,tail,h1,3,37,0.011968797,-0.00179588795
b/tail/h1,b,tail,h1,3,38,-0.00638523701,0.00020301342
b/tail/h1,b,tail,h1,3,39,0.000979153403,-0.00179588795
b/tail/h1,b,tail,h1,3,40,-0.00665098619,-0.00179588795
b/tail/h1,b,tail,h1,3,41,-0.0181194805,-0.00279533863
b/tail/h1,b,tail,h1,3,42,-0.00814921506,-0.00379478931
b/tail/h1,b,tail,h1,3,43,0.00235672478,0.00420081615
b/tail/h1,b,tail,h1,3,44,-0.00295872524,0.00020301342
b/tail/h1,b,tail,h1,3,45,-0.0142095918,-0.00579369068
b/tail/h1,b,tail,h1,3,46,-0.00443173204,-0.00879204273
b/tail/h1,b,tail,h1,3,47,0.00317969821,0.00220191479
b/tail/h1,b,tail,h1,3,48,0.0120567269,0.00719916821
b/tail/h1,b,tail,h1,3,49,0.00816583537,0.00719916821
b/tail/h1,b,tail,h1,3,50,-0.00593047034,-0.00279533863
b/tail/h1,b,tail,h1,3,51,-0.00681533668,-0.00279533863
b/tail/h1,b,tail,h1,3,52,-0.0115655344,-0.00679314137
b/tail/h1,b,tail,h1,3,53,-0.00261966888,-0.00279533863
b/tail/h1,b,tail,h1,3,54,-0.000161565877,0.00220191479
b/tail/h1,b,tail,h1,3,55,-0.00783148039,0.0012024641
b/tail/h1,b,tail,h1,3,56,0.00612294484,-0.000796437263
b/tail/h1,b,tail,h1,3,57,-0.00116391856,-0.000796437263
b/tail/h1,b,tail,h1,3,58,-0.0105658453,-0.000796437263
b/tail/h1,b,tail,h1,3,59,0.0115437423,0.00320136547
b/tail/h1,b,tail,h1,3,60,-0.0163453054,0.00020301342
b/tail/h1,b,tail,h1,3,61,-0.0132739293,-0.00179588795
b/tail/h1,b,tail,h1,3,62,0.0101758735,0.00819861889
b/tail/h1,b,tail,h1,3,63,-0.00264919739,0.00020301342
b/tail/h1,b,tail,h1,4,0,-0.00789630638,-0.00299835205
b/tail/h1,b,tail,h1,4,1,0.00901755489,0.00199890137
b/tail/h1,b,tail,h1,4,2,-0.00174790567,0.00199890137
b/tail/h1,b,tail,h1,4,3,-0.0141933164,-0.0129928589
b/tail/h1,b,tail,h1,4,4,0.00593119914,0.000999450684
b/tail/h1,b,tail,h1,4,5,0.00350869175,-0.00799560547
b/tail/h1,b,tail,h1,4,6,0.00585622744,0
b/tail/h1,b,tail,h1,4,7,-0.00402757378,-0.00199890137
b/tail/h1,b,tail,h1,4,8,-0.00273750133,-0.00199890137
b/tail/h1,b,tail,h1,4,9,-0.000539594719,0.00299835205
b/tail/h1,b,tail,h1,4,10,-0.00767323134,-0.00199890137
b/tail/h1,b,tail,h1,4,11,0.00931457019,0.00399780273
b/tail/h1,b,tail,h1,4,12,0.00646063879,0.00399780273
b/tail/h1,b,tail,h1,4,13,0.00526012278,0.00499725342
b/tail/h1,b,tail,h1,4,14,0.00658589958,-0.00299835205
b/tail/h1,b,tail,h1,4,15,0.00586842893,0.00399780273
b/tail/h1,b,tail,h1,4,16,0.00496620832,-0.00499725342
b/tail/h1,b,tail,h1,4,17,0.000568536652,-0.000999450684
b/tail/h1,b,tail,h1,4,18,0.00482558234,0
b/tail/h1,b,tail,h1,4,19,-0.0178155046,0
b/tail/h1,b,tail,h1,4,20,0.010184554,-0.00199890137
b/tail/h1,b,tail,h1,4,21,-0.000881199881,0.00199890137
b/tail/h1,b,tail,h1,4,22,-0.00130438192,-0.00499725342
b/tail/h1,b,tail,h1,4,23,0.00366485755,0.000999450684
b/tail/h1,b,tail,h1,4,24,-0.0153831909,-0.00199890137
b/tail/h1,b,tail,h1,4,25,-0.0076662129,0.00199890137
b/tail/h1,b,tail,h1,4,26,-0.0119113656,-0.00299835205
b/tail/h1,b,tail,h1,4,27,-0.0141127968,-0.00199890137
b/tail/h1,b,tail,h1,4,28,0.013628387,0.00799560547
b/tail/h1,b,tail,h1,4,29,0.00426615456,-0.000999450684
b/tail/h1,b,tail,h1,4,30,-0.0115971495,0.00199890137
b/tail/h1,b,tail,h1,4,31,0.00745024586,-0.00399780273
b/tail/h1,b,tail,h1,4,32,0.00115924662,0.000999450684
b/tail/h1,b,tail,h1,4,33,0.0108175888,0.00399780273
b/tail/h1,b,tail,h1,4,34,0.000812132221,0.00499725342
b/tail/h1,b,tail,h1,4,35,-0.00071692948,0
b/tail/h1,b,tail,h1,4,36,0.0113457568,0.00899505615
b/tail/h1,b,tail,h1,4,37,-0.0013909111,-0.00199890137
b/tail/h1,b,tail,h1,4,38,-0.00146952124,-0.00799560547
b/tail/h1,b,tail,h1,4,39,0.0134504436,0.00799560547
b/tail/h1,b,tail,h1,4,40,-0.00194485338,-0.00199890137
b/tail/h1,b,tail,h1,4,41,0.00745009685,0.00399780273
b/tail/h1,b,tail,h1,4,42,-0.0143757406,-0.00799560547
b/tail/h1,b,tail,h1,4,43,0.00392004296,0.00299835205
b/tail/h1,b,tail,h1,4,44,0.0131798674,0.00799560547
b/tail/h1,b,tail,h1,4,45,0.00703527297,-0.00199890137
b/tail/h1,b,tail,h1,4,46,0.00692466165,-0.000999450684
b/tail/h1,b,tail,h1,4,47,0.0071466673,0.000999450684
b/tail/h1,b,tail,h1,4,48,-0.00177390074,0
b/tail/h1,b,tail,h1,4,49,0.0102540642,0.0059967041
b/tail/h1,b,tail,h1,4,50,-0.00979321396,-0.00499725342
b/tail/h1,b,tail,h1,4,51,0.00266562456,-0.00399780273
b/tail/h1,b,tail,h1,4,52,-0.00356853722,-0.00199890137
b/tail/h1,b,tail,h1,4,53,-0.00817616509,-0.00299835205
b/tail/h1,b,tail,h1,4,54,-0.00474325024,-0.00299835205
b/tail/h1,b,tail,h1,4,55,-0.0165280415,0.00199890137
b/tail/h1,b,tail,h1,4,56,0.0014835548,0.00399780273
b/tail/h1,b,tail,h1,4,57,0.011077673,0.00699615479
b/tail/h1,b,tail,h1,4,58,0.00873277204,0
b/tail/h1,b,tail,h1,4,59,-0.00442601593,-0.00199890137
b/tail/h1,b,tail,h1,4,60,-0.0102530284,-0.000999450684
b/tail/h1,b,tail,h1,4,61,-0.0234786958,0
b/tail/h1,b,tail,h1,4,62,0.00605231485,0.00499725342
b/tail/h1,b,tail,h1,4,63,-0.00873960407,-0.0059967041
b/tail/h1,b,tail,h1,5,0,0.00834774492,0.0050753355
b/tail/h1,b,tail,h1,5,1,0.00498756288,0.00207698345
b/tail/h1,b,tail,h1,5,2,0.00219503311,7.80820847e-05
b/tail/h1,b,tail,h1,5,3,0.00110655498,7.80820847e-05
b/tail/h1,b,tail,h1,5,4,-0.0128941714,-0.00491917133
b/tail/h1,b,tail,h1,5,5,-0.000960699879,-0.000921368599
b/tail/h1,b,tail,h1,5,6,0.0078317531,0.00107753277
b/tail/h1,b,tail,h1,5,7,0.0103237823,0.00207698345
b/tail/h1,b,tail,h1,5,8,0.00882431013,7.80820847e-05
b/tail/h1,b,tail,h1,5,9,-0.000231922735,-0.00192081928
b/tail/h1,b,tail,h1,5,10,0.010966678,0.00407588482
b/tail/h1,b,tail,h1,5,11,0.00270890292,0.00107753277
b/tail/h1,b,tail,h1,5,12,0.00638833256,0.00407588482
b/tail/h1,b,tail,h1,5,13,0.00495082173,-0.00192081928
b/tail/h1,b,tail,h1,5,14,-0.0295182589,-0.00292026997
b/tail/h1,b,tail,h1,5,15,0.00244408041,-0.00292026997
b/tail/h1,b,tail,h1,5,16,0.00601265892,0.00107753277
b/tail/h1,b,tail,h1,5,17,-0.000354358126,-0.000921368599
b/tail/h1,b,tail,h1,5,18,0.00825008364,-0.00391972065
b/tail/h1,b,tail,h1,5,19,-0.0119174501,-0.00292026997
b/tail/h1,b,tail,h1,5,20,0.00975444993,-0.00292026997
b/tail/h1,b,tail,h1,5,21,0.00621357128,0.00107753277
b/tail/h1,b,tail,h1,5,22,0.00814907147,0.00307643414
b/tail/h1,b,tail,h1,5,23,0.00443034839,0.00307643414
b/tail/h1,b,tail,h1,5,24,0.00975078238,0.0050753355
b/tail/h1,b,tail,h1,5,25,4.259251e-05,7.80820847e-05
b/tail/h1,b,tail,h1,5,26,-0.0286917441,-0.0069180727
b/tail/h1,b,tail,h1,5,27,-0.00440430328,-0.00192081928
b/tail/h1,b,tail,h1,5,28,-0.00524589712,0.00107753277
b/tail/h1,b,tail,h1,5,29,-0.00477107907,-0.00192081928
b/tail/h1,b,tail,h1,5,30,-0.0192725203,-0.00591862202
b/tail/h1,b,tail,h1,5,31,-0.0152095744,-0.00192081928
b/tail/h1,b,tail,h1,5,32,-0.0148984251,-0.00591862202
b/tail/h1,b,tail,h1,5,33,0.00470586248,7.80820847e-05
b/tail/h1,b,tail,h1,5,34,0.00888215225,0.00307643414
b/tail/h1,b,tail,h1,5,35,-0.00446861437,0.00207698345
b/tail/h1,b,tail,h1,5,36,-0.0084866105,-0.00192081928
b/tail/h1,b,tail,h1,5,37,0.0123239605,0.00707423687
b/tail/h1,b,tail,h1,5,38,-0.00498437196,-0.00192081928
b/tail/h1,b,tail,h1,5,39,-0.00605145669,-0.00292026997
b/tail/h1,b,tail,h1,5,40,0.00557745095,0.0050753355
b/tail/h1,b,tail,h1,5,41,0.00840401357,0.00307643414
b/tail/h1,b,tail,h1,5,42,0.00939121783,0.00307643414
b/tail/h1,b,tail,h1,5,43,0.00166419648,0.00107753277
b/tail/h1,b,tail,h1,5,44,0.00468104878,-0.00192081928
b/tail/h1,b,tail,h1,5,45,-0.00186640084,-0.000921368599
b/tail/h1,b,tail,h1,5,46,-0.00979689987,0.00107753277
b/tail/h1,b,tail,h1,5,47,0.00921328865,7.80820847e-05
b/tail/h1,b,tail,h1,5,48,-0.00286961546,-0.00292026997
b/tail/h1,b,tail,h1,5,49,-0.0228540056,-0.00891697407
b/tail/h1,b,tail,h1,5,50,-0.00198084129,-0.00292026997
b/tail/h1,b,tail,h1,5,51,-0.00443492796,0.00107753277
b/tail/h1,b,tail,h1,5,52,0.00634960305,0.00207698345
b/tail/h1,b,tail,h1,5,53,0.00602391675,0.00207698345
b/tail/h1,b,tail,h1,5,54,-0.00463747293,-0.000921368599
b/tail/h1,b,tail,h1,5,55,0.00946891714,0.00307643414
b/tail/h1,b,tail,h1,5,56,-0.0244426216,-0.00791752338
b/tail/h1,b,tail,h1,5,57,0.0103028606,0.00407588482
b/tail/h1,b,tail,h1,5,58,-0.00629902924,-0.00491917133
b/tail/h1,b,tail,h1,5,59,-0.00259268949,-0.00192081928
b/tail/h1,b,tail,h1,5,60,0.00601806898,0.00407588482
b/tail/h1,b,tail,h1,5,61,0.010137318,0.00407588482
b/tail/h1,b,tail,h1,5,62,0.0109013509,0.00607478619
b/tail/h1,b,tail,h1,5,63,0.00641161982,0.00407588482
b/tail/h1,b,tail,h1,6,0,0.00846195409,0.00357615948
b/tail/h1,b,tail,h1,6,1,-0.0258194408,-0.0114156008
b/tail/h1,b,tail,h1,6,2,-0.0149470996,-0.00441944599
b/tail/h1,b,tail,h1,6,3,-0.01810661,-0.00441944599
b/tail/h1,b,tail,h1,6,4,-0.0185327441,-0.00341999531
b/tail/h1,b,tail,h1,6,5,0.00539370907,0.000577807426
b/tail/h1,b,tail,h1,6,6,0.00957896841,0.000577807426
b/tail/h1,b,tail,h1,6,7,0.0067695887,0.00457561016
b/tail/h1,b,tail,h1,6,8,0.00966084005,0.00357615948
b/tail/h1,b,tail,h1,6,9,0.00527783857,0.00257670879
b/tail/h1,b,tail,h1,6,10,0.00866205573,0.00757396221
b/tail/h1,b,tail,h1,6,11,-0.00564535776,-0.00741779804
b/tail/h1,b,tail,h1,6,12,0.00959486888,0.00357615948
b/tail/h1,b,tail,h1,6,13,0.00908480446,0.000577807426
b/tail/h1,b,tail,h1,6,14,0.0102594202,-0.000421643257
b/tail/h1,b,tail,h1,6,15,0.0051824758,0.00257670879
b/tail/h1,b,tail,h1,6,16,0.00122107474,0.00157725811
b/tail/h1,b,tail,h1,6,17,-0.0186504582,-0.000421643257
b/tail/h1,b,tail,h1,6,18,-0.0211441852,-0.00641834736
b/tail/h1,b,tail,h1,6,19,0.00906356612,0.000577807426
b/tail/h1,b,tail,h1,6,20,-0.00661956401,0.00157725811
b/tail/h1,b,tail,h1,6,21,0.0074028033,-0.000421643257
b/tail/h1,b,tail,h1,6,22,0.00387469681,-0.00242054462
b/tail/h1,b,tail,h1,6,23,0.0128975413,0.00357615948
b/tail/h1,b,tail,h1,6,24,0.00921122731,-0.000421643257
b/tail/h1,b,tail,h1,6,25,0.00301501669,-0.000421643257
b/tail/h1,b,tail,h1,6,26,0.0125212646,0.00357615948
b/tail/h1,b,tail,h1,6,27,-0.0340922992,-0.00741779804
b/tail/h1,b,tail,h1,6,28,-0.0058149509,0.00157725811
b/tail/h1,b,tail,h1,6,29,0.00985174767,0.00357615948
b/tail/h1,b,tail,h1,6,30,-0.00575183796,-0.00341999531
b/tail/h1,b,tail,h1,6,31,-0.00141677631,0.00157725811
b/tail/h1,b,tail,h1,6,32,-0.00742407328,-0.00142109394
b/tail/h1,b,tail,h1,6,33,-0.00253764119,0.000577807426
b/tail/h1,b,tail,h1,6,34,0.00453554608,-0.00142109394
b/tail/h1,b,tail,h1,6,35,-0.00130940739,-0.00242054462
b/tail/h1,b,tail,h1,6,36,-0.000788084682,-0.00242054462
b/tail/h1,b,tail,h1,6,37,0.00716748463,0.00157725811
b/tail/h1,b,tail,h1,6,38,0.0062160846,0.00257670879
b/tail/h1,b,tail,h1,6,39,-0.0109926793,0.00257670879
b/tail/h1,b,tail,h1,6,40,0.0101142866,0.00157725811
b/tail/h1,b,tail,h1,6,41,0.0106275925,-0.000421643257
b/tail/h1,b,tail,h1,6,42,-0.0114802625,-0.00242054462
b/tail/h1,b,tail,h1,6,43,0.00839435357,0.00257670879
b/tail/h1,b,tail,h1,6,44,0.0013907049,-0.00242054462
b/tail/h1,b,tail,h1,6,45,0.0010370426,0.000577807426
b/tail/h1,b,tail,h1,6,46,-0.0245138071,-0.00341999531
b/tail/h1,b,tail,h1,6,47,0.00898973319,0.00357615948
b/tail/h1,b,tail,h1,6,48,-0.00802953121,-0.00242054462
b/tail/h1,b,tail,h1,6,49,0.0104561183,0.00557506084
b/tail/h1,b,tail,h1,6,50,0.00743070665,0.00357615948
b/tail/h1,b,tail,h1,6,51,0.0018268414,-0.00242054462
b/tail/h1,b,tail,h1,6,52,0.0019296026,-0.000421643257
b/tail/h1,b,tail,h1,6,53,0.00427688287,-0.00341999531
b/tail/h1,b,tail,h1,6,54,0.0122269667,0.00257670879
b/tail/h1,b,tail,h1,6,55,-0.0228695092,-0.00541889668
b/tail/h1,b,tail,h1,6,56,0.0101467036,0.00457561016
b/tail/h1,b,tail,h1,6,57,0.0101221549,0.00157725811
b/tail/h1,b,tail,h1,6,58,-0.0180434193,-0.00142109394
b/tail/h1,b,tail,h1,6,59,-0.00462962872,-0.00541889668
b/tail/h1,b,tail,h1,6,60,0.00718113409,0.0085734129
b/tail/h1,b,tail,h1,6,61,0.00318953629,0.00157725811
b/tail/h1,b,tail,h1,6,62,0.00775910403,0.000577807426
b/tail/h1,b,tail,h1,6,63,-0.0028446745,-0.00142109394
b/tail/h1,b,tail,h1,7,0,0.0100611751,0.00788629055
b/tail/h1,b,tail,h1,7,1,-0.0208574617,-0.00510656834
b/tail/h1,b,tail,h1,7,2,0.0122566829,0.0048879385
b/tail/h1,b,tail,h1,7,3,-0.0327305025,-0.0071054697
b/tail/h1,b,tail,h1,7,4,0.00896577961,-0.00310766697
b/tail/h1,b,tail,h1,7,5,0.0116811605,0.0048879385
b/tail/h1,b,tail,h1,7,6,0.00925610638,0.00188958645
b/tail/h1,b,tail,h1,7,7,-0.0309254224,-0.00510656834
b/tail/h1,b,tail,h1,7,8,0.00194946262,-0.0011087656
b/tail/h1,b,tail,h1,7,9,0.0139472243,0.00288903713
b/tail/h1,b,tail,h1,7,10,0.0134112104,0.00588738918
b/tail/h1,b,tail,h1,7,11,0.0127244983,0.0048879385
b/tail/h1,b,tail,h1,7,12,0.00769156269,0.00288903713
b/tail/h1,b,tail,h1,7,13,-0.0112329446,0.00188958645
b/tail/h1,b,tail,h1,7,14,-0.00266633272,-0.0011087656
b/tail/h1,b,tail,h1,7,15,0.000546522948,0.00188958645
b/tail/h1,b,tail,h1,7,16,-0.0104803671,-0.00610601902
b/tail/h1,b,tail,h1,7,17,0.00471341288,-0.00210821629
b/tail/h1,b,tail,h1,7,18,-0.00908826613,-0.00510656834
b/tail/h1,b,tail,h1,7,19,0.0101748785,0.0048879385
b/tail/h1,b,tail,h1,7,20,-0.00242037927,-0.000109314919
b/tail/h1,b,tail,h1,7,21,-0.00350204432,0.00188958645
b/tail/h1,b,tail,h1,7,22,-0.0267921774,-0.00810492039
b/tail/h1,b,tail,h1,7,23,0.005192122,0.00288903713
b/tail/h1,b,tail,h1,7,24,-0.011789679,-0.0071054697
b/tail/h1,b,tail,h1,7,25,-0.00729864599,-0.0011087656
b/tail/h1,b,tail,h1,7,26,0.00179736972,0.00288903713
b/tail/h1,b,tail,h1,7,27,0.00941690854,0.00188958645
b/tail/h1,b,tail,h1,7,28,-0.000205226665,-0.0071054697
b/tail/h1,b,tail,h1,7,29,-0.0167000531,-0.00410711765
b/tail/h1,b,tail,h1,7,30,0.00767977121,-0.000109314919
b/tail/h1,b,tail,h1,7,31,-0.0312781161,-0.0071054697
b/tail/h1,b,tail,h1,7,32,-0.00830803016,-0.00610601902
b/tail/h1,b,tail,h1,7,33,-0.0015142499,-0.0011087656
b/tail/h1,b,tail,h1,7,34,-0.0158932986,-0.00510656834
b/tail/h1,b,tail,h1,7,35,0.00964366509,0.00588738918
b/tail/h1,b,tail,h1,7,36,-0.00189761767,-0.0011087656
b/tail/h1,b,tail,h1,7,37,0.0109225871,0.0048879385
b/tail/h1,b,tail,h1,7,38,0.0103001693,0.00388848782
b/tail/h1,b,tail,h1,7,39,0.0132519943,0.00288903713
b/tail/h1,b,tail,h1,7,40,0.0107537876,0.00188958645
b/tail/h1,b,tail,h1,7,41,-0.0196431526,-0.00210821629
b/tail/h1,b,tail,h1,7,42,0.00302622146,0.0048879385
b/tail/h1,b,tail,h1,7,43,0.00405097245,0.00388848782
b/tail/h1,b,tail,h1,7,44,-0.0207284311,-0.00310766697
b/tail/h1,b,tail,h1,7,45,0.00362681648,-0.00210821629
b/tail/h1,b,tail,h1,7,46,0.0073291739,0.00188958645
b/tail/h1,b,tail,h1,7,47,-0.0110127558,-0.00510656834
b/tail/h1,b,tail,h1,7,48,0.00943270749,0.000890135765
b/tail/h1,b,tail,h1,7,49,0.00856855376,0.000890135765
b/tail/h1,b,tail,h1,7,50,-0.00568758459,-0.000109314919
b/tail/h1,b,tail,h1,7,51,0.0132727218,0.00588738918
b/tail/h1,b,tail,h1,7,52,-0.00763639571,0.000890135765
b/tail/h1,b,tail,h1,7,53,0.00795719265,-0.00410711765
b/tail/h1,b,tail,h1,7,54,0.00410025804,0.00188958645
b/tail/h1,b,tail,h1,7,55,0.0108453804,0.00588738918
b/tail/h1,b,tail,h1,7,56,0.00987127567,0.000890135765
b/tail/h1,b,tail,h1,7,57,0.0108809122,-0.000109314919
b/tail/h1,b,tail,h1,7,58,0.00854304111,-0.000109314919
b/tail/h1,b,tail,h1,7,59,0.0110319225,0.0048879385
b/tail/h1,b,tail,h1,7,60,-0.0048450152,-0.00410711765
b/tail/h1,b,tail,h1,7,61,0.00287997308,0.00388848782
b/tail/h1,b,tail,h1,7,62,-0.000564483416,0.000890135765
b/tail/h1,b,tail,h1,7,63,0.00394345871,-0.00610601902
b/tail/h1,b,tail,h1,8,0,-0.011540491,-0.00409150124
b/tail/h1,b,tail,h1,8,1,0.00451262452,-0.00309205055
b/tail/h1,b,tail,h1,8,2,-0.0126650676,-0.00409150124
b/tail/h1,b,tail,h1,8,3,-0.0154530714,-0.0170843601
b/tail/h1,b,tail,h1,8,4,-0.0443991814,-0.0130865574
b/tail/h1,b,tail,h1,8,5,-0.00997596334,-0.00409150124
b/tail/h1,b,tail,h1,8,6,0.00732032762,0.00890135765
b/tail/h1,b,tail,h1,8,7,-0.00373356819,-0.00509095192
b/tail/h1,b,tail,h1,8,8,0.00682611943,-0.00109314919
b/tail/h1,b,tail,h1,8,9,0.0133141998,0.0059030056
b/tail/h1,b,tail,h1,8,10,0.0160690776,0.00790190697
b/tail/h1,b,tail,h1,8,11,0.00863038672,0.0059030056
b/tail/h1,b,tail,h1,8,12,0.0102888143,0.000905752182
b/tail/h1,b,tail,h1,8,13,0.00593426002,0.00190520287
b/tail/h1,b,tail,h1,8,14,0.0156238602,0.00890135765
b/tail/h1,b,tail,h1,8,15,0.00751456053,0.00290465355
b/tail/h1,b,tail,h1,8,16,-0.0107968671,-0.00109314919
b/tail/h1,b,tail,h1,8,17,-0.00844077237,-0.00409150124
b/tail/h1,b,tail,h1,8,18,0.0118327699,0.00190520287
b/tail/h1,b,tail,h1,8,19,0.00387482525,0.00490355492
b/tail/h1,b,tail,h1,8,20,-0.00696652599,-0.0060904026
b/tail/h1,b,tail,h1,8,21,0.00367926427,0.00190520287
b/tail/h1,b,tail,h1,8,22,-0.0194494415,-0.0060904026
b/tail/h1,b,tail,h1,8,23,0.00205159204,0.00190520287
b/tail/h1,b,tail,h1,8,24,-0.00309999689,-0.00509095192
b/tail/h1,b,tail,h1,8,25,0.00627095059,-0.00708985329
b/tail/h1,b,tail,h1,8,26,0.00166415137,0.00490355492
b/tail/h1,b,tail,h1,8,27,-0.0020854071,-0.00309205055
b/tail/h1,b,tail,h1,8,28,0.00766321009,0.00690245628
b/tail/h1,b,tail,h1,8,29,0.0126385653,0.0059030056
b/tail/h1,b,tail,h1,8,30,0.00729017698,0.00690245628
b/tail/h1,b,tail,h1,8,31,-0.0236376608,-0.011087656
b/tail/h1,b,tail,h1,8,32,0.0140331005,0.0059030056
b/tail/h1,b,tail,h1,8,33,-0.0314915069,-0.0060904026
b/tail/h1,b,tail,h1,8,34,0.0143601654,-9.36985016e-05
b/tail/h1,b,tail,h1,8,35,0.00043751386,-0.00309205055
b/tail/h1,b,tail,h1,8,36,0.00154330039,-0.00209259987
b/tail/h1,b,tail,h1,8,37,-0.0175073741,0.000905752182
b/tail/h1,b,tail,h1,8,38,0.0104920533,0.000905752182
b/tail/h1,b,tail,h1,8,39,0.0116655041,0.0059030056
b/tail/h1,b,tail,h1,8,40,0.0117090416,0.0059030056
b/tail/h1,b,tail,h1,8,41,0.0077577214,0.00290465355
b/tail/h1,b,tail,h1,8,42,-0.0282279235,-0.00509095192
b/tail/h1,b,tail,h1,8,43,0.00610254792,-9.36985016e-05
b/tail/h1,b,tail,h1,8,44,-0.00201022771,-9.36985016e-05
b/tail/h1,b,tail,h1,8,45,-0.00662477484,-0.00309205055
b/tail/h1,b,tail,h1,8,46,-0.00725214469,-0.00309205055
b/tail/h1,b,tail,h1,8,47,-0.00927125297,-9.36985016e-05
b/tail/h1,b,tail,h1,8,48,0.0126772771,0.00490355492
b/tail/h1,b,tail,h1,8,49,0.00385614757,-0.00109314919
b/tail/h1,b,tail,h1,8,50,-0.0277945062,-0.00808930397
b/tail/h1,b,tail,h1,8,51,0.0105585418,0.000905752182
b/tail/h1,b,tail,h1,8,52,0.00911767751,0.000905752182
b/tail/h1,b,tail,h1,8,53,-0.00187156542,-0.00409150124
b/tail/h1,b,tail,h1,8,54,0.00483423698,-9.36985016e-05
b/tail/h1,b,tail,h1,8,55,0.0108241799,0.00990080833
b/tail/h1,b,tail,h1,8,56,-0.000495134685,0.000905752182
b/tail/h1,b,tail,h1,8,57,0.0151154701,0.00790190697
b/tail/h1,b,tail,h1,8,58,0.010639202,0.00190520287
b/tail/h1,b,tail,h1,8,59,-1.53862129e-05,-0.00209259987
b/tail/h1,b,tail,h1,8,60,0.0136804394,0.0059030056
b/tail/h1,b,tail,h1,8,61,-0.0155092865,-0.00808930397
b/tail/h1,b,tail,h1,8,62,0.0145684184,0.00790190697
b/tail/h1,b,tail,h1,8,63,-0.0166571772,-9.36985016e-05
b/tail/h1,b,tail,h1,9,0,0.00965614136,0.00156164169
b/tail/h1,b,tail,h1,9,1,-0.00876904946,-0.00743341446
b/tail/h1,b,tail,h1,9,2,0.00275765251,0.00356054306
b/tail/h1,b,tail,h1,9,3,-0.0225864734,-0.00643396378
b/tail/h1,b,tail,h1,9,4,-0.00400893452,-0.00343561172
b/tail/h1,b,tail,h1,9,5,0.000676655058,0.00356054306
b/tail/h1,b,tail,h1,9,6,-0.0106020571,-0.0104317665
b/tail/h1,b,tail,h1,9,7,0.0162824284,0.00955724716
b/tail/h1,b,tail,h1,9,8,-0.00690971516,-0.0124306679
b/tail/h1,b,tail,h1,9,9,-0.0161765396,-0.00643396378
b/tail/h1,b,tail,h1,9,10,-0.0178211184,-0.00343561172
b/tail/h1,b,tail,h1,9,11,0.00454584214,0.00555944443
b/tail/h1,b,tail,h1,9,12,-0.00676578019,-0.000437259674
b/tail/h1,b,tail,h1,9,13,0.00593627881,0.00256109238
b/tail/h1,b,tail,h1,9,14,-0.0147407401,-0.00443506241
b/tail/h1,b,tail,h1,9,15,0.00837304381,0.00256109238
b/tail/h1,b,tail,h1,9,16,0.0129133033,0.00655889511
b/tail/h1,b,tail,h1,9,17,0.0178862953,0.0115561485
b/tail/h1,b,tail,h1,9,18,-0.0133040316,-0.00443506241
b/tail/h1,b,tail,h1,9,19,-0.0742782188,-0.021425724
b/tail/h1,b,tail,h1,9,20,0.00945537662,-0.000437259674
b/tail/h1,b,tail,h1,9,21,0.0152598143,0.00755834579
b/tail/h1,b,tail,h1,9,22,0.0145386144,-0.00243616104
b/tail/h1,b,tail,h1,9,23,0.0127756445,0.00056219101
b/tail/h1,b,tail,h1,9,24,0.0116608328,0.00955724716
b/tail/h1,b,tail,h1,9,25,-0.0135857436,-0.00843286514
b/tail/h1,b,tail,h1,9,26,0.0118575625,0.00555944443
b/tail/h1,b,tail,h1,9,27,0.0176655993,0.00955724716
b/tail/h1,b,tail,h1,9,28,0.0130314416,0.00256109238
b/tail/h1,b,tail,h1,9,29,-0.011018769,-0.000437259674
b/tail/h1,b,tail,h1,9,30,0.0130167551,0.00356054306
b/tail/h1,b,tail,h1,9,31,0.012499607,0.00356054306
b/tail/h1,b,tail,h1,9,32,0.00781572874,0.00256109238
b/tail/h1,b,tail,h1,9,33,-0.0114294427,-0.00443506241
b/tail/h1,b,tail,h1,9,34,-0.0261648811,-0.00643396378
b/tail/h1,b,tail,h1,9,35,-0.0106143925,-0.000437259674
b/tail/h1,b,tail,h1,9,36,-0.00123765707,-0.00443506241
b/tail/h1,b,tail,h1,9,37,-0.0049366133,0.00455999374
b/tail/h1,b,tail,h1,9,38,0.00242262784,0.00156164169
b/tail/h1,b,tail,h1,9,39,0.00249041322,0.00156164169
b/tail/h1,b,tail,h1,9,40,-0.0348051956,-0.00243616104
b/tail/h1,b,tail,h1,9,41,0.0130842029,0.00555944443
b/tail/h1,b,tail,h1,9,42,0.0128379747,0.00455999374
b/tail/h1,b,tail,h1,9,43,-0.00808159277,-0.00643396378
b/tail/h1,b,tail,h1,9,44,0.0126441585,0.00256109238
b/tail/h1,b,tail,h1,9,45,0.0150436832,0.00156164169
b/tail/h1,b,tail,h1,9,46,0.000826163065,0.00256109238
b/tail/h1,b,tail,h1,9,47,0.00465091209,0.00056219101
b/tail/h1,b,tail,h1,9,48,-0.0102421559,-0.00343561172
b/tail/h1,b,tail,h1,9,49,0.00211650211,-0.000437259674
b/tail/h1,b,tail,h1,9,50,-0.0199296783,-0.0144295692
b/tail/h1,b,tail,h1,9,51,0.0126271451,0.00655889511
b/tail/h1,b,tail,h1,9,52,-0.0324799811,-0.00943231583
b/tail/h1,b,tail,h1,9,53,0.0132855781,0.00455999374
b/tail/h1,b,tail,h1,9,54,-0.0145411083,-0.00343561172
b/tail/h1,b,tail,h1,9,55,-0.00815258935,-0.00243616104
b/tail/h1,b,tail,h1,9,56,0.015806144,0.00855779648
b/tail/h1,b,tail,h1,9,57,0.0161937273,0.00655889511
b/tail/h1,b,tail,h1,9,58,0.00779449645,-0.00743341446
b/tail/h1,b,tail,h1,9,59,0.0136339709,0.00156164169
b/tail/h1,b,tail,h1,9,60,0.0138360205,0.00356054306
b/tail/h1,b,tail,h1,9,61,-0.00469002841,0.00156164169
b/tail/h1,b,tail,h1,9,62,0.0134574448,0.00056219101
b/tail/h1,b,tail,h1,9,63,0.0165167054,0.00755834579
